listing_id,changed_at,field,old_value,new_value
475850,2026-03-14T21:01:15.468254+00:00,start_date,2026-03-13,
475830,2026-03-14T21:01:15.468254+00:00,start_date,2026-03-13,
475829,2026-03-14T21:01:15.468254+00:00,sublocation,TELEKOM,PETROL
475829,2026-03-14T21:01:15.468254+00:00,description,"Iščejo komunikativni, samozavestni in energični osebi za delo v klicnem centru, na področju tekomunikacijskih storitev. Nudijo odlično priložnost za super zaslužek, dodatno stimulacijo in nove izkušnje! Podjetje zagotovi usposabljanje, mentorstvo, fleksibilen delovnik in možnost kasnejše redne zaposlitve. Pogoj je le dobro znanje slovenskega jezika. Če te delo zanima, jih za več informaciji pokliči ali piši.","Iščejo komunikativni, samozavestni in energični osebi za delo v klicnem centru, na področju energentov oziroma za dobavitelja elektrike. Nudijo odlično priložnost za super zaslužek, dodatno stimulacijo in nove izkušnje! Podjetje zagotovi usposabljanje, mentorstvo, fleksibilen delovnik in možnost kasnejše redne zaposlitve. Pogoj je le dobro znanje slovenskega jezika. Če te delo zanima, jih za več informaciji pokliči ali piši."
475822,2026-03-14T21:01:15.468254+00:00,start_date,2026-03-13,
475811,2026-03-14T21:01:15.468254+00:00,sublocation,,ENOTA RJAVA CESTA
475788,2026-03-14T21:01:15.468254+00:00,start_date,2026-03-13,
475785,2026-03-14T21:01:15.468254+00:00,start_date,2026-03-13,
475778,2026-03-14T21:01:15.468254+00:00,start_date,2026-03-13,
475746,2026-03-14T21:01:15.468254+00:00,start_date,2026-03-13,
475720,2026-03-14T21:01:15.468254+00:00,start_date,2026-03-13,
475707,2026-03-14T21:01:15.468254+00:00,start_date,2026-03-13,
475704,2026-03-14T21:01:15.468254+00:00,start_date,2026-03-13,
475702,2026-03-14T21:01:15.468254+00:00,start_date,2026-03-13,
475683,2026-03-14T21:01:15.468254+00:00,start_date,2026-03-13,
475682,2026-03-14T21:01:15.468254+00:00,description,"Iščejo pomoč v trgovini - skladišču. Gre za nabiranje in pakiranje spletnih naročil. Nekaj je fizičnega dela (nalaganje na police), večinoma pa si celo izmeno leteč/a in na nogah. Market obratuje med 7. 00 in 23. 30, vse dni v letu. Potrebujejo polnoletno osebo za občasno pomoč ob vikendih, zaželeno predvsem nedelje, ter ob praznikih (vključno prihajajoče prvomajske ter zelo zaželeno decembrske praznike).","Iščejo pomoč v trgovini - skladišču. Gre za nabiranje in pakiranje spletnih naročil. Nekaj je fizičnega dela (nalaganje na police), večinoma pa si celo izmeno leteč/a in na nogah. Market obratuje med 7. 00 in 23. 30, vse dni v letu. Potrebujejo polnoletno osebo za občasno pomoč ob vikendih, zaželeno predvsem nedelje, ter ob praznikih (vključno prihajajoče prvomajske)."
475659,2026-03-14T21:01:15.468254+00:00,start_date,2026-03-13,
475658,2026-03-14T21:01:15.468254+00:00,start_date,2026-03-13,
475648,2026-03-14T21:01:15.468254+00:00,start_date,2026-03-13,
475615,2026-03-14T21:01:15.468254+00:00,start_date,2026-03-14,
475594,2026-03-14T21:01:15.468254+00:00,start_date,2026-03-13,
475572,2026-03-14T21:01:15.468254+00:00,start_date,2026-03-13,
475458,2026-03-14T21:01:15.468254+00:00,start_date,2026-03-14,
475457,2026-03-14T21:01:15.468254+00:00,sublocation,,SLASCICARNA
475457,2026-03-14T21:01:15.468254+00:00,description,Iščejo osebo za pomoč v kuhinji slaščičarne. Zaželene izkušnje. Delo zajema pomivanje posode in pomoč glavnemu kuharju.,Iščejo osebo za pomoč v kuhinji slaščičarne. Zaželene izkušnje. Delo zajema pomoč pri proizvodnji slaščic in pomoč glavnemu kuharju.
475457,2026-03-14T21:01:15.468254+00:00,open_positions,,2
475450,2026-03-14T21:01:15.468254+00:00,start_date,2026-03-13,
475449,2026-03-14T21:01:15.468254+00:00,start_date,2026-03-13,
475320,2026-03-14T21:01:15.468254+00:00,start_date,2026-03-13,
475307,2026-03-14T21:01:15.468254+00:00,start_date,2026-03-14,
475305,2026-03-14T21:01:15.468254+00:00,start_date,2026-03-14,
475260,2026-03-14T21:01:15.468254+00:00,start_date,2026-03-14,
475241,2026-03-14T21:01:15.468254+00:00,start_date,2026-03-13,
475239,2026-03-14T21:01:15.468254+00:00,start_date,2026-03-13,
475210,2026-03-14T21:01:15.468254+00:00,start_date,2026-03-13,
475193,2026-03-14T21:01:15.468254+00:00,start_date,2026-03-13,
475190,2026-03-14T21:01:15.468254+00:00,start_date,2026-03-13,
475189,2026-03-14T21:01:15.468254+00:00,start_date,2026-03-13,
475035,2026-03-14T21:01:15.468254+00:00,company,OLGA GROMJAK ČOH S.P.,"TRGOVINA NA DROBNO MIRAME, OLGA GROMJAK ČOH S.P."
475031,2026-03-14T21:01:15.468254+00:00,description,"Iščejo fotografa (m/ž) z nasmehom – nekoga, ki zna ujeti otroški svet! So največje slovensko podjetje za šolsko fotografijo, z več kot 25-letno tradicijo in tisoči nasmejanih obrazov, ki jih vsako leto ujamejo v objektiv. V svojo ekipo vabijo mladega fotografa, ki ima ne le oko za kompozicijo, ampak tudi srce za delo z otroki. Potrebujejo osebo z osnovnim ali naprednim znanjem fotografije (lahko tudi samouka!).","Iščejo fotografa (m/ž) z nasmehom – nekoga, ki zna ujeti otroški svet! So največje slovensko podjetje za šolsko fotografijo, z več kot 25-letno tradicijo in tisoči nasmejanih obrazov, ki jih vsako leto ujamejo v objektiv. V svojo ekipo vabijo mladega fotografa, ki ima ne le oko za kompozicijo, ampak tudi srce za delo z otroki. Potrebujejo osebo z osnovnim ali naprednim znanjem fotografije (lahko tudi samouka!). Potrebna je fizična moč za prenos celotne opreme, potrebne za delo."
475013,2026-03-14T21:01:15.468254+00:00,start_date,2026-03-13,
474845,2026-03-14T21:01:15.468254+00:00,start_date,2026-03-13,
474706,2026-03-14T21:01:15.468254+00:00,start_date,2026-03-14,
474670,2026-03-14T21:01:15.468254+00:00,start_date,2026-03-14,
472021,2026-03-14T21:01:15.468254+00:00,hourly_rate_neto,7.74,8.17
472021,2026-03-14T21:01:15.468254+00:00,hourly_rate_bruto,9.0,9.5
472021,2026-03-14T21:01:15.468254+00:00,hourly_rate_from,7.74 €/h neto (9.00 €/h bruto),8.17 €/h neto (9.50 €/h bruto)
475605,2026-03-15T22:29:50.872560+00:00,start_date,2026-03-15,
475603,2026-03-15T22:29:50.872560+00:00,start_date,2026-03-15,
475154,2026-03-15T22:29:50.872560+00:00,start_date,2026-03-15,
475035,2026-03-15T22:29:50.872560+00:00,start_date,2026-03-15,
474855,2026-03-15T22:29:50.872560+00:00,start_date,2026-03-15,
474744,2026-03-15T22:29:50.872560+00:00,start_date,2026-03-15,
474739,2026-03-15T22:29:50.872560+00:00,start_date,2026-03-15,
474311,2026-03-15T22:29:50.872560+00:00,start_date,2026-03-15,
473273,2026-03-15T22:29:50.872560+00:00,start_date,2026-03-15,
475933,2026-03-16T20:01:33.242608+00:00,start_date,2026-03-16,
475932,2026-03-16T20:01:33.242608+00:00,description,"Delo obsega montažo prezračevalnih kanalov, izdelavo prezračevalnih kanalov iz pocinkane pločevine v delavnici, montažo in servis klimatskih naprav, vezavo vseh elementov prezračevanja, vezavo elektronike in zagon. Ne pričakujejo izkušenj. Pričakujejo le delavnost, zanesljivost in vestnost. Če te delo veseli in se izkažeš, ti ponujajo možnost, da postaneš polnopraven del njihove ekipe.","Delo obsega montažo prezračevalnih kanalov, izdelavo prezračevalnih kanalov iz pocinkane pločevine v delavnici, montažo in servis klimatskih naprav, vezavo vseh elementov prezračevanja, vezavo elektronike in zagon. Ne pričakujejo izkušenj. Pričakujejo le delavnost, zanesljivost in vestnost. Če te delo veseli in se izkažeš, ti ponujajo možnost, da postaneš polnopraven del njihove ekipe. Dela se med tednom (po potrebi in dogovoru), vikendi so prosti."
475931,2026-03-16T20:01:33.242608+00:00,hourly_rate_neto,8.0,9.0
475931,2026-03-16T20:01:33.242608+00:00,hourly_rate_bruto,9.3,10.46
475931,2026-03-16T20:01:33.242608+00:00,hourly_rate_from,8.00 €/h neto (9.30 €/h bruto),9.00 €/h neto (10.46 €/h bruto)
475929,2026-03-16T20:01:33.242608+00:00,start_date,2026-03-16,
475923,2026-03-16T20:01:33.242608+00:00,start_date,2026-03-16,
475919,2026-03-16T20:01:33.242608+00:00,start_date,2026-03-16,
475914,2026-03-16T20:01:33.242608+00:00,start_date,2026-03-16,
475912,2026-03-16T20:01:33.242608+00:00,start_date,2026-03-16,
475906,2026-03-16T20:01:33.242608+00:00,start_date,2026-03-16,
475904,2026-03-16T20:01:33.242608+00:00,title,BLAGAJNIK,DELO S STRANKAMI
475904,2026-03-16T20:01:33.242608+00:00,description,"V mladem kolektivu iščejo polnoletni osebi za delo na blagajni pri spodnji postaji nihalke. Pogoji: izkušenost, natančnost, samostojnost, iznajdljivost, zanesljivost, veselje do dela, poznavanje tujih jezikov (angleščina obvezna), izkušnje z gotovinskim poslovanjem in delom z ljudmi. Delo poteka med tednom, vikende in praznike in po dogovoru in potrebi.","V mladem kolektivu iščejo polnoletni osebi za delo na blagajni pri spodnji postaji nihalke. Pogoji: izkušenost, natančnost, samostojnost, iznajdljivost, zanesljivost, veselje do dela, poznavanje tujih jezikov (angleščina obvezna), izkušnje z gotovinskim poslovanjem in delom z ljudmi. Delo poteka med tednom, vikende in praznike in po dogovoru in potrebi. Urna postavka je prilagodljiva glede na znanje, izkušnje."
475904,2026-03-16T20:01:33.242608+00:00,open_positions,2,3
475897,2026-03-16T20:01:33.242608+00:00,start_date,2026-03-16,
475895,2026-03-16T20:01:33.242608+00:00,start_date,2026-03-16,
475888,2026-03-16T20:01:33.242608+00:00,start_date,2026-03-16,
475887,2026-03-16T20:01:33.242608+00:00,start_date,2026-03-16,
475885,2026-03-16T20:01:33.242608+00:00,start_date,2026-03-16,
475881,2026-03-16T20:01:33.242608+00:00,start_date,2026-03-16,
475880,2026-03-16T20:01:33.242608+00:00,start_date,2026-03-16,
475878,2026-03-16T20:01:33.242608+00:00,start_date,2026-03-16,
475867,2026-03-16T20:01:33.242608+00:00,start_date,2026-03-16,
475854,2026-03-16T20:01:33.242608+00:00,start_date,2026-03-16,
475851,2026-03-16T20:01:33.242608+00:00,hourly_rate_neto,,8.0
475851,2026-03-16T20:01:33.242608+00:00,hourly_rate_bruto,,9.3
475851,2026-03-16T20:01:33.242608+00:00,hourly_rate_from,PO DOGOVORU.,8.00 €/h neto (9.30 €/h bruto)
475851,2026-03-16T20:01:33.242608+00:00,payment_type,NEGOTIABLE,HOURLY
475851,2026-03-16T20:01:33.242608+00:00,description,"V prijeten kolektiv vabijo energične in prijazne študente/ke za pomoč med malicami in občasno popoldansko delo. Izkušnje niso pogoj, so pa zaželene.","V prijeten kolektiv vabijo energične in prijazne študente/ke za pomoč med malicami in občasno popoldansko delo. Izkušnje niso pogoj, so pa zaželene. Najniža urna postavka je 9,3 € bruto, z uspešnim delom pa se tudi poviša."
475851,2026-03-16T20:01:33.242608+00:00,start_date,2026-03-13,
475849,2026-03-16T20:01:33.242608+00:00,start_date,2026-03-16,
475844,2026-03-16T20:01:33.242608+00:00,start_date,2026-03-16,
475836,2026-03-16T20:01:33.242608+00:00,start_date,2026-03-16,
475833,2026-03-16T20:01:33.242608+00:00,start_date,2026-03-16,
475827,2026-03-16T20:01:33.242608+00:00,start_date,2026-03-16,
475823,2026-03-16T20:01:33.242608+00:00,start_date,2026-03-16,
475817,2026-03-16T20:01:33.242608+00:00,start_date,2026-03-16,
475811,2026-03-16T20:01:33.242608+00:00,start_date,2026-03-16,
475806,2026-03-16T20:01:33.242608+00:00,start_date,2026-03-16,
475804,2026-03-16T20:01:33.242608+00:00,start_date,2026-03-16,
475800,2026-03-16T20:01:33.242608+00:00,start_date,2026-03-16,
475799,2026-03-16T20:01:33.242608+00:00,start_date,2026-03-16,
475795,2026-03-16T20:01:33.242608+00:00,start_date,2026-03-16,
475775,2026-03-16T20:01:33.242608+00:00,start_date,2026-03-16,
475774,2026-03-16T20:01:33.242608+00:00,start_date,2026-03-16,
475773,2026-03-16T20:01:33.242608+00:00,start_date,2026-03-16,
475771,2026-03-16T20:01:33.242608+00:00,start_date,2026-03-16,
475755,2026-03-16T20:01:33.242608+00:00,duration,"SREDA, 25. 3. 2026",DLJE ČASA (ZAČ. IN OBČ. DELO)
475752,2026-03-16T20:01:33.242608+00:00,start_date,2026-03-16,
475750,2026-03-16T20:01:33.242608+00:00,start_date,2026-03-16,
475747,2026-03-16T20:01:33.242608+00:00,start_date,2026-03-16,
475731,2026-03-16T20:01:33.242608+00:00,start_date,2026-03-16,
475730,2026-03-16T20:01:33.242608+00:00,start_date,2026-03-16,
475727,2026-03-16T20:01:33.242608+00:00,start_date,2026-03-16,
475719,2026-03-16T20:01:33.242608+00:00,start_date,2026-03-16,
475706,2026-03-16T20:01:33.242608+00:00,start_date,2026-03-16,
475700,2026-03-16T20:01:33.242608+00:00,start_date,2026-03-16,
475699,2026-03-16T20:01:33.242608+00:00,start_date,2026-03-16,
475694,2026-03-16T20:01:33.242608+00:00,description,Iščejo polnoletne kandidate/ke za opravljanje lažjih del v mizarski delavnici. Pričetek dela od 7. 00 dalje. Nudijo toplo malico.,Iščejo polnoletne kandidate/ke za opravljanje lažjih del v mizarski delavnici. Pričetek dela od 7. 00 dalje. Nudijo toplo malico. Pogoj je znanje slovernskega jezika.
475681,2026-03-16T20:01:33.242608+00:00,start_date,2026-03-16,
475667,2026-03-16T20:01:33.242608+00:00,start_date,2026-03-16,
475652,2026-03-16T20:01:33.242608+00:00,start_date,2026-03-16,
475645,2026-03-16T20:01:33.242608+00:00,start_date,2026-03-16,
475644,2026-03-16T20:01:33.242608+00:00,start_date,2026-03-16,
475621,2026-03-16T20:01:33.242608+00:00,start_date,2026-03-16,
475617,2026-03-16T20:01:33.242608+00:00,start_date,2026-03-16,
475614,2026-03-16T20:01:33.242608+00:00,start_date,2026-03-16,
475613,2026-03-16T20:01:33.242608+00:00,start_date,2026-03-16,
475607,2026-03-16T20:01:33.242608+00:00,start_date,2026-03-16,
475606,2026-03-16T20:01:33.242608+00:00,start_date,2026-03-16,
475587,2026-03-16T20:01:33.242608+00:00,start_date,2026-03-16,
475586,2026-03-16T20:01:33.242608+00:00,start_date,2026-03-16,
475582,2026-03-16T20:01:33.242608+00:00,start_date,2026-03-16,
475577,2026-03-16T20:01:33.242608+00:00,start_date,2026-03-16,
475576,2026-03-16T20:01:33.242608+00:00,start_date,2026-03-16,
475574,2026-03-16T20:01:33.242608+00:00,start_date,2026-03-16,
475564,2026-03-16T20:01:33.242608+00:00,start_date,2026-03-16,
475554,2026-03-16T20:01:33.242608+00:00,start_date,2026-03-16,
475552,2026-03-16T20:01:33.242608+00:00,start_date,2026-03-16,
475523,2026-03-16T20:01:33.242608+00:00,description,"Iščejo motivirane jezikoslovce z najmanj 1. zaključeno stopnjo študija in izkušnjami s poučevanjem iz slovenskega jezika. Nudijo priložnost za delo v mednarodnem okolju, pridobivanje izkušenj s posamezniki, skupinami in podjetji po vsej Sloveniji. Plačilo je po učni uri in se prilagaja zahtevnosti posameznega projekta in izkušenosti študenta/ke, urnik pa je po dogovoru.","POUČEVANJE SLOVENŠČINE - Iščejo motivirane jezikoslovce z najmanj 1. zaključeno stopnjo študija in izkušnjami s poučevanjem slovenskega jezika. Nudijo priložnost za delo v mednarodnem okolju, pridobivanje izkušenj s posamezniki, skupinami in podjetji po vsej Sloveniji. Plačilo je po učni uri (45 min) in se prilagaja zahtevnosti posameznega projekta in izkušenosti študenta/ke. Urnik po dogovoru."
475523,2026-03-16T20:01:33.242608+00:00,start_date,2026-03-16,
475522,2026-03-16T20:01:33.242608+00:00,start_date,2026-03-16,
475512,2026-03-16T20:01:33.242608+00:00,start_date,2026-03-16,
475509,2026-03-16T20:01:33.242608+00:00,start_date,2026-03-16,
475504,2026-03-16T20:01:33.242608+00:00,start_date,2026-03-16,
475494,2026-03-16T20:01:33.242608+00:00,start_date,2026-03-16,
475492,2026-03-16T20:01:33.242608+00:00,start_date,2026-03-16,
475479,2026-03-16T20:01:33.242608+00:00,start_date,2026-03-16,
475473,2026-03-16T20:01:33.242608+00:00,start_date,2026-03-16,
475466,2026-03-16T20:01:33.242608+00:00,start_date,2026-03-16,
475462,2026-03-16T20:01:33.242608+00:00,start_date,2026-03-16,
475443,2026-03-16T20:01:33.242608+00:00,start_date,2026-03-16,
475442,2026-03-16T20:01:33.242608+00:00,start_date,2026-03-16,
475437,2026-03-16T20:01:33.242608+00:00,start_date,2026-03-16,
475430,2026-03-16T20:01:33.242608+00:00,start_date,2026-03-15,2026-04-01
475399,2026-03-16T20:01:33.242608+00:00,start_date,2026-03-16,
475344,2026-03-16T20:01:33.242608+00:00,start_date,2026-03-16,
475334,2026-03-16T20:01:33.242608+00:00,start_date,2026-03-16,
475298,2026-03-16T20:01:33.242608+00:00,start_date,2026-03-16,
475287,2026-03-16T20:01:33.242608+00:00,start_date,2026-03-16,
475286,2026-03-16T20:01:33.242608+00:00,start_date,2026-03-16,
475274,2026-03-16T20:01:33.242608+00:00,start_date,2026-03-16,
475273,2026-03-16T20:01:33.242608+00:00,start_date,2026-03-16,
475268,2026-03-16T20:01:33.242608+00:00,start_date,2026-03-16,
475261,2026-03-16T20:01:33.242608+00:00,start_date,2026-03-16,
475256,2026-03-16T20:01:33.242608+00:00,title,STREŽBA,STREŽBA HRANE IN PIJAČE
475256,2026-03-16T20:01:33.242608+00:00,location,"PREDDVOR, BREŠKA POT 2A","PREDDVOR, BRESKA POT 2A"
475256,2026-03-16T20:01:33.242608+00:00,hourly_rate_neto,8.0,8.5
475256,2026-03-16T20:01:33.242608+00:00,hourly_rate_bruto,9.3,9.88
475256,2026-03-16T20:01:33.242608+00:00,hourly_rate_from,8.00 €/h neto (9.30 €/h bruto),8.50 €/h neto (9.88 €/h bruto)
475256,2026-03-16T20:01:33.242608+00:00,work_schedule,IZMENSKO,PO DOGOVORU
475255,2026-03-16T20:01:33.242608+00:00,start_date,2026-03-16,
475237,2026-03-16T20:01:33.242608+00:00,description,"Ponujajo delo, kjer boš: komuniciral/a s strankami po telefonu, odgovarjal/a na e-pošto, podajal/a informacije in nudil/a pomoč uporabnikom – brez prodaje in brez pritiska. Pogoj je suvereno pisno in ustno znanje hrvaškega jezika.","Ponujajo delo, kjer boš: komuniciral/a s strankami po telefonu, odgovarjal/a na e-pošto, podajal/a informacije in nudil/a pomoč uporabnikom pri vprašanjih – brez prodaje in brez pritiska, samo dobra komunikacija in pomoč ljudem. Pogoj je suvereno pisno in ustno znanje hrvaškega jezika."
475235,2026-03-16T20:01:33.242608+00:00,start_date,2026-03-16,
475228,2026-03-16T20:01:33.242608+00:00,start_date,2026-03-16,
475213,2026-03-16T20:01:33.242608+00:00,start_date,2026-03-16,
475166,2026-03-16T20:01:33.242608+00:00,start_date,2026-03-16,
475162,2026-03-16T20:01:33.242608+00:00,start_date,2026-03-16,
475124,2026-03-16T20:01:33.242608+00:00,start_date,2026-03-16,
475123,2026-03-16T20:01:33.242608+00:00,start_date,2026-03-16,
475087,2026-03-16T20:01:33.242608+00:00,start_date,2026-03-16,
475082,2026-03-16T20:01:33.242608+00:00,start_date,2026-03-16,
475030,2026-03-16T20:01:33.242608+00:00,sublocation,,RIBIŠKI DOM VELENJE
475030,2026-03-16T20:01:33.242608+00:00,hourly_rate_neto,8.0,9.0
475030,2026-03-16T20:01:33.242608+00:00,hourly_rate_bruto,9.3,10.46
475030,2026-03-16T20:01:33.242608+00:00,hourly_rate_from,8.00 €/h neto (9.30 €/h bruto),9.00 €/h neto (10.46 €/h bruto)
475030,2026-03-16T20:01:33.242608+00:00,description,"Iščejo osebi z izkušnjami v strežbi. Zaželeno je, da je kandidat/ka samostojen/a, zanesljiv/a in ima veselje do dela z ljudmi. Če imaš izkušnje v strežbi in si želiš dela v prijetnem okolju, jim piši na mail ali izpolni e-prijavo.","Iščejo osebi z izkušnjami v strežbi. Zaželeno je, da je kandidat/ka samostojen/a, zanesljiv/a in ima veselje do dela z ljudmi. Dela se predvsem ob vikendi, po potrebi in dogovoru. Če imaš izkušnje v strežbi in si želiš dela v prijetnem okolju, jim piši na mail ali izpolni e-prijavo."
475030,2026-03-16T20:01:33.242608+00:00,work_schedule,PO DOGOVORU,MED VIKENDI
474991,2026-03-16T20:01:33.242608+00:00,start_date,2026-03-16,
474982,2026-03-16T20:01:33.242608+00:00,start_date,2026-03-16,
474979,2026-03-16T20:01:33.242608+00:00,start_date,2026-03-16,
474932,2026-03-16T20:01:33.242608+00:00,company,"Gostinstvo, Nika Matuš s.p.","GOSTINSTVO, NIKA MATUŠ S.P."
474875,2026-03-16T20:01:33.242608+00:00,start_date,2026-03-16,
474838,2026-03-16T20:01:33.242608+00:00,start_date,2026-03-16,
474721,2026-03-16T20:01:33.242608+00:00,start_date,2026-03-16,
474712,2026-03-16T20:01:33.242608+00:00,description,"Kavarna potrebuje študenta/ko za delo v strežbi. Strežba toplih in hladnih napitkov, slaščic in prigrizkov. Izkušnje so pogoj. Delo poteka predvsem v dopoldanskem času, občasno tudi popoldan, delovnik po dogovoru s podjetjem. Nudijo mirno in prijetno delovno okolje.","Kavarna potrebuje študenta/ko za delo v strežbi. Strežba toplih in hladnih napitkov, slaščic in prigrizkov. Izkušnje so pogoj. Delo poteka dvoizmensko, delovnik po dogovoru s podjetjem. Nudijo mirno in prijetno delovno okolje."
474700,2026-03-16T20:01:33.242608+00:00,start_date,2026-03-16,
474687,2026-03-16T20:01:33.242608+00:00,start_date,2026-03-16,
474614,2026-03-16T20:01:33.242608+00:00,start_date,2026-03-16,
474599,2026-03-16T20:01:33.242608+00:00,start_date,2026-03-16,
474574,2026-03-16T20:01:33.242608+00:00,start_date,2026-03-16,
474516,2026-03-16T20:01:33.242608+00:00,location,"BLED, CESTA SVOBODE 15","BLED, CESTA SVOBODE 15, HOTEL PARK"
474516,2026-03-16T20:01:33.242608+00:00,sublocation,"THAI CENTER, HOTEL PARK",THAI CENTER
474450,2026-03-16T20:01:33.242608+00:00,start_date,2026-03-16,
474445,2026-03-16T20:01:33.242608+00:00,start_date,2026-03-16,
474015,2026-03-16T20:01:33.242608+00:00,start_date,2026-03-16,
473872,2026-03-16T20:01:33.242608+00:00,start_date,2026-03-16,
473777,2026-03-16T20:01:33.242608+00:00,start_date,2026-03-16,
473378,2026-03-16T20:01:33.242608+00:00,start_date,2026-03-16,
471632,2026-03-16T20:01:33.242608+00:00,open_positions,,2
471615,2026-03-16T20:01:33.242608+00:00,hourly_rate_neto,7.74,8.61
471615,2026-03-16T20:01:33.242608+00:00,hourly_rate_bruto,9.0,10.0
471615,2026-03-16T20:01:33.242608+00:00,hourly_rate_from,7.74 €/h neto (9.00 €/h bruto),8.61 €/h neto (10.00 €/h bruto)
471484,2026-03-16T20:01:33.242608+00:00,start_date,2026-03-16,
471202,2026-03-16T20:01:33.242608+00:00,hourly_rate_neto,8.5,10.0
471202,2026-03-16T20:01:33.242608+00:00,hourly_rate_bruto,9.88,11.62
471202,2026-03-16T20:01:33.242608+00:00,hourly_rate_from,8.50 €/h neto (9.88 €/h bruto),10.00 €/h neto (11.62 €/h bruto)
458992,2026-03-16T20:01:33.242608+00:00,description,Iščejo študenta/ko za delo predavatelja/ice umetne inteligence in digitalnih kompetenc. Zaželjene izkušnje z izvajanjem izobraževanj s področja digitalnih kompetenc. Pošlji prijavo z navedenimi izkušnjami.,Iščejo študenta/ko za delo predavatelja/ice umetne inteligence in digitalnih kompetenc. Zaželene izkušnje z izvajanjem izobraževanj s področja digitalnih kompetenc. Pošlji prijavo z navedenimi izkušnjami.
446204,2026-03-16T20:01:33.242608+00:00,hourly_rate_neto,8.0,10.0
446204,2026-03-16T20:01:33.242608+00:00,hourly_rate_bruto,9.3,11.62
476198,2026-03-16T20:01:33.242608+00:00,hourly_rate_from,8.00 €/h neto (9.30 €/h bruto),10.00 €/h neto (11.62 €/h bruto)
430775,2026-03-16T20:01:33.242608+00:00,hourly_rate_neto,7.74,8.61
430775,2026-03-16T20:01:33.242608+00:00,hourly_rate_bruto,9.0,10.0
430775,2026-03-16T20:01:33.242608+00:00,hourly_rate_from,7.74 €/h neto (9.00 €/h bruto),8.61 €/h neto (10.00 €/h bruto)
476048,2026-03-17T17:40:10.238782+00:00,start_date,2026-03-17,
476030,2026-03-17T17:40:10.238782+00:00,start_date,2026-03-17,
476024,2026-03-17T17:40:10.238782+00:00,start_date,2026-03-17,
476023,2026-03-17T17:40:10.238782+00:00,start_date,2026-03-17,
475985,2026-03-17T17:40:10.238782+00:00,start_date,2026-03-17,
475984,2026-03-17T17:40:10.238782+00:00,start_date,2026-03-17,
475982,2026-03-17T17:40:10.238782+00:00,start_date,2026-03-17,
475946,2026-03-17T17:40:10.238782+00:00,start_date,2026-03-17,
475902,2026-03-17T17:40:10.238782+00:00,open_positions,3,
475902,2026-03-17T17:40:10.238782+00:00,start_date,2026-03-25,2026-04-25
475868,2026-03-17T17:40:10.238782+00:00,description,"V trgovskem centru deluje nova prodajalna domačega sladoleda na kepice. Za to delo potrebujejo prodajno naravnane in sposobne posameznike, ki imajo delovne navade, razvito motoriko dela in znajo počistiti (znajo uporabljati krpo, metlo in podobne predmete). Delo je srednje dinamično, lahko je zelo sproščeno in obenem zabavno.","Sladoledarna za sladoledno sezono 2026 potrebuje dijake/inje in študente/ke. Za to delo potrebujejo prodajno naravnane in sposobne posameznike, ki imajo delovne navade, razvito motoriko dela in znajo počistiti (znajo uporabljati krpo, metlo in podobne predmete). Delo je srednje dinamično, lahko je zelo sproščeno in obenem zabavno."
475856,2026-03-17T17:40:10.238782+00:00,hourly_rate_neto,8.1,8.8
475856,2026-03-17T17:40:10.238782+00:00,hourly_rate_bruto,9.41,10.23
475856,2026-03-17T17:40:10.238782+00:00,hourly_rate_from,8.10 €/h neto (9.41 €/h bruto),8.80 €/h neto (10.23 €/h bruto)
475856,2026-03-17T17:40:10.238782+00:00,start_date,2026-03-17,
475726,2026-03-17T17:40:10.238782+00:00,hourly_rate_neto,7.73,8.0
475726,2026-03-17T17:40:10.238782+00:00,hourly_rate_bruto,8.98,9.3
475726,2026-03-17T17:40:10.238782+00:00,hourly_rate_from,7.73 €/h neto (8.98 €/h bruto),8.00 €/h neto (9.30 €/h bruto)
475653,2026-03-17T17:40:10.238782+00:00,start_date,2026-03-17,
475476,2026-03-17T17:40:10.238782+00:00,start_date,2026-03-17,
475300,2026-03-17T17:40:10.238782+00:00,start_date,2026-03-17,
475299,2026-03-17T17:40:10.238782+00:00,start_date,2026-03-17,
475087,2026-03-17T17:40:10.238782+00:00,description,"Iščejo polnoletnega kandidata/ko, ki ima izkušnje s področja gostinstva in strežbe (pomoč pri organizaciji protokoloranih dogodkov). Delo bo potekalo po dogovoru tudi popoldne in občasno za vikende - po potrebi in dogovoru. Prošnjo z življenjepisom pošljite na e-naslov.","Iščejo polnoletnega kandidata/ko, ki ima izkušnje s področja gostinstva in strežbe. Delovni čas večinoma samo do 16. ure, po potrebi (občasno tudi kasneje). Prošnjo z življenjepisom pošljite na e-naslov."
475033,2026-03-17T17:40:10.238782+00:00,start_date,2026-03-17,
474941,2026-03-17T17:40:10.238782+00:00,title,FIZIČNA DELA,LAŽJA FIZIČNA DELA
474941,2026-03-17T17:40:10.238782+00:00,description,"Iščejo osebo za pomoč pri hišniških opravilih, ki lahko obsegajo tudi lažja do težja fizična opravila. Zaželeno je, da je oseba ročno in tehnično spretna. Delo se opravlja po večini od ponedeljka dalje v dopoldanskem času, po potrebi in dogovoru. Od kandidata/ke pričakujejo vozniški izpit B kategorije.","Iščejo osebo za pomoč pri hišniških opravilih, ki lahko obsegajo lažja fizična dela in pomoč pri administraciji. Zaželeno je, da je oseba ročno in tehnično spretna in ji ni tuje delo za računalnikom. Delo se opravlja po večini med ponedeljkom in petkom v dopoldanskem času. Od kandidata/ke pričakujejo vozniški izpit B kategorije."
474752,2026-03-17T17:40:10.238782+00:00,description,Pomoč v vulkanizerski delavnici v času sezone menjave gum. Zaželene so izkušnje pri menjavi gum in vzdrževanju vozil. Nudijo možnost priučitve.,Pomoč v vulkanizerski delavnici v času sezone menjave gum. Zaželene so izkušnje pri menjavi gum in vzdrževanju vozil. Izkušnje so zaželene. Nudijo možnost priučitve.
474599,2026-03-17T17:40:10.238782+00:00,start_date,,2026-04-01
476128,2026-03-18T10:40:17.118039+00:00,start_date,2026-03-18,
476123,2026-03-18T10:40:17.118039+00:00,start_date,2026-03-18,
476114,2026-03-18T10:40:17.118039+00:00,start_date,2026-03-18,
476112,2026-03-18T10:40:17.118039+00:00,start_date,2026-03-18,
476109,2026-03-18T10:40:17.118039+00:00,start_date,2026-03-18,
476100,2026-03-18T10:40:17.118039+00:00,duration,DO 23. 3. 2026,DO 25. 3. 2026
476100,2026-03-18T10:40:17.118039+00:00,start_date,2026-03-19,2026-03-23
476094,2026-03-18T10:40:17.118039+00:00,start_date,2026-03-18,
476092,2026-03-18T10:40:17.118039+00:00,start_date,2026-03-18,
476088,2026-03-18T10:40:17.118039+00:00,description,"Potrebujejo pomoč pri raznoraznih opravilih kot so zunanje ureditve, polaganje travne ruše, pomoč pri zemeljskih delih, pomoč pri zunanjem čiščenju, pomoč pri izdelavi namakalnih sistemov. Delo je občasno (parkrat tedensko), fizično naporno; v veliki meri se dela s stroji, tako da je potrebna pomoč tam, kjer stroj ne more narediti. Urna postavka do 17,43 € bruto. Zaželeno je, da so kandidati iz okolice Kamnika, Komende, Mengša in podobno. Pri delu je plačana malica in zagotovljen prevoz na delo.","Potrebujejo pomoč pri raznoraznih opravilih kot so zunanje ureditve, polaganje travne ruše, pomoč pri zemeljskih delih, pomoč pri zunanjem čiščenju, pomoč pri izdelavi namakalnih sistemov. Delo je občasno (parkrat tedensko), fizično delo; v veliki meri se dela s stroji, tako da je potrebna pomoč tam, kjer stroj ne more narediti. Urna postavka do 17,43 € bruto. Zaželeno je, da so kandidati iz okolice Kamnika, Komende, Mengša in podobno. Pri delu je plačana malica, zagotovljen prevoz na delo."
476088,2026-03-18T10:40:17.118039+00:00,work_schedule,POPOLDAN,DOPOLDAN
476083,2026-03-18T10:40:17.118039+00:00,start_date,2026-03-18,
476079,2026-03-18T10:40:17.118039+00:00,start_date,2026-03-18,
476068,2026-03-18T10:40:17.118039+00:00,start_date,2026-03-18,
476047,2026-03-18T10:40:17.118039+00:00,location,"KRANJ, CESTA 1. MAJA 77 - SUPERNOVA KRANJ","KRANJ, CESTA 1. MAJA 77, SUPERNOVA"
476047,2026-03-18T10:40:17.118039+00:00,description,"Iščejo polnoletnega študenta/ko za pomoč pri prodaji. Skrbel/a boš za urejenost trgovine, pomagal/a pri prevzemu in razporejanju blaga ter svetoval/a strankam. Pričakujejo zanesljivost in odgovornost, komunikativnost in prijaznost, veselje do dela s strankami in zanimanje za ure ter nakit.","Iščejo polnoletnega/o študenta/ko za pomoč pri prodaji. Skrbel/a boš za urejenost trgovine, pomagal/a pri prevzemu in razporejanju blaga ter svetoval/a strankam. Pričakujejo zanesljivost in odgovornost, komunikativnost in prijaznost, veselje do dela s strankami in zanimanje za ure ter nakit."
476046,2026-03-18T10:40:17.118039+00:00,start_date,2026-03-18,
476038,2026-03-18T10:40:17.118039+00:00,start_date,2026-03-18,
475993,2026-03-18T10:40:17.118039+00:00,start_date,2026-03-18,
475964,2026-03-18T10:40:17.118039+00:00,hourly_rate_neto,7.74,8.17
475964,2026-03-18T10:40:17.118039+00:00,hourly_rate_bruto,9.0,9.5
475964,2026-03-18T10:40:17.118039+00:00,hourly_rate_from,7.74 €/h neto (9.00 €/h bruto),8.17 €/h neto (9.50 €/h bruto)
475964,2026-03-18T10:40:17.118039+00:00,description,"Iščejo zanesljivega študenta/ko za delo v skladišču. Delo bo zajemalo: predvsem pakiranje naročil, pripravo in izdajo blaga, etiketiranje, razvrščanje izdelkov ter skrb za red in čistočo v skladišču. Pogoj: znanje slovenskega jezika, natančnost in zanesljivost. Zaželeno je poznavanje upravljanja z ročnim električnim viličarjem (in navadnim viličarjem).","Moderna spletna trgovina z ekološkimi čistili išče zanesljivega študenta/ko za delo v skladišču. Delo bo zajemalo: pakiranje naročil, pripravo in izdajo blaga, etiketiranje, razvrščanje izdelkov, skrb za red in čistočo v skladišču. Pogoj: znanje slovenskega jezika, natančnost in zanesljivost. Zaželeno je poznavanje upravljanja z ročnim električnim viličarjem (in navadnim viličarjem)."
475920,2026-03-18T10:40:17.118039+00:00,start_date,2026-03-18,
475876,2026-03-18T10:40:17.118039+00:00,start_date,2026-03-18,
475756,2026-03-18T10:40:17.118039+00:00,start_date,2026-03-18,
475699,2026-03-18T10:40:17.118039+00:00,description,"Pomagaj šolskim administratorjem pri uporabi spletne platforme. Delo vključuje odgovarjanje na vprašanja o dokumentaciji in funkcionalnostih prek klepeta v živo, pomoč pri osnovnih tehničnih težavah ter posredovanje zahtevnejših napak strokovnjakom. Pogoji: izobrazba s področja računalništva, informatike ali sorodnih smeri, tekoče znanje angleščine in sposobnost hitrega učenja. Nudijo plačan 45-minutni odmor in brezplačne pice ob petkih.","Pomagaj šolskim administratorjem pri uporabi spletne platforme. Delo vključuje odgovarjanje na vprašanja o dokumentaciji in funkcionalnostih prek klepeta v živo, pomoč pri osnovnih tehničnih težavah ter posredovanje zahtevnejših napak strokovnjakom. Pogoji: izobrazba s področja računalništva, informatike ali sorodnih smeri, tekoče znanje angleščine in sposobnost hitrega učenja."
475675,2026-03-18T10:40:17.118039+00:00,start_date,2026-03-18,
475621,2026-03-18T10:40:17.118039+00:00,description,"V prijetni lokalni trgovini s sadjem in zelenjavo iščejo študenta/ki za pomoč pri prodaji. Delo vključuje prodajo, delo na blagajni, skrb za urejenost trgovine ter prijazno komunikacijo z rednimi lokalnimi strankami. Zaželene so izkušnje v trgovini, komunikativnost, veselje do dela z ljudmi in natančnost. Zelo pomembno jim je ohranjanje pozitivnega odnosa z rednimi strankami. Delovni čas med 8. 00 in 18. 00, razpored po dogovoru.","V prijetni lokalni trgovini s sadjem in zelenjavo iščejo študenta/ki za pomoč pri prodaji. Delo vključuje prodajo, delo na blagajni, skrb za urejenost trgovine ter prijazno komunikacijo z rednimi lokalnimi strankami. Zaželene so izkušnje v trgovini, komunikativnost, veselje do dela z ljudmi in natančnost. Zelo pomembno jim je ohranjanje pozitivnega odnosa z rednimi strankami in nujno znanje slovenskega jezika. Delovni čas med 8. 00 in 18. 00, razpored po dogovoru."
475588,2026-03-18T10:40:17.118039+00:00,start_date,2026-03-18,
475540,2026-03-18T10:40:17.118039+00:00,start_date,2026-03-18,
475115,2026-03-18T10:40:17.118039+00:00,hourly_rate_neto,,8.5
475115,2026-03-18T10:40:17.118039+00:00,hourly_rate_bruto,,9.88
475115,2026-03-18T10:40:17.118039+00:00,hourly_rate_from,PO DOGOVORU,8.50 €/h neto (9.88 €/h bruto)
475115,2026-03-18T10:40:17.118039+00:00,payment_type,NEGOTIABLE,HOURLY
476184,2026-03-18T11:16:44.590731+00:00,duration,JUNIJ 2026 - OKTOBER 2026,DLJE ČASA (ZAČ. IN OBČ. DELO)
476193,2026-03-18T19:00:09.889413+00:00,description,"Center za izobraževanje, rehabilitacijo in usposabljanje išče študenta/ko (zaželeno) zaključnega letnika magistrskega študija specialno rehabilitacijske pedagogike, inkluzivne pedagogika ali socialne pedagogike. Delo v vzgojni skupini – pomoč vzgojitelju/ici pri izvajanju vzgojnega dela v popoldanskem času, predvidoma dvakrat tedensko ali po potrebi. Pričakujejo dobro strokovno znanje, odgovornost in veselje do dela z mladimi. Odlična priložnost za pridobivanje praktičnih delov. izkušenj","Center za izobraževanje, rehabilitacijo in usposabljanje išče študenta/ko (zaželeno) zaključnega letnika magistrskega študija specialno rehabilitacijske pedagogike, inkluzivne pedagogika ali socialne pedagogike. Delo v vzgojni skupini – pomoč vzgojitelju/ici pri izvajanju vzgojnega dela v popoldanskem času, predvidoma dvakrat tedensko ali po potrebi. Pričakujejo dobro strokovno znanje, odgovornost in veselje do dela z mladimi. Odlična priložnost za pridobivanje praktičnih delov. izkušenj."
475933,2026-03-18T19:00:09.889413+00:00,title,DELO V LABORATORIJU,GRADBENA DELA
475933,2026-03-18T19:00:09.889413+00:00,description,"Delo v laboratoriju, vzorčenje betona, delo z računalnikom, ipd.","Delo v laboratoriju z betonom in betonskimi mešanicami, vzorčenje betona, čiščenje kalupov za beton, delo z računalnikom, ipd."
475674,2026-03-18T19:00:09.889413+00:00,open_positions,5,6
475488,2026-03-18T19:00:09.889413+00:00,description,Podjetje išče primerne osebe za delo v strežbi. Poleg urne postavke si upravičen/a tudi do napitnine. Urnik se prilagaja šolskim obveznostim. Pogoj: izkušnje pri tovrstnem delu. Za prijavo na delo pošlji SMS.,Podjetje išče primerne osebe za delo v strežbi. Poleg urne postavke si upravičen/a tudi do napitnine. Urnik se prilagaja šolskim obveznostim. Zaželene izkušnje. Za prijavo na delo pošlji SMS.
474792,2026-03-18T19:00:09.889413+00:00,description,"Iščejo študenta/ko za pomoč strankam pri izbiri prehranskih dopolnil, zeliščnih pripravkov in drugih izdelkov, aktivna prodaja in skrb za zadovoljstvo kupcev, skrb za urejenost prodajnega prostora in pravilno označevanje izdelkov, delo z blagajno in vodenje osnovne prodajne dokumentacije, sodelovanje pri naročanju in prevzemu blaga.","Iščejo študenta/ko za pomoč strankam pri izbiri prehranskih dopolnil, zeliščnih pripravkov in drugih izdelkov, aktivna prodaja in skrb za zadovoljstvo kupcev, skrb za urejenost prodajnega prostora in pravilno označevanje izdelkov, delo z blagajno, sodelovanje pri naročanju in prevzemu blaga."
468905,2026-03-18T19:00:09.889413+00:00,hourly_rate_neto,8.2,8.4
468905,2026-03-18T19:00:09.889413+00:00,hourly_rate_bruto,9.53,9.76
468905,2026-03-18T19:00:09.889413+00:00,hourly_rate_from,8.20 €/h neto (9.53 €/h bruto),8.40 €/h neto (9.76 €/h bruto)
468905,2026-03-18T19:00:09.889413+00:00,description,Podjetje išče dve osebi za pomoč v strežbi. Zaželene so izkušnje s tovrstnim delom. Pogoj je znanje slovenskega jezika. Pomoč potrebujejo zlasti v popoldanskem času in med vikendi. Pošljite prijavo.,Podjetje išče dve polnoletni osebi za pomoč v strežbi. Zaželene so izkušnje s tovrstnim delom. Pogoj je znanje slovenskega jezika. Pomoč potrebujejo zlasti v popoldanskem času in med vikendi. Pošljite prijavo.
476228,2026-03-19T17:43:41.554990+00:00,normalized_city,,CELJE
476228,2026-03-19T17:43:41.554990+00:00,normalized_region,,SAVINJSKA
476227,2026-03-19T17:43:41.554990+00:00,normalized_city,,MARIBOR
476227,2026-03-19T17:43:41.554990+00:00,normalized_region,,PODRAVSKA
476226,2026-03-19T17:43:41.554990+00:00,normalized_city,,LJUBLJANA
476226,2026-03-19T17:43:41.554990+00:00,normalized_region,,OSREDNJESLOVENSKA
476223,2026-03-19T17:43:41.554990+00:00,normalized_city,,LJUBLJANA
476223,2026-03-19T17:43:41.554990+00:00,normalized_region,,OSREDNJESLOVENSKA
476223,2026-03-19T17:43:41.554990+00:00,start_date,2026-03-19,
476221,2026-03-19T17:43:41.554990+00:00,normalized_city,,MARIBOR
476221,2026-03-19T17:43:41.554990+00:00,normalized_region,,PODRAVSKA
476220,2026-03-19T17:43:41.554990+00:00,normalized_city,,MARIBOR
476220,2026-03-19T17:43:41.554990+00:00,normalized_region,,PODRAVSKA
476220,2026-03-19T17:43:41.554990+00:00,start_date,2026-03-19,
476219,2026-03-19T17:43:41.554990+00:00,normalized_city,,GROSUPLJE
476219,2026-03-19T17:43:41.554990+00:00,normalized_region,,OSREDNJESLOVENSKA
476218,2026-03-19T17:43:41.554990+00:00,normalized_city,,MARIBOR
476218,2026-03-19T17:43:41.554990+00:00,normalized_region,,PODRAVSKA
476216,2026-03-19T17:43:41.554990+00:00,normalized_city,,MARIBOR
476216,2026-03-19T17:43:41.554990+00:00,normalized_region,,PODRAVSKA
476213,2026-03-19T17:43:41.554990+00:00,normalized_city,,LJUBLJANA
476213,2026-03-19T17:43:41.554990+00:00,normalized_region,,OSREDNJESLOVENSKA
476212,2026-03-19T17:43:41.554990+00:00,normalized_city,,MARIBOR
476212,2026-03-19T17:43:41.554990+00:00,normalized_region,,PODRAVSKA
476211,2026-03-19T17:43:41.554990+00:00,normalized_city,,LJUBLJANA
476211,2026-03-19T17:43:41.554990+00:00,normalized_region,,OSREDNJESLOVENSKA
476210,2026-03-19T17:43:41.554990+00:00,normalized_city,,LJUBLJANA
476210,2026-03-19T17:43:41.554990+00:00,normalized_region,,OSREDNJESLOVENSKA
476209,2026-03-19T17:43:41.554990+00:00,normalized_city,,VELENJE
476209,2026-03-19T17:43:41.554990+00:00,normalized_region,,SAVINJSKA
476208,2026-03-19T17:43:41.554990+00:00,normalized_city,,TRNAVA
476208,2026-03-19T17:43:41.554990+00:00,normalized_region,,SAVINJSKA
476208,2026-03-19T17:43:41.554990+00:00,start_date,2026-03-19,
476207,2026-03-19T17:43:41.554990+00:00,normalized_city,,LJUBLJANA
476207,2026-03-19T17:43:41.554990+00:00,normalized_region,,OSREDNJESLOVENSKA
476206,2026-03-19T17:43:41.554990+00:00,normalized_city,,LJUBLJANA
476206,2026-03-19T17:43:41.554990+00:00,normalized_region,,OSREDNJESLOVENSKA
476205,2026-03-19T17:43:41.554990+00:00,normalized_city,,LJUBLJANA
476205,2026-03-19T17:43:41.554990+00:00,normalized_region,,OSREDNJESLOVENSKA
476204,2026-03-19T17:43:41.554990+00:00,normalized_city,,LJUBLJANA
476204,2026-03-19T17:43:41.554990+00:00,normalized_region,,OSREDNJESLOVENSKA
476202,2026-03-19T17:43:41.554990+00:00,normalized_city,,ŠKOFJA LOKA
476202,2026-03-19T17:43:41.554990+00:00,normalized_region,,GORENJSKA
476202,2026-03-19T17:43:41.554990+00:00,start_date,2026-03-19,
476201,2026-03-19T17:43:41.554990+00:00,normalized_city,,LJUBLJANA
476201,2026-03-19T17:43:41.554990+00:00,normalized_region,,OSREDNJESLOVENSKA
476200,2026-03-19T17:43:41.554990+00:00,normalized_city,,IZOLA/ISOLA
476200,2026-03-19T17:43:41.554990+00:00,normalized_region,,OBALNO-KRAŠKA
476198,2026-03-19T17:43:41.554990+00:00,normalized_city,,KRANJSKA GORA
476198,2026-03-19T17:43:41.554990+00:00,normalized_region,,GORENJSKA
476197,2026-03-19T17:43:41.554990+00:00,normalized_city,,MEDVODE
476197,2026-03-19T17:43:41.554990+00:00,normalized_region,,OSREDNJESLOVENSKA
476196,2026-03-19T17:43:41.554990+00:00,normalized_city,,LJUBLJANA
476196,2026-03-19T17:43:41.554990+00:00,normalized_region,,OSREDNJESLOVENSKA
476195,2026-03-19T17:43:41.554990+00:00,location,"CELJE, IPAVČEVA ULICA 22","CELJE, KERSNIKOVA 5"
476195,2026-03-19T17:43:41.554990+00:00,normalized_city,,CELJE
476195,2026-03-19T17:43:41.554990+00:00,normalized_region,,SAVINJSKA
476194,2026-03-19T17:43:41.554990+00:00,normalized_city,,CELJE
476194,2026-03-19T17:43:41.554990+00:00,normalized_region,,SAVINJSKA
476194,2026-03-19T17:43:41.554990+00:00,description,"Iščejo pilates inštruktorja (m/ž), ki bo s strankami izvajal individualno in semindividualno vadbo na reformerju. Delo se izvaja med tednom, v dopoldanskih in popoldanskih urah, po podogovru, v pilates studiu v Celju. Prednost imajo kineziologi, z vsaj enoletnimi izkušnjami vodenja vadb. Delo se začne v juniju, takoj po končanem uvajanju in izobraževanju STOTT Intensive Reformer, ki bo potekalo v maju in je za kandidata/ko plačano. Plačilo je od 20,00 €/h bruto dalje, odvisno od vadbe.","Iščejo pilates inštruktorja (m/ž), ki bo s strankami izvajal individualno in semindividualno vadbo na reformerju. Delo se izvaja med tednom, v dopoldanskih in popoldanskih urah, po dogovoru, v pilates studiu v Celju. Prednost imajo kineziologi (m/ž), z izkušnjami vodenja vadb. Delo se začne v juniju, takoj po končanem uvajanju in izobraževanju STOTT Intensive Reformer, ki bo potekalo v maju in je za kandidata/ko plačano. Plačilo je od 20,00 €/h bruto dalje, odvisno od vadbe. Prijave do 31. 3. ."
476194,2026-03-19T17:43:41.554990+00:00,start_date,2026-05-01,2026-06-01
476193,2026-03-19T17:43:41.554990+00:00,normalized_city,,KAMNIK
476193,2026-03-19T17:43:41.554990+00:00,normalized_region,,OSREDNJESLOVENSKA
476192,2026-03-19T17:43:41.554990+00:00,normalized_city,,LJUBLJANA
476192,2026-03-19T17:43:41.554990+00:00,normalized_region,,OSREDNJESLOVENSKA
476191,2026-03-19T17:43:41.554990+00:00,normalized_city,,ŠKOFJA LOKA
476191,2026-03-19T17:43:41.554990+00:00,normalized_region,,GORENJSKA
476190,2026-03-19T17:43:41.554990+00:00,normalized_city,,PODPLAT
476190,2026-03-19T17:43:41.554990+00:00,normalized_region,,SAVINJSKA
476189,2026-03-19T17:43:41.554990+00:00,normalized_city,,MARIBOR
476189,2026-03-19T17:43:41.554990+00:00,normalized_region,,PODRAVSKA
476188,2026-03-19T17:43:41.554990+00:00,normalized_city,,MARIBOR
476188,2026-03-19T17:43:41.554990+00:00,normalized_region,,PODRAVSKA
476187,2026-03-19T17:43:41.554990+00:00,normalized_city,,MARIBOR
476187,2026-03-19T17:43:41.554990+00:00,normalized_region,,PODRAVSKA
476186,2026-03-19T17:43:41.554990+00:00,normalized_city,,MARIBOR
476186,2026-03-19T17:43:41.554990+00:00,normalized_region,,PODRAVSKA
476185,2026-03-19T17:43:41.554990+00:00,normalized_city,,LJUBLJANA
476185,2026-03-19T17:43:41.554990+00:00,normalized_region,,OSREDNJESLOVENSKA
476184,2026-03-19T17:43:41.554990+00:00,normalized_city,,BOŠTANJ
476184,2026-03-19T17:43:41.554990+00:00,normalized_region,,POSAVSKA
476183,2026-03-19T17:43:41.554990+00:00,normalized_city,,LJUTOMER
476183,2026-03-19T17:43:41.554990+00:00,normalized_region,,POMURSKA
476182,2026-03-19T17:43:41.554990+00:00,normalized_city,,MARIBOR
476182,2026-03-19T17:43:41.554990+00:00,normalized_region,,PODRAVSKA
476181,2026-03-19T17:43:41.554990+00:00,normalized_city,,LJUBLJANA
476181,2026-03-19T17:43:41.554990+00:00,normalized_region,,OSREDNJESLOVENSKA
476179,2026-03-19T17:43:41.554990+00:00,normalized_city,,HRASTNIK
476179,2026-03-19T17:43:41.554990+00:00,normalized_region,,SAVINJSKA
476178,2026-03-19T17:43:41.554990+00:00,normalized_city,,LJUBLJANA
476178,2026-03-19T17:43:41.554990+00:00,normalized_region,,OSREDNJESLOVENSKA
476176,2026-03-19T17:43:41.554990+00:00,normalized_city,,HRASTNIK
476176,2026-03-19T17:43:41.554990+00:00,normalized_region,,SAVINJSKA
476175,2026-03-19T17:43:41.554990+00:00,normalized_city,,HRASTNIK
476175,2026-03-19T17:43:41.554990+00:00,normalized_region,,SAVINJSKA
476173,2026-03-19T17:43:41.554990+00:00,normalized_city,,CELJE
476173,2026-03-19T17:43:41.554990+00:00,normalized_region,,SAVINJSKA
476172,2026-03-19T17:43:41.554990+00:00,normalized_city,,BREZOVICA PRI LJUBLJANI
476172,2026-03-19T17:43:41.554990+00:00,normalized_region,,OSREDNJESLOVENSKA
476171,2026-03-19T17:43:41.554990+00:00,normalized_city,,MARIBOR
476171,2026-03-19T17:43:41.554990+00:00,normalized_region,,PODRAVSKA
476170,2026-03-19T17:43:41.554990+00:00,normalized_city,,ŠKOFLJICA
476170,2026-03-19T17:43:41.554990+00:00,normalized_region,,OSREDNJESLOVENSKA
476169,2026-03-19T17:43:41.554990+00:00,normalized_city,,BOVEC
476169,2026-03-19T17:43:41.554990+00:00,normalized_region,,GORIŠKA
476168,2026-03-19T17:43:41.554990+00:00,normalized_city,,NAKLO
476168,2026-03-19T17:43:41.554990+00:00,normalized_region,,JUGOVZHODNA SLOVENIJA
476167,2026-03-19T17:43:41.554990+00:00,normalized_city,,MARIBOR
476167,2026-03-19T17:43:41.554990+00:00,normalized_region,,PODRAVSKA
476166,2026-03-19T17:43:41.554990+00:00,normalized_city,,LJUBLJANA
476166,2026-03-19T17:43:41.554990+00:00,normalized_region,,OSREDNJESLOVENSKA
476165,2026-03-19T17:43:41.554990+00:00,normalized_city,,POSTOJNA
476165,2026-03-19T17:43:41.554990+00:00,normalized_region,,PRIMORSKO-NOTRANJSKA
476164,2026-03-19T17:43:41.554990+00:00,normalized_city,,BRESTERNICA
476164,2026-03-19T17:43:41.554990+00:00,normalized_region,,PODRAVSKA
476160,2026-03-19T17:43:41.554990+00:00,normalized_city,,RIBNICA
476160,2026-03-19T17:43:41.554990+00:00,normalized_region,,JUGOVZHODNA SLOVENIJA
476159,2026-03-19T17:43:41.554990+00:00,normalized_city,,LJUBLJANA
476159,2026-03-19T17:43:41.554990+00:00,normalized_region,,OSREDNJESLOVENSKA
476159,2026-03-19T17:43:41.554990+00:00,start_date,2026-03-19,
476158,2026-03-19T17:43:41.554990+00:00,normalized_city,,BOŠTANJ
476158,2026-03-19T17:43:41.554990+00:00,normalized_region,,POSAVSKA
476157,2026-03-19T17:43:41.554990+00:00,normalized_city,,LJUBLJANA
476157,2026-03-19T17:43:41.554990+00:00,normalized_region,,OSREDNJESLOVENSKA
476156,2026-03-19T17:43:41.554990+00:00,normalized_city,,LJUBLJANA
476156,2026-03-19T17:43:41.554990+00:00,normalized_region,,OSREDNJESLOVENSKA
476155,2026-03-19T17:43:41.554990+00:00,normalized_city,,BREZOVICA PRI LJUBLJANI
476155,2026-03-19T17:43:41.554990+00:00,normalized_region,,OSREDNJESLOVENSKA
476154,2026-03-19T17:43:41.554990+00:00,normalized_city,,LJUBLJANA
476154,2026-03-19T17:43:41.554990+00:00,normalized_region,,OSREDNJESLOVENSKA
476152,2026-03-19T17:43:41.554990+00:00,normalized_city,,ŽALEC
476152,2026-03-19T17:43:41.554990+00:00,normalized_region,,SAVINJSKA
476151,2026-03-19T17:43:41.554990+00:00,normalized_city,,CERKLJE NA GORENJSKEM
476151,2026-03-19T17:43:41.554990+00:00,normalized_region,,GORENJSKA
476150,2026-03-19T17:43:41.554990+00:00,normalized_city,,LJUBLJANA
476150,2026-03-19T17:43:41.554990+00:00,normalized_region,,OSREDNJESLOVENSKA
476149,2026-03-19T17:43:41.554990+00:00,normalized_city,,JARŠE
476149,2026-03-19T17:43:41.554990+00:00,normalized_region,,ZASAVSKA
476148,2026-03-19T17:43:41.554990+00:00,normalized_city,,LJUBLJANA
476148,2026-03-19T17:43:41.554990+00:00,normalized_region,,OSREDNJESLOVENSKA
476147,2026-03-19T17:43:41.554990+00:00,normalized_city,,LJUBLJANA
476147,2026-03-19T17:43:41.554990+00:00,normalized_region,,OSREDNJESLOVENSKA
476146,2026-03-19T17:43:41.554990+00:00,normalized_city,,LOGATEC
476146,2026-03-19T17:43:41.554990+00:00,normalized_region,,OSREDNJESLOVENSKA
476146,2026-03-19T17:43:41.554990+00:00,start_date,2026-03-19,
476145,2026-03-19T17:43:41.554990+00:00,normalized_city,,LJUBLJANA
476145,2026-03-19T17:43:41.554990+00:00,normalized_region,,OSREDNJESLOVENSKA
476144,2026-03-19T17:43:41.554990+00:00,normalized_city,,VRHNIKA
476144,2026-03-19T17:43:41.554990+00:00,normalized_region,,OSREDNJESLOVENSKA
476143,2026-03-19T17:43:41.554990+00:00,normalized_city,,FORMIN
476143,2026-03-19T17:43:41.554990+00:00,normalized_region,,PODRAVSKA
476142,2026-03-19T17:43:41.554990+00:00,normalized_city,,LJUBLJANA
476142,2026-03-19T17:43:41.554990+00:00,normalized_region,,OSREDNJESLOVENSKA
476140,2026-03-19T17:43:41.554990+00:00,normalized_city,,METLIKA
476140,2026-03-19T17:43:41.554990+00:00,normalized_region,,JUGOVZHODNA SLOVENIJA
476139,2026-03-19T17:43:41.554990+00:00,normalized_city,,LJUBLJANA
476139,2026-03-19T17:43:41.554990+00:00,normalized_region,,OSREDNJESLOVENSKA
476138,2026-03-19T17:43:41.554990+00:00,normalized_city,,LJUBLJANA
476138,2026-03-19T17:43:41.554990+00:00,normalized_region,,OSREDNJESLOVENSKA
476136,2026-03-19T17:43:41.554990+00:00,normalized_city,,LJUBLJANA
476136,2026-03-19T17:43:41.554990+00:00,normalized_region,,OSREDNJESLOVENSKA
476135,2026-03-19T17:43:41.554990+00:00,normalized_city,,PORTOROŽ/PORTOROSE
476135,2026-03-19T17:43:41.554990+00:00,normalized_region,,OBALNO-KRAŠKA
476134,2026-03-19T17:43:41.554990+00:00,normalized_city,,LJUBLJANA
476134,2026-03-19T17:43:41.554990+00:00,normalized_region,,OSREDNJESLOVENSKA
476133,2026-03-19T17:43:41.554990+00:00,normalized_city,,LJUBLJANA
476133,2026-03-19T17:43:41.554990+00:00,normalized_region,,OSREDNJESLOVENSKA
476132,2026-03-19T17:43:41.554990+00:00,normalized_city,,LJUBLJANA
476132,2026-03-19T17:43:41.554990+00:00,normalized_region,,OSREDNJESLOVENSKA
476130,2026-03-19T17:43:41.554990+00:00,normalized_city,,LJUBLJANA
476130,2026-03-19T17:43:41.554990+00:00,normalized_region,,OSREDNJESLOVENSKA
476129,2026-03-19T17:43:41.554990+00:00,normalized_city,,KRANJ
476129,2026-03-19T17:43:41.554990+00:00,normalized_region,,GORENJSKA
476127,2026-03-19T17:43:41.554990+00:00,normalized_city,,MARIBOR
476127,2026-03-19T17:43:41.554990+00:00,normalized_region,,PODRAVSKA
476125,2026-03-19T17:43:41.554990+00:00,normalized_city,,SVETI DUH
476125,2026-03-19T17:43:41.554990+00:00,normalized_region,,PRIMORSKO-NOTRANJSKA
476123,2026-03-19T17:43:41.554990+00:00,normalized_city,,MARIBOR
476123,2026-03-19T17:43:41.554990+00:00,normalized_region,,PODRAVSKA
476122,2026-03-19T17:43:41.554990+00:00,normalized_city,,PETROVČE
476122,2026-03-19T17:43:41.554990+00:00,normalized_region,,SAVINJSKA
476120,2026-03-19T17:43:41.554990+00:00,normalized_city,,KOPER/CAPODISTRIA
476120,2026-03-19T17:43:41.554990+00:00,normalized_region,,OBALNO-KRAŠKA
476119,2026-03-19T17:43:41.554990+00:00,normalized_city,,KRANJ
476119,2026-03-19T17:43:41.554990+00:00,normalized_region,,GORENJSKA
476118,2026-03-19T17:43:41.554990+00:00,normalized_city,,LJUBLJANA
476118,2026-03-19T17:43:41.554990+00:00,normalized_region,,OSREDNJESLOVENSKA
476116,2026-03-19T17:43:41.554990+00:00,normalized_city,,VIŠNJA GORA
476116,2026-03-19T17:43:41.554990+00:00,normalized_region,,OSREDNJESLOVENSKA
476115,2026-03-19T17:43:41.554990+00:00,normalized_city,,ČEPLJE
476115,2026-03-19T17:43:41.554990+00:00,normalized_region,,SAVINJSKA
476114,2026-03-19T17:43:41.554990+00:00,normalized_city,,LJUBLJANA
476114,2026-03-19T17:43:41.554990+00:00,normalized_region,,OSREDNJESLOVENSKA
476113,2026-03-19T17:43:41.554990+00:00,normalized_city,,VODICE
476113,2026-03-19T17:43:41.554990+00:00,normalized_region,,OSREDNJESLOVENSKA
476112,2026-03-19T17:43:41.554990+00:00,normalized_city,,LJUBLJANA
476112,2026-03-19T17:43:41.554990+00:00,normalized_region,,OSREDNJESLOVENSKA
476111,2026-03-19T17:43:41.554990+00:00,normalized_city,,LJUBLJANA
476111,2026-03-19T17:43:41.554990+00:00,normalized_region,,OSREDNJESLOVENSKA
476110,2026-03-19T17:43:41.554990+00:00,normalized_city,,LJUBLJANA
476110,2026-03-19T17:43:41.554990+00:00,normalized_region,,OSREDNJESLOVENSKA
476108,2026-03-19T17:43:41.554990+00:00,normalized_city,,LJUBLJANA
476108,2026-03-19T17:43:41.554990+00:00,normalized_region,,OSREDNJESLOVENSKA
476104,2026-03-19T17:43:41.554990+00:00,normalized_city,,PLANINA PRI SEVNICI
476104,2026-03-19T17:43:41.554990+00:00,normalized_region,,SAVINJSKA
476103,2026-03-19T17:43:41.554990+00:00,normalized_city,,CELJE
476103,2026-03-19T17:43:41.554990+00:00,normalized_region,,SAVINJSKA
476102,2026-03-19T17:43:41.554990+00:00,normalized_city,,LJUBLJANA
476102,2026-03-19T17:43:41.554990+00:00,normalized_region,,OSREDNJESLOVENSKA
476101,2026-03-19T17:43:41.554990+00:00,normalized_city,,ŠENTJUR
476101,2026-03-19T17:43:41.554990+00:00,normalized_region,,SAVINJSKA
476099,2026-03-19T17:43:41.554990+00:00,normalized_city,,LJUBLJANA
476099,2026-03-19T17:43:41.554990+00:00,normalized_region,,OSREDNJESLOVENSKA
476096,2026-03-19T17:43:41.554990+00:00,normalized_city,,IZOLA/ISOLA
476096,2026-03-19T17:43:41.554990+00:00,normalized_region,,OBALNO-KRAŠKA
476095,2026-03-19T17:43:41.554990+00:00,normalized_city,,LJUBLJANA
476095,2026-03-19T17:43:41.554990+00:00,normalized_region,,OSREDNJESLOVENSKA
476094,2026-03-19T17:43:41.554990+00:00,normalized_city,,ŽIROVNICA
476094,2026-03-19T17:43:41.554990+00:00,normalized_region,,GORENJSKA
476093,2026-03-19T17:43:41.554990+00:00,hourly_rate_neto,8.0,9.0
476093,2026-03-19T17:43:41.554990+00:00,hourly_rate_bruto,9.3,10.46
476093,2026-03-19T17:43:41.554990+00:00,payment_type,8.00 €/h neto (9.30 €/h bruto),9.00 €/h neto (10.46 €/h bruto)
476093,2026-03-19T17:43:41.554990+00:00,normalized_city,,CELJE
476093,2026-03-19T17:43:41.554990+00:00,normalized_region,,SAVINJSKA
476092,2026-03-19T17:43:41.554990+00:00,normalized_city,,LJUBLJANA
476092,2026-03-19T17:43:41.554990+00:00,normalized_region,,OSREDNJESLOVENSKA
476089,2026-03-19T17:43:41.554990+00:00,normalized_city,,RADOVLJICA
476089,2026-03-19T17:43:41.554990+00:00,normalized_region,,GORENJSKA
476087,2026-03-19T17:43:41.554990+00:00,normalized_city,,POSTOJNA
476087,2026-03-19T17:43:41.554990+00:00,normalized_region,,PRIMORSKO-NOTRANJSKA
476086,2026-03-19T17:43:41.554990+00:00,normalized_city,,STIČNA
476086,2026-03-19T17:43:41.554990+00:00,normalized_region,,OSREDNJESLOVENSKA
476085,2026-03-19T17:43:41.554990+00:00,normalized_city,,LJUBLJANA
476085,2026-03-19T17:43:41.554990+00:00,normalized_region,,OSREDNJESLOVENSKA
476084,2026-03-19T17:43:41.554990+00:00,normalized_city,,RAČE
476084,2026-03-19T17:43:41.554990+00:00,normalized_region,,PODRAVSKA
476083,2026-03-19T17:43:41.554990+00:00,normalized_city,,MARIBOR
476083,2026-03-19T17:43:41.554990+00:00,normalized_region,,PODRAVSKA
476082,2026-03-19T17:43:41.554990+00:00,normalized_city,,KRANJ
476082,2026-03-19T17:43:41.554990+00:00,normalized_region,,GORENJSKA
476081,2026-03-19T17:43:41.554990+00:00,normalized_city,,CELJE
476081,2026-03-19T17:43:41.554990+00:00,normalized_region,,SAVINJSKA
476081,2026-03-19T17:43:41.554990+00:00,start_date,2026-03-19,
476080,2026-03-19T17:43:41.554990+00:00,normalized_city,,BLED
476080,2026-03-19T17:43:41.554990+00:00,normalized_region,,GORENJSKA
476079,2026-03-19T17:43:41.554990+00:00,normalized_city,,LJUBLJANA
476079,2026-03-19T17:43:41.554990+00:00,normalized_region,,OSREDNJESLOVENSKA
476078,2026-03-19T17:43:41.554990+00:00,normalized_city,,LJUBLJANA
476078,2026-03-19T17:43:41.554990+00:00,normalized_region,,OSREDNJESLOVENSKA
476077,2026-03-19T17:43:41.554990+00:00,normalized_city,,BLED
476077,2026-03-19T17:43:41.554990+00:00,normalized_region,,GORENJSKA
476075,2026-03-19T17:43:41.554990+00:00,normalized_city,,KOPER/CAPODISTRIA
476075,2026-03-19T17:43:41.554990+00:00,normalized_region,,OBALNO-KRAŠKA
476074,2026-03-19T17:43:41.554990+00:00,normalized_city,,GROSUPLJE
476074,2026-03-19T17:43:41.554990+00:00,normalized_region,,OSREDNJESLOVENSKA
476073,2026-03-19T17:43:41.554990+00:00,normalized_city,,DOMŽALE
476073,2026-03-19T17:43:41.554990+00:00,normalized_region,,OSREDNJESLOVENSKA
476072,2026-03-19T17:43:41.554990+00:00,normalized_city,,MEDVODE
476072,2026-03-19T17:43:41.554990+00:00,normalized_region,,OSREDNJESLOVENSKA
476071,2026-03-19T17:43:41.554990+00:00,normalized_city,,DOMŽALE
476071,2026-03-19T17:43:41.554990+00:00,normalized_region,,OSREDNJESLOVENSKA
476070,2026-03-19T17:43:41.554990+00:00,normalized_city,,LJUBLJANA
476070,2026-03-19T17:43:41.554990+00:00,normalized_region,,OSREDNJESLOVENSKA
476069,2026-03-19T17:43:41.554990+00:00,subtitle,,DELO V RESTAVRACIJI S HITRO PREHRANO
476069,2026-03-19T17:43:41.554990+00:00,normalized_city,,MARIBOR
476069,2026-03-19T17:43:41.554990+00:00,normalized_region,,PODRAVSKA
476068,2026-03-19T17:43:41.554990+00:00,normalized_city,,SEVNICA
476068,2026-03-19T17:43:41.554990+00:00,normalized_region,,POSAVSKA
476067,2026-03-19T17:43:41.554990+00:00,normalized_city,,DOMŽALE
476067,2026-03-19T17:43:41.554990+00:00,normalized_region,,OSREDNJESLOVENSKA
476065,2026-03-19T17:43:41.554990+00:00,normalized_city,,KRANJ
476065,2026-03-19T17:43:41.554990+00:00,normalized_region,,GORENJSKA
476063,2026-03-19T17:43:41.554990+00:00,normalized_city,,BLED
476063,2026-03-19T17:43:41.554990+00:00,normalized_region,,GORENJSKA
476061,2026-03-19T17:43:41.554990+00:00,normalized_city,,LJUBLJANA
476061,2026-03-19T17:43:41.554990+00:00,normalized_region,,OSREDNJESLOVENSKA
476060,2026-03-19T17:43:41.554990+00:00,normalized_city,,LESKOVEC PRI KRŠKEM
476060,2026-03-19T17:43:41.554990+00:00,normalized_region,,POSAVSKA
476059,2026-03-19T17:43:41.554990+00:00,normalized_city,,ŠENTJUR
476059,2026-03-19T17:43:41.554990+00:00,normalized_region,,SAVINJSKA
476058,2026-03-19T17:43:41.554990+00:00,normalized_city,,BLED
476058,2026-03-19T17:43:41.554990+00:00,normalized_region,,GORENJSKA
476057,2026-03-19T17:43:41.554990+00:00,normalized_city,,BLED
476057,2026-03-19T17:43:41.554990+00:00,normalized_region,,GORENJSKA
476056,2026-03-19T17:43:41.554990+00:00,normalized_city,,MARIBOR
476056,2026-03-19T17:43:41.554990+00:00,normalized_region,,PODRAVSKA
476055,2026-03-19T17:43:41.554990+00:00,normalized_city,,JESENICE
476055,2026-03-19T17:43:41.554990+00:00,normalized_region,,GORENJSKA
476052,2026-03-19T17:43:41.554990+00:00,normalized_city,,KAMNIK
476052,2026-03-19T17:43:41.554990+00:00,normalized_region,,OSREDNJESLOVENSKA
476051,2026-03-19T17:43:41.554990+00:00,normalized_city,,BLED
476051,2026-03-19T17:43:41.554990+00:00,normalized_region,,GORENJSKA
476049,2026-03-19T17:43:41.554990+00:00,normalized_city,,LJUBLJANA
476049,2026-03-19T17:43:41.554990+00:00,normalized_region,,OSREDNJESLOVENSKA
476048,2026-03-19T17:43:41.554990+00:00,normalized_city,,LJUBLJANA
476048,2026-03-19T17:43:41.554990+00:00,normalized_region,,OSREDNJESLOVENSKA
476047,2026-03-19T17:43:41.554990+00:00,normalized_city,,KRANJ
476047,2026-03-19T17:43:41.554990+00:00,normalized_region,,GORENJSKA
476046,2026-03-19T17:43:41.554990+00:00,normalized_city,,LJUBLJANA
476046,2026-03-19T17:43:41.554990+00:00,normalized_region,,OSREDNJESLOVENSKA
476045,2026-03-19T17:43:41.554990+00:00,normalized_city,,KOPER/CAPODISTRIA
476045,2026-03-19T17:43:41.554990+00:00,normalized_region,,OBALNO-KRAŠKA
476044,2026-03-19T17:43:41.554990+00:00,normalized_city,,MORAVSKE TOPLICE
476044,2026-03-19T17:43:41.554990+00:00,normalized_region,,POMURSKA
476043,2026-03-19T17:43:41.554990+00:00,normalized_city,,ČATEŽ
476043,2026-03-19T17:43:41.554990+00:00,normalized_region,,JUGOVZHODNA SLOVENIJA
476042,2026-03-19T17:43:41.554990+00:00,normalized_city,,LJUBLJANA
476042,2026-03-19T17:43:41.554990+00:00,normalized_region,,OSREDNJESLOVENSKA
476040,2026-03-19T17:43:41.554990+00:00,normalized_city,,MAREZIGE
476040,2026-03-19T17:43:41.554990+00:00,normalized_region,,OBALNO-KRAŠKA
476039,2026-03-19T17:43:41.554990+00:00,normalized_city,,DOMŽALE
476039,2026-03-19T17:43:41.554990+00:00,normalized_region,,OSREDNJESLOVENSKA
476038,2026-03-19T17:43:41.554990+00:00,normalized_city,,LJUBLJANA
476038,2026-03-19T17:43:41.554990+00:00,normalized_region,,OSREDNJESLOVENSKA
476037,2026-03-19T17:43:41.554990+00:00,normalized_city,,PORTOROŽ/PORTOROSE
476037,2026-03-19T17:43:41.554990+00:00,normalized_region,,OBALNO-KRAŠKA
476036,2026-03-19T17:43:41.554990+00:00,normalized_city,,PORTOROŽ/PORTOROSE
476036,2026-03-19T17:43:41.554990+00:00,normalized_region,,OBALNO-KRAŠKA
476034,2026-03-19T17:43:41.554990+00:00,normalized_city,,KAMNIK
476034,2026-03-19T17:43:41.554990+00:00,normalized_region,,OSREDNJESLOVENSKA
476032,2026-03-19T17:43:41.554990+00:00,normalized_city,,KRŠKO
476032,2026-03-19T17:43:41.554990+00:00,normalized_region,,POSAVSKA
476030,2026-03-19T17:43:41.554990+00:00,normalized_city,,LJUBLJANA
476030,2026-03-19T17:43:41.554990+00:00,normalized_region,,OSREDNJESLOVENSKA
476029,2026-03-19T17:43:41.554990+00:00,normalized_city,,LJUBLJANA
476029,2026-03-19T17:43:41.554990+00:00,normalized_region,,OSREDNJESLOVENSKA
476028,2026-03-19T17:43:41.554990+00:00,normalized_city,,VELIKA PLANINA
476028,2026-03-19T17:43:41.554990+00:00,normalized_region,,OSREDNJESLOVENSKA
476027,2026-03-19T17:43:41.554990+00:00,normalized_city,,KOPER/CAPODISTRIA
476027,2026-03-19T17:43:41.554990+00:00,normalized_region,,OBALNO-KRAŠKA
476026,2026-03-19T17:43:41.554990+00:00,normalized_city,,MARIBOR
476026,2026-03-19T17:43:41.554990+00:00,normalized_region,,PODRAVSKA
476025,2026-03-19T17:43:41.554990+00:00,normalized_city,,LJUBLJANA
476025,2026-03-19T17:43:41.554990+00:00,normalized_region,,OSREDNJESLOVENSKA
476024,2026-03-19T17:43:41.554990+00:00,normalized_city,,LJUBLJANA
476024,2026-03-19T17:43:41.554990+00:00,normalized_region,,OSREDNJESLOVENSKA
476023,2026-03-19T17:43:41.554990+00:00,normalized_city,,LJUBLJANA
476023,2026-03-19T17:43:41.554990+00:00,normalized_region,,OSREDNJESLOVENSKA
476021,2026-03-19T17:43:41.554990+00:00,normalized_city,,LJUBLJANA
476021,2026-03-19T17:43:41.554990+00:00,normalized_region,,OSREDNJESLOVENSKA
476020,2026-03-19T17:43:41.554990+00:00,normalized_city,,LJUBLJANA
476020,2026-03-19T17:43:41.554990+00:00,normalized_region,,OSREDNJESLOVENSKA
476019,2026-03-19T17:43:41.554990+00:00,normalized_city,,MALEČNIK
476019,2026-03-19T17:43:41.554990+00:00,normalized_region,,PODRAVSKA
476018,2026-03-19T17:43:41.554990+00:00,normalized_city,,LJUBLJANA
476018,2026-03-19T17:43:41.554990+00:00,normalized_region,,OSREDNJESLOVENSKA
476014,2026-03-19T17:43:41.554990+00:00,normalized_city,,BOŠTANJ
476014,2026-03-19T17:43:41.554990+00:00,normalized_region,,POSAVSKA
476012,2026-03-19T17:43:41.554990+00:00,normalized_city,,BOŠTANJ
476012,2026-03-19T17:43:41.554990+00:00,normalized_region,,POSAVSKA
476010,2026-03-19T17:43:41.554990+00:00,normalized_city,,LJUBLJANA
476010,2026-03-19T17:43:41.554990+00:00,normalized_region,,OSREDNJESLOVENSKA
476009,2026-03-19T17:43:41.554990+00:00,normalized_city,,MARIBOR
476009,2026-03-19T17:43:41.554990+00:00,normalized_region,,PODRAVSKA
476008,2026-03-19T17:43:41.554990+00:00,normalized_city,,MARIBOR
476008,2026-03-19T17:43:41.554990+00:00,normalized_region,,PODRAVSKA
476007,2026-03-19T17:43:41.554990+00:00,normalized_city,,CELJE
476007,2026-03-19T17:43:41.554990+00:00,normalized_region,,SAVINJSKA
476006,2026-03-19T17:43:41.554990+00:00,normalized_city,,POSTOJNA
476006,2026-03-19T17:43:41.554990+00:00,normalized_region,,PRIMORSKO-NOTRANJSKA
476005,2026-03-19T17:43:41.554990+00:00,normalized_city,,ŠKOFJA LOKA
476005,2026-03-19T17:43:41.554990+00:00,normalized_region,,GORENJSKA
476004,2026-03-19T17:43:41.554990+00:00,normalized_city,,ZAGORJE
476004,2026-03-19T17:43:41.554990+00:00,normalized_region,,PODRAVSKA
476003,2026-03-19T17:43:41.554990+00:00,normalized_city,,MIKLAVŽ NA DRAVSKEM POLJU
476003,2026-03-19T17:43:41.554990+00:00,normalized_region,,PODRAVSKA
476002,2026-03-19T17:43:41.554990+00:00,normalized_city,,MURSKA SOBOTA
476002,2026-03-19T17:43:41.554990+00:00,normalized_region,,POMURSKA
476001,2026-03-19T17:43:41.554990+00:00,normalized_city,,ŽALEC
476001,2026-03-19T17:43:41.554990+00:00,normalized_region,,SAVINJSKA
476000,2026-03-19T17:43:41.554990+00:00,normalized_city,,LJUBLJANA
476000,2026-03-19T17:43:41.554990+00:00,normalized_region,,OSREDNJESLOVENSKA
475999,2026-03-19T17:43:41.554990+00:00,normalized_city,,MARIBOR
475999,2026-03-19T17:43:41.554990+00:00,normalized_region,,PODRAVSKA
475998,2026-03-19T17:43:41.554990+00:00,normalized_city,,KOČEVJE
475998,2026-03-19T17:43:41.554990+00:00,normalized_region,,JUGOVZHODNA SLOVENIJA
475996,2026-03-19T17:43:41.554990+00:00,normalized_city,,IVANČNA GORICA
475996,2026-03-19T17:43:41.554990+00:00,normalized_region,,OSREDNJESLOVENSKA
475995,2026-03-19T17:43:41.554990+00:00,normalized_city,,TRŽIČ
475995,2026-03-19T17:43:41.554990+00:00,normalized_region,,GORENJSKA
475993,2026-03-19T17:43:41.554990+00:00,normalized_city,,LJUBLJANA
475993,2026-03-19T17:43:41.554990+00:00,normalized_region,,OSREDNJESLOVENSKA
475991,2026-03-19T17:43:41.554990+00:00,normalized_region,,OBALNO-KRAŠKA
475990,2026-03-19T17:43:41.554990+00:00,normalized_city,,MARIBOR
475990,2026-03-19T17:43:41.554990+00:00,normalized_region,,PODRAVSKA
475988,2026-03-19T17:43:41.554990+00:00,normalized_city,,NOVO MESTO
475988,2026-03-19T17:43:41.554990+00:00,normalized_region,,JUGOVZHODNA SLOVENIJA
475987,2026-03-19T17:43:41.554990+00:00,normalized_city,,LJUBLJANA
475987,2026-03-19T17:43:41.554990+00:00,normalized_region,,OSREDNJESLOVENSKA
475985,2026-03-19T17:43:41.554990+00:00,normalized_city,,KRANJ
475985,2026-03-19T17:43:41.554990+00:00,normalized_region,,GORENJSKA
475983,2026-03-19T17:43:41.554990+00:00,normalized_city,,ŽALEC
475983,2026-03-19T17:43:41.554990+00:00,normalized_region,,SAVINJSKA
475982,2026-03-19T17:43:41.554990+00:00,normalized_city,,NOVO MESTO
475982,2026-03-19T17:43:41.554990+00:00,normalized_region,,JUGOVZHODNA SLOVENIJA
475981,2026-03-19T17:43:41.554990+00:00,normalized_city,,TOLMIN
475981,2026-03-19T17:43:41.554990+00:00,normalized_region,,GORIŠKA
475980,2026-03-19T17:43:41.554990+00:00,normalized_city,,LJUBLJANA
475980,2026-03-19T17:43:41.554990+00:00,normalized_region,,OSREDNJESLOVENSKA
475979,2026-03-19T17:43:41.554990+00:00,normalized_city,,KOPER/CAPODISTRIA
475979,2026-03-19T17:43:41.554990+00:00,normalized_region,,OBALNO-KRAŠKA
475978,2026-03-19T17:43:41.554990+00:00,normalized_city,,ŠMARJE PRI JELŠAH
475978,2026-03-19T17:43:41.554990+00:00,normalized_region,,SAVINJSKA
475977,2026-03-19T17:43:41.554990+00:00,normalized_city,,KOPER/CAPODISTRIA
475977,2026-03-19T17:43:41.554990+00:00,normalized_region,,OBALNO-KRAŠKA
475976,2026-03-19T17:43:41.554990+00:00,normalized_city,,CELJE
475976,2026-03-19T17:43:41.554990+00:00,normalized_region,,SAVINJSKA
475975,2026-03-19T17:43:41.554990+00:00,normalized_city,,LJUBLJANA
475975,2026-03-19T17:43:41.554990+00:00,normalized_region,,OSREDNJESLOVENSKA
475973,2026-03-19T17:43:41.554990+00:00,normalized_city,,BAKOVCI
475973,2026-03-19T17:43:41.554990+00:00,normalized_region,,POMURSKA
475971,2026-03-19T17:43:41.554990+00:00,normalized_city,,CELJE
475971,2026-03-19T17:43:41.554990+00:00,normalized_region,,SAVINJSKA
475970,2026-03-19T17:43:41.554990+00:00,normalized_city,,CELJE
475970,2026-03-19T17:43:41.554990+00:00,normalized_region,,SAVINJSKA
475969,2026-03-19T17:43:41.554990+00:00,normalized_city,,MOST NA SOČI
475969,2026-03-19T17:43:41.554990+00:00,normalized_region,,GORIŠKA
475968,2026-03-19T17:43:41.554990+00:00,normalized_city,,LJUBLJANA
475968,2026-03-19T17:43:41.554990+00:00,normalized_region,,OSREDNJESLOVENSKA
475967,2026-03-19T17:43:41.554990+00:00,normalized_city,,LJUBLJANA
475967,2026-03-19T17:43:41.554990+00:00,normalized_region,,OSREDNJESLOVENSKA
475964,2026-03-19T17:43:41.554990+00:00,normalized_city,,BREZOVICA PRI LJUBLJANI
475964,2026-03-19T17:43:41.554990+00:00,normalized_region,,OSREDNJESLOVENSKA
475963,2026-03-19T17:43:41.554990+00:00,normalized_city,,DORNAVA
475963,2026-03-19T17:43:41.554990+00:00,normalized_region,,PODRAVSKA
475962,2026-03-19T17:43:41.554990+00:00,normalized_city,,SLOVENJ GRADEC
475962,2026-03-19T17:43:41.554990+00:00,normalized_region,,KOROŠKA
475959,2026-03-19T17:43:41.554990+00:00,normalized_city,,SLOVENSKE KONJICE
475959,2026-03-19T17:43:41.554990+00:00,normalized_region,,SAVINJSKA
475958,2026-03-19T17:43:41.554990+00:00,normalized_city,,SLOVENSKE KONJICE
475958,2026-03-19T17:43:41.554990+00:00,normalized_region,,SAVINJSKA
475957,2026-03-19T17:43:41.554990+00:00,normalized_city,,SLOVENSKE KONJICE
475957,2026-03-19T17:43:41.554990+00:00,normalized_region,,SAVINJSKA
475956,2026-03-19T17:43:41.554990+00:00,normalized_city,,CELJE
475956,2026-03-19T17:43:41.554990+00:00,normalized_region,,SAVINJSKA
475954,2026-03-19T17:43:41.554990+00:00,normalized_city,,KOPER/CAPODISTRIA
475954,2026-03-19T17:43:41.554990+00:00,normalized_region,,OBALNO-KRAŠKA
475953,2026-03-19T17:43:41.554990+00:00,normalized_city,,LJUBLJANA
475953,2026-03-19T17:43:41.554990+00:00,normalized_region,,OSREDNJESLOVENSKA
475952,2026-03-19T17:43:41.554990+00:00,normalized_city,,DOMŽALE
475952,2026-03-19T17:43:41.554990+00:00,normalized_region,,OSREDNJESLOVENSKA
475951,2026-03-19T17:43:41.554990+00:00,normalized_city,,LJUBLJANA
475951,2026-03-19T17:43:41.554990+00:00,normalized_region,,OSREDNJESLOVENSKA
475951,2026-03-19T17:43:41.554990+00:00,start_date,2026-03-19,
475950,2026-03-19T17:43:41.554990+00:00,normalized_city,,PTUJ
475950,2026-03-19T17:43:41.554990+00:00,normalized_region,,PODRAVSKA
475947,2026-03-19T17:43:41.554990+00:00,normalized_city,,IZOLA/ISOLA
475947,2026-03-19T17:43:41.554990+00:00,normalized_region,,OBALNO-KRAŠKA
475946,2026-03-19T17:43:41.554990+00:00,normalized_city,,ŠKOFJA VAS
475946,2026-03-19T17:43:41.554990+00:00,normalized_region,,SAVINJSKA
475945,2026-03-19T17:43:41.554990+00:00,normalized_city,,MARIBOR
475945,2026-03-19T17:43:41.554990+00:00,normalized_region,,PODRAVSKA
475944,2026-03-19T17:43:41.554990+00:00,normalized_city,,LJUBLJANA
475944,2026-03-19T17:43:41.554990+00:00,normalized_region,,OSREDNJESLOVENSKA
475942,2026-03-19T17:43:41.554990+00:00,normalized_city,,NOVA GORICA
475942,2026-03-19T17:43:41.554990+00:00,normalized_region,,GORIŠKA
475939,2026-03-19T17:43:41.554990+00:00,normalized_city,,ŠKOFJA LOKA
475939,2026-03-19T17:43:41.554990+00:00,normalized_region,,GORENJSKA
475938,2026-03-19T17:43:41.554990+00:00,normalized_city,,MEDVODE
475938,2026-03-19T17:43:41.554990+00:00,normalized_region,,OSREDNJESLOVENSKA
475935,2026-03-19T17:43:41.554990+00:00,normalized_city,,KRANJ
475935,2026-03-19T17:43:41.554990+00:00,normalized_region,,GORENJSKA
475932,2026-03-19T17:43:41.554990+00:00,normalized_city,,KAMNIK
475932,2026-03-19T17:43:41.554990+00:00,normalized_region,,OSREDNJESLOVENSKA
475931,2026-03-19T17:43:41.554990+00:00,normalized_city,,KAMNIK
475931,2026-03-19T17:43:41.554990+00:00,normalized_region,,OSREDNJESLOVENSKA
475929,2026-03-19T17:43:41.554990+00:00,normalized_city,,LJUBLJANA
475929,2026-03-19T17:43:41.554990+00:00,normalized_region,,OSREDNJESLOVENSKA
475928,2026-03-19T17:43:41.554990+00:00,normalized_city,,CELJE
475928,2026-03-19T17:43:41.554990+00:00,normalized_region,,SAVINJSKA
475927,2026-03-19T17:43:41.554990+00:00,normalized_city,,LJUBLJANA
475927,2026-03-19T17:43:41.554990+00:00,normalized_region,,OSREDNJESLOVENSKA
475926,2026-03-19T17:43:41.554990+00:00,normalized_city,,LJUBLJANA
475926,2026-03-19T17:43:41.554990+00:00,normalized_region,,OSREDNJESLOVENSKA
475925,2026-03-19T17:43:41.554990+00:00,normalized_city,,MARIBOR
475925,2026-03-19T17:43:41.554990+00:00,normalized_region,,PODRAVSKA
475924,2026-03-19T17:43:41.554990+00:00,normalized_city,,MARKOVCI
475924,2026-03-19T17:43:41.554990+00:00,normalized_region,,POMURSKA
475923,2026-03-19T17:43:41.554990+00:00,normalized_city,,VELIKA NEDELJA
475923,2026-03-19T17:43:41.554990+00:00,normalized_region,,PODRAVSKA
475922,2026-03-19T17:43:41.554990+00:00,normalized_city,,MEDVODE
475922,2026-03-19T17:43:41.554990+00:00,normalized_region,,OSREDNJESLOVENSKA
475921,2026-03-19T17:43:41.554990+00:00,normalized_city,,KRŠKO
475921,2026-03-19T17:43:41.554990+00:00,normalized_region,,POSAVSKA
475920,2026-03-19T17:43:41.554990+00:00,normalized_city,,LJUBLJANA
475920,2026-03-19T17:43:41.554990+00:00,normalized_region,,OSREDNJESLOVENSKA
475920,2026-03-19T17:43:41.554990+00:00,description,Potrebujejo osebi za pomoč pri delu v šanku in na recepciji ter pomoč pri strežbi hrane v jedilnici.,"Potrebujejo osebi za pomoč pri delu v šanku in na recepciji ter pomoč pri strežbi hrane v jedilnici. Delo poteka v dopoldanski izmeni od 6. 00 dalje in v popoldanski izmeni od 13. 30 dalje, po dogovoru in potrebi."
475919,2026-03-19T17:43:41.554990+00:00,normalized_city,,MARIBOR
475919,2026-03-19T17:43:41.554990+00:00,normalized_region,,PODRAVSKA
475918,2026-03-19T17:43:41.554990+00:00,normalized_city,,LJUBLJANA
475918,2026-03-19T17:43:41.554990+00:00,normalized_region,,OSREDNJESLOVENSKA
475917,2026-03-19T17:43:41.554990+00:00,normalized_city,,LJUBLJANA
475917,2026-03-19T17:43:41.554990+00:00,normalized_region,,OSREDNJESLOVENSKA
475914,2026-03-19T17:43:41.554990+00:00,normalized_city,,SLOVENJ GRADEC
475914,2026-03-19T17:43:41.554990+00:00,normalized_region,,KOROŠKA
475912,2026-03-19T17:43:41.554990+00:00,normalized_city,,VOJNIK
475912,2026-03-19T17:43:41.554990+00:00,normalized_region,,SAVINJSKA
475910,2026-03-19T17:43:41.554990+00:00,normalized_city,,GROSUPLJE
475910,2026-03-19T17:43:41.554990+00:00,normalized_region,,OSREDNJESLOVENSKA
475909,2026-03-19T17:43:41.554990+00:00,normalized_city,,GROSUPLJE
475909,2026-03-19T17:43:41.554990+00:00,normalized_region,,OSREDNJESLOVENSKA
475907,2026-03-19T17:43:41.554990+00:00,normalized_city,,MARIBOR
475907,2026-03-19T17:43:41.554990+00:00,normalized_region,,PODRAVSKA
475906,2026-03-19T17:43:41.554990+00:00,normalized_city,,DOMŽALE
475906,2026-03-19T17:43:41.554990+00:00,normalized_region,,OSREDNJESLOVENSKA
475904,2026-03-19T17:43:41.554990+00:00,normalized_city,,KAMNIŠKA BISTRICA
475904,2026-03-19T17:43:41.554990+00:00,normalized_region,,OSREDNJESLOVENSKA
475903,2026-03-19T17:43:41.554990+00:00,normalized_city,,STRAŽA
475903,2026-03-19T17:43:41.554990+00:00,normalized_region,,JUGOVZHODNA SLOVENIJA
475900,2026-03-19T17:43:41.554990+00:00,normalized_city,,STRAŽA
475900,2026-03-19T17:43:41.554990+00:00,normalized_region,,JUGOVZHODNA SLOVENIJA
475897,2026-03-19T17:43:41.554990+00:00,normalized_city,,LJUBLJANA
475897,2026-03-19T17:43:41.554990+00:00,normalized_region,,OSREDNJESLOVENSKA
475895,2026-03-19T17:43:41.554990+00:00,normalized_city,,MARIBOR
475895,2026-03-19T17:43:41.554990+00:00,normalized_region,,PODRAVSKA
475893,2026-03-19T17:43:41.554990+00:00,normalized_city,,TRZIN
475893,2026-03-19T17:43:41.554990+00:00,normalized_region,,OSREDNJESLOVENSKA
475891,2026-03-19T17:43:41.554990+00:00,normalized_city,,MEDVODE
475891,2026-03-19T17:43:41.554990+00:00,normalized_region,,OSREDNJESLOVENSKA
475890,2026-03-19T17:43:41.554990+00:00,normalized_city,,BOVEC
475890,2026-03-19T17:43:41.554990+00:00,normalized_region,,GORIŠKA
475889,2026-03-19T17:43:41.554990+00:00,normalized_city,,RADOVLJICA
475889,2026-03-19T17:43:41.554990+00:00,normalized_region,,GORENJSKA
475888,2026-03-19T17:43:41.554990+00:00,normalized_city,,KOPER/CAPODISTRIA
475888,2026-03-19T17:43:41.554990+00:00,normalized_region,,OBALNO-KRAŠKA
475887,2026-03-19T17:43:41.554990+00:00,normalized_city,,CELJE
475887,2026-03-19T17:43:41.554990+00:00,normalized_region,,SAVINJSKA
475886,2026-03-19T17:43:41.554990+00:00,normalized_city,,RADOVLJICA
475886,2026-03-19T17:43:41.554990+00:00,normalized_region,,GORENJSKA
475885,2026-03-19T17:43:41.554990+00:00,normalized_city,,LJUBLJANA
475885,2026-03-19T17:43:41.554990+00:00,normalized_region,,OSREDNJESLOVENSKA
475884,2026-03-19T17:43:41.554990+00:00,normalized_city,,CIRKOVCE
475884,2026-03-19T17:43:41.554990+00:00,normalized_region,,PODRAVSKA
475881,2026-03-19T17:43:41.554990+00:00,normalized_city,,ŠENČUR
475881,2026-03-19T17:43:41.554990+00:00,normalized_region,,GORENJSKA
475880,2026-03-19T17:43:41.554990+00:00,normalized_city,,LJUBLJANA
475880,2026-03-19T17:43:41.554990+00:00,normalized_region,,OSREDNJESLOVENSKA
475878,2026-03-19T17:43:41.554990+00:00,normalized_city,,LJUBLJANA
475878,2026-03-19T17:43:41.554990+00:00,normalized_region,,OSREDNJESLOVENSKA
475877,2026-03-19T17:43:41.554990+00:00,normalized_city,,MARIBOR
475877,2026-03-19T17:43:41.554990+00:00,normalized_region,,PODRAVSKA
475876,2026-03-19T17:43:41.554990+00:00,normalized_city,,JESENICE
475876,2026-03-19T17:43:41.554990+00:00,normalized_region,,GORENJSKA
475874,2026-03-19T17:43:41.554990+00:00,normalized_city,,ŠKOFJA LOKA
475874,2026-03-19T17:43:41.554990+00:00,normalized_region,,GORENJSKA
475873,2026-03-19T17:43:41.554990+00:00,normalized_city,,VRHNIKA
475873,2026-03-19T17:43:41.554990+00:00,normalized_region,,OSREDNJESLOVENSKA
475872,2026-03-19T17:43:41.554990+00:00,normalized_city,,KRANJ
475872,2026-03-19T17:43:41.554990+00:00,normalized_region,,GORENJSKA
475871,2026-03-19T17:43:41.554990+00:00,normalized_city,,POSTOJNA
475871,2026-03-19T17:43:41.554990+00:00,normalized_region,,PRIMORSKO-NOTRANJSKA
475870,2026-03-19T17:43:41.554990+00:00,normalized_city,,KOPER/CAPODISTRIA
475870,2026-03-19T17:43:41.554990+00:00,normalized_region,,OBALNO-KRAŠKA
475869,2026-03-19T17:43:41.554990+00:00,normalized_city,,LJUBLJANA
475869,2026-03-19T17:43:41.554990+00:00,normalized_region,,OSREDNJESLOVENSKA
475868,2026-03-19T17:43:41.554990+00:00,normalized_city,,VELENJE
475868,2026-03-19T17:43:41.554990+00:00,normalized_region,,SAVINJSKA
475867,2026-03-19T17:43:41.554990+00:00,normalized_city,,CELJE
475867,2026-03-19T17:43:41.554990+00:00,normalized_region,,SAVINJSKA
475865,2026-03-19T17:43:41.554990+00:00,normalized_city,,LJUBLJANA
475865,2026-03-19T17:43:41.554990+00:00,normalized_region,,OSREDNJESLOVENSKA
475862,2026-03-19T17:43:41.554990+00:00,normalized_city,,MARIBOR
475862,2026-03-19T17:43:41.554990+00:00,normalized_region,,PODRAVSKA
475861,2026-03-19T17:43:41.554990+00:00,normalized_city,,MARIBOR
475861,2026-03-19T17:43:41.554990+00:00,normalized_region,,PODRAVSKA
475860,2026-03-19T17:43:41.554990+00:00,normalized_city,,LJUBLJANA
475860,2026-03-19T17:43:41.554990+00:00,normalized_region,,OSREDNJESLOVENSKA
475856,2026-03-19T17:43:41.554990+00:00,normalized_city,,MARIBOR
475856,2026-03-19T17:43:41.554990+00:00,normalized_region,,PODRAVSKA
475854,2026-03-19T17:43:41.554990+00:00,normalized_city,,IZOLA/ISOLA
475854,2026-03-19T17:43:41.554990+00:00,normalized_region,,OBALNO-KRAŠKA
475851,2026-03-19T17:43:41.554990+00:00,normalized_city,,TURJAK
475851,2026-03-19T17:43:41.554990+00:00,normalized_region,,OSREDNJESLOVENSKA
475850,2026-03-19T17:43:41.554990+00:00,normalized_city,,BOROVNICA
475850,2026-03-19T17:43:41.554990+00:00,normalized_region,,OSREDNJESLOVENSKA
475847,2026-03-19T17:43:41.554990+00:00,normalized_city,,VRANSKO
475847,2026-03-19T17:43:41.554990+00:00,normalized_region,,SAVINJSKA
475845,2026-03-19T17:43:41.554990+00:00,normalized_city,,KRANJ
475845,2026-03-19T17:43:41.554990+00:00,normalized_region,,GORENJSKA
475843,2026-03-19T17:43:41.554990+00:00,normalized_city,,POLZELA
475843,2026-03-19T17:43:41.554990+00:00,normalized_region,,SAVINJSKA
475842,2026-03-19T17:43:41.554990+00:00,normalized_city,,LJUBLJANA
475842,2026-03-19T17:43:41.554990+00:00,normalized_region,,OSREDNJESLOVENSKA
475841,2026-03-19T17:43:41.554990+00:00,normalized_city,,LJUBLJANA
475841,2026-03-19T17:43:41.554990+00:00,normalized_region,,OSREDNJESLOVENSKA
475841,2026-03-19T17:43:41.554990+00:00,start_date,2026-03-19,
475840,2026-03-19T17:43:41.554990+00:00,normalized_city,,MARIBOR
475840,2026-03-19T17:43:41.554990+00:00,normalized_region,,PODRAVSKA
475839,2026-03-19T17:43:41.554990+00:00,normalized_city,,LJUBLJANA
475839,2026-03-19T17:43:41.554990+00:00,normalized_region,,OSREDNJESLOVENSKA
475838,2026-03-19T17:43:41.554990+00:00,normalized_city,,LJUBLJANA
475838,2026-03-19T17:43:41.554990+00:00,normalized_region,,OSREDNJESLOVENSKA
475836,2026-03-19T17:43:41.554990+00:00,normalized_city,,LJUBLJANA
475836,2026-03-19T17:43:41.554990+00:00,normalized_region,,OSREDNJESLOVENSKA
475832,2026-03-19T17:43:41.554990+00:00,normalized_city,,JESENICE
475832,2026-03-19T17:43:41.554990+00:00,normalized_region,,GORENJSKA
475831,2026-03-19T17:43:41.554990+00:00,normalized_city,,CELJE
475831,2026-03-19T17:43:41.554990+00:00,normalized_region,,SAVINJSKA
475830,2026-03-19T17:43:41.554990+00:00,normalized_city,,KOPER/CAPODISTRIA
475830,2026-03-19T17:43:41.554990+00:00,normalized_region,,OBALNO-KRAŠKA
475829,2026-03-19T17:43:41.554990+00:00,normalized_city,,LJUBLJANA
475829,2026-03-19T17:43:41.554990+00:00,normalized_region,,OSREDNJESLOVENSKA
475827,2026-03-19T17:43:41.554990+00:00,normalized_city,,MENGEŠ
475827,2026-03-19T17:43:41.554990+00:00,normalized_region,,OSREDNJESLOVENSKA
475826,2026-03-19T17:43:41.554990+00:00,normalized_city,,LJUBLJANA
475826,2026-03-19T17:43:41.554990+00:00,normalized_region,,OSREDNJESLOVENSKA
475823,2026-03-19T17:43:41.554990+00:00,normalized_city,,KOMENDA
475823,2026-03-19T17:43:41.554990+00:00,normalized_region,,OSREDNJESLOVENSKA
475821,2026-03-19T17:43:41.554990+00:00,normalized_city,,MARIBOR
475821,2026-03-19T17:43:41.554990+00:00,normalized_region,,PODRAVSKA
475820,2026-03-19T17:43:41.554990+00:00,normalized_city,,VOLČJI POTOK
475820,2026-03-19T17:43:41.554990+00:00,normalized_region,,OSREDNJESLOVENSKA
475818,2026-03-19T17:43:41.554990+00:00,normalized_city,,MOJSTRANA
475818,2026-03-19T17:43:41.554990+00:00,normalized_region,,GORENJSKA
475816,2026-03-19T17:43:41.554990+00:00,normalized_city,,KAMNIK
475816,2026-03-19T17:43:41.554990+00:00,normalized_region,,OSREDNJESLOVENSKA
475814,2026-03-19T17:43:41.554990+00:00,normalized_city,,LUCIJA/LUCIA
475814,2026-03-19T17:43:41.554990+00:00,normalized_region,,OBALNO-KRAŠKA
475811,2026-03-19T17:43:41.554990+00:00,normalized_city,,LJUBLJANA
475811,2026-03-19T17:43:41.554990+00:00,normalized_region,,OSREDNJESLOVENSKA
475807,2026-03-19T17:43:41.554990+00:00,normalized_city,,KOZINA
475807,2026-03-19T17:43:41.554990+00:00,normalized_region,,OBALNO-KRAŠKA
475805,2026-03-19T17:43:41.554990+00:00,normalized_city,,MARIBOR
475805,2026-03-19T17:43:41.554990+00:00,normalized_region,,PODRAVSKA
475804,2026-03-19T17:43:41.554990+00:00,normalized_city,,KRANJ
475804,2026-03-19T17:43:41.554990+00:00,normalized_region,,GORENJSKA
475800,2026-03-19T17:43:41.554990+00:00,normalized_region,,KOROŠKA
475798,2026-03-19T17:43:41.554990+00:00,normalized_city,,IVANČNA GORICA
475798,2026-03-19T17:43:41.554990+00:00,normalized_region,,OSREDNJESLOVENSKA
475797,2026-03-19T17:43:41.554990+00:00,normalized_city,,LJUBLJANA
475797,2026-03-19T17:43:41.554990+00:00,normalized_region,,OSREDNJESLOVENSKA
475794,2026-03-19T17:43:41.554990+00:00,normalized_city,,LJUBLJANA
475794,2026-03-19T17:43:41.554990+00:00,normalized_region,,OSREDNJESLOVENSKA
475793,2026-03-19T17:43:41.554990+00:00,normalized_city,,LJUBLJANA
475793,2026-03-19T17:43:41.554990+00:00,normalized_region,,OSREDNJESLOVENSKA
475792,2026-03-19T17:43:41.554990+00:00,normalized_city,,LJUBLJANA
475792,2026-03-19T17:43:41.554990+00:00,normalized_region,,OSREDNJESLOVENSKA
475790,2026-03-19T17:43:41.554990+00:00,normalized_city,,LUCIJA/LUCIA
475790,2026-03-19T17:43:41.554990+00:00,normalized_region,,OBALNO-KRAŠKA
475788,2026-03-19T17:43:41.554990+00:00,normalized_city,,LJUBLJANA
475788,2026-03-19T17:43:41.554990+00:00,normalized_region,,OSREDNJESLOVENSKA
475786,2026-03-19T17:43:41.554990+00:00,normalized_city,,LJUBLJANA
475786,2026-03-19T17:43:41.554990+00:00,normalized_region,,OSREDNJESLOVENSKA
475785,2026-03-19T17:43:41.554990+00:00,normalized_city,,HRASTNIK
475785,2026-03-19T17:43:41.554990+00:00,normalized_region,,SAVINJSKA
475783,2026-03-19T17:43:41.554990+00:00,normalized_city,,LJUBLJANA
475783,2026-03-19T17:43:41.554990+00:00,normalized_region,,OSREDNJESLOVENSKA
475782,2026-03-19T17:43:41.554990+00:00,normalized_city,,CELJE
475782,2026-03-19T17:43:41.554990+00:00,normalized_region,,SAVINJSKA
475781,2026-03-19T17:43:41.554990+00:00,normalized_city,,CELJE
475781,2026-03-19T17:43:41.554990+00:00,normalized_region,,SAVINJSKA
475778,2026-03-19T17:43:41.554990+00:00,normalized_city,,LJUBLJANA
475778,2026-03-19T17:43:41.554990+00:00,normalized_region,,OSREDNJESLOVENSKA
475776,2026-03-19T17:43:41.554990+00:00,normalized_city,,LJUBLJANA
475776,2026-03-19T17:43:41.554990+00:00,normalized_region,,OSREDNJESLOVENSKA
475774,2026-03-19T17:43:41.554990+00:00,normalized_city,,ŠKOFLJICA
475774,2026-03-19T17:43:41.554990+00:00,normalized_region,,OSREDNJESLOVENSKA
475773,2026-03-19T17:43:41.554990+00:00,normalized_city,,ŽALEC
475773,2026-03-19T17:43:41.554990+00:00,normalized_region,,SAVINJSKA
475771,2026-03-19T17:43:41.554990+00:00,normalized_city,,LJUBLJANA
475771,2026-03-19T17:43:41.554990+00:00,normalized_region,,OSREDNJESLOVENSKA
475769,2026-03-19T17:43:41.554990+00:00,normalized_city,,LJUBLJANA
475769,2026-03-19T17:43:41.554990+00:00,normalized_region,,OSREDNJESLOVENSKA
475766,2026-03-19T17:43:41.554990+00:00,normalized_city,,LJUBLJANA
475766,2026-03-19T17:43:41.554990+00:00,normalized_region,,OSREDNJESLOVENSKA
475765,2026-03-19T17:43:41.554990+00:00,normalized_city,,NOVO MESTO
475765,2026-03-19T17:43:41.554990+00:00,normalized_region,,JUGOVZHODNA SLOVENIJA
475763,2026-03-19T17:43:41.554990+00:00,normalized_city,,GORNJA RADGONA
475763,2026-03-19T17:43:41.554990+00:00,normalized_region,,POMURSKA
475761,2026-03-19T17:43:41.554990+00:00,normalized_city,,MENGEŠ
475761,2026-03-19T17:43:41.554990+00:00,normalized_region,,OSREDNJESLOVENSKA
475759,2026-03-19T17:43:41.554990+00:00,normalized_city,,ČRNOMELJ
475759,2026-03-19T17:43:41.554990+00:00,normalized_region,,JUGOVZHODNA SLOVENIJA
475758,2026-03-19T17:43:41.554990+00:00,normalized_city,,PODPEČ
475758,2026-03-19T17:43:41.554990+00:00,normalized_region,,OBALNO-KRAŠKA
475757,2026-03-19T17:43:41.554990+00:00,normalized_city,,TRBOVLJE
475757,2026-03-19T17:43:41.554990+00:00,normalized_region,,ZASAVSKA
475756,2026-03-19T17:43:41.554990+00:00,normalized_city,,LJUBLJANA
475756,2026-03-19T17:43:41.554990+00:00,normalized_region,,OSREDNJESLOVENSKA
475755,2026-03-19T17:43:41.554990+00:00,normalized_city,,LJUBLJANA
475755,2026-03-19T17:43:41.554990+00:00,normalized_region,,OSREDNJESLOVENSKA
475750,2026-03-19T17:43:41.554990+00:00,normalized_city,,GROSUPLJE
475750,2026-03-19T17:43:41.554990+00:00,normalized_region,,OSREDNJESLOVENSKA
475750,2026-03-19T17:43:41.554990+00:00,start_date,,2026-03-23
475749,2026-03-19T17:43:41.554990+00:00,normalized_city,,NOVO MESTO
475749,2026-03-19T17:43:41.554990+00:00,normalized_region,,JUGOVZHODNA SLOVENIJA
475748,2026-03-19T17:43:41.554990+00:00,normalized_city,,KAMNIK
475748,2026-03-19T17:43:41.554990+00:00,normalized_region,,OSREDNJESLOVENSKA
475747,2026-03-19T17:43:41.554990+00:00,normalized_city,,RAZBOR
475747,2026-03-19T17:43:41.554990+00:00,normalized_region,,SAVINJSKA
475745,2026-03-19T17:43:41.554990+00:00,normalized_city,,LJUBLJANA
475745,2026-03-19T17:43:41.554990+00:00,normalized_region,,OSREDNJESLOVENSKA
475743,2026-03-19T17:43:41.554990+00:00,normalized_city,,IDRIJA
475743,2026-03-19T17:43:41.554990+00:00,normalized_region,,GORIŠKA
475738,2026-03-19T17:43:41.554990+00:00,normalized_city,,BLED
475738,2026-03-19T17:43:41.554990+00:00,normalized_region,,GORENJSKA
475737,2026-03-19T17:43:41.554990+00:00,normalized_city,,LJUBLJANA
475737,2026-03-19T17:43:41.554990+00:00,normalized_region,,OSREDNJESLOVENSKA
475735,2026-03-19T17:43:41.554990+00:00,normalized_city,,IG
475735,2026-03-19T17:43:41.554990+00:00,normalized_region,,OSREDNJESLOVENSKA
475732,2026-03-19T17:43:41.554990+00:00,normalized_city,,LJUBLJANA
475732,2026-03-19T17:43:41.554990+00:00,normalized_region,,OSREDNJESLOVENSKA
475731,2026-03-19T17:43:41.554990+00:00,normalized_city,,LJUTOMER
475731,2026-03-19T17:43:41.554990+00:00,normalized_region,,POMURSKA
475730,2026-03-19T17:43:41.554990+00:00,normalized_city,,SEŽANA
475730,2026-03-19T17:43:41.554990+00:00,normalized_region,,OBALNO-KRAŠKA
475729,2026-03-19T17:43:41.554990+00:00,normalized_city,,ŠENTJERNEJ
475729,2026-03-19T17:43:41.554990+00:00,normalized_region,,JUGOVZHODNA SLOVENIJA
475728,2026-03-19T17:43:41.554990+00:00,normalized_city,,LJUBLJANA
475728,2026-03-19T17:43:41.554990+00:00,normalized_region,,OSREDNJESLOVENSKA
475726,2026-03-19T17:43:41.554990+00:00,normalized_city,,LJUBLJANA
475726,2026-03-19T17:43:41.554990+00:00,normalized_region,,OSREDNJESLOVENSKA
475725,2026-03-19T17:43:41.554990+00:00,normalized_city,,IZOLA/ISOLA
475725,2026-03-19T17:43:41.554990+00:00,normalized_region,,OBALNO-KRAŠKA
475724,2026-03-19T17:43:41.554990+00:00,normalized_city,,LJUBLJANA
475724,2026-03-19T17:43:41.554990+00:00,normalized_region,,OSREDNJESLOVENSKA
475724,2026-03-19T17:43:41.554990+00:00,start_date,2026-03-19,
475723,2026-03-19T17:43:41.554990+00:00,normalized_city,,LJUBLJANA
475723,2026-03-19T17:43:41.554990+00:00,normalized_region,,OSREDNJESLOVENSKA
475722,2026-03-19T17:43:41.554990+00:00,normalized_city,,KIDRIČEVO
475722,2026-03-19T17:43:41.554990+00:00,normalized_region,,PODRAVSKA
475720,2026-03-19T17:43:41.554990+00:00,normalized_city,,LJUBLJANA
475720,2026-03-19T17:43:41.554990+00:00,normalized_region,,OSREDNJESLOVENSKA
475719,2026-03-19T17:43:41.554990+00:00,normalized_city,,LJUBLJANA
475719,2026-03-19T17:43:41.554990+00:00,normalized_region,,OSREDNJESLOVENSKA
475718,2026-03-19T17:43:41.554990+00:00,normalized_city,,STRAŽA
475718,2026-03-19T17:43:41.554990+00:00,normalized_region,,JUGOVZHODNA SLOVENIJA
475717,2026-03-19T17:43:41.554990+00:00,normalized_city,,SLOVENJ GRADEC
475717,2026-03-19T17:43:41.554990+00:00,normalized_region,,KOROŠKA
475715,2026-03-19T17:43:41.554990+00:00,normalized_city,,PIVKA
475715,2026-03-19T17:43:41.554990+00:00,normalized_region,,PRIMORSKO-NOTRANJSKA
475714,2026-03-19T17:43:41.554990+00:00,normalized_city,,IZOLA/ISOLA
475714,2026-03-19T17:43:41.554990+00:00,normalized_region,,OBALNO-KRAŠKA
475710,2026-03-19T17:43:41.554990+00:00,normalized_city,,POLZELA
475710,2026-03-19T17:43:41.554990+00:00,normalized_region,,SAVINJSKA
475708,2026-03-19T17:43:41.554990+00:00,normalized_city,,NOVO MESTO
475708,2026-03-19T17:43:41.554990+00:00,normalized_region,,JUGOVZHODNA SLOVENIJA
475707,2026-03-19T17:43:41.554990+00:00,normalized_city,,PETROVČE
475707,2026-03-19T17:43:41.554990+00:00,normalized_region,,SAVINJSKA
475706,2026-03-19T17:43:41.554990+00:00,normalized_city,,VIDEM
475706,2026-03-19T17:43:41.554990+00:00,normalized_region,,POSAVSKA
475705,2026-03-19T17:43:41.554990+00:00,normalized_city,,BLED
475705,2026-03-19T17:43:41.554990+00:00,normalized_region,,GORENJSKA
475704,2026-03-19T17:43:41.554990+00:00,normalized_city,,LJUBLJANA
475704,2026-03-19T17:43:41.554990+00:00,normalized_region,,OSREDNJESLOVENSKA
475703,2026-03-19T17:43:41.554990+00:00,normalized_city,,DVORJE
475703,2026-03-19T17:43:41.554990+00:00,normalized_region,,OSREDNJESLOVENSKA
475702,2026-03-19T17:43:41.554990+00:00,normalized_city,,MARIBOR
475702,2026-03-19T17:43:41.554990+00:00,normalized_region,,PODRAVSKA
475701,2026-03-19T17:43:41.554990+00:00,normalized_city,,LJUBLJANA
475701,2026-03-19T17:43:41.554990+00:00,normalized_region,,OSREDNJESLOVENSKA
475700,2026-03-19T17:43:41.554990+00:00,normalized_city,,ŠMARTNO PRI LITIJI
475700,2026-03-19T17:43:41.554990+00:00,normalized_region,,OSREDNJESLOVENSKA
475699,2026-03-19T17:43:41.554990+00:00,normalized_city,,MARIBOR
475699,2026-03-19T17:43:41.554990+00:00,normalized_region,,PODRAVSKA
475696,2026-03-19T17:43:41.554990+00:00,normalized_city,,TRZIN
475696,2026-03-19T17:43:41.554990+00:00,normalized_region,,OSREDNJESLOVENSKA
475695,2026-03-19T17:43:41.554990+00:00,normalized_city,,BLED
475695,2026-03-19T17:43:41.554990+00:00,normalized_region,,GORENJSKA
475694,2026-03-19T17:43:41.554990+00:00,normalized_city,,KOMENDA
475694,2026-03-19T17:43:41.554990+00:00,normalized_region,,OSREDNJESLOVENSKA
475692,2026-03-19T17:43:41.554990+00:00,normalized_city,,BREZJE
475692,2026-03-19T17:43:41.554990+00:00,normalized_region,,ZASAVSKA
475691,2026-03-19T17:43:41.554990+00:00,normalized_city,,IVANČNA GORICA
475691,2026-03-19T17:43:41.554990+00:00,normalized_region,,OSREDNJESLOVENSKA
475690,2026-03-19T17:43:41.554990+00:00,normalized_city,,PTUJ
475690,2026-03-19T17:43:41.554990+00:00,normalized_region,,PODRAVSKA
475689,2026-03-19T17:43:41.554990+00:00,normalized_city,,NOVO MESTO
475689,2026-03-19T17:43:41.554990+00:00,normalized_region,,JUGOVZHODNA SLOVENIJA
475688,2026-03-19T17:43:41.554990+00:00,normalized_city,,GOZD MARTULJEK
475688,2026-03-19T17:43:41.554990+00:00,normalized_region,,GORENJSKA
475684,2026-03-19T17:43:41.554990+00:00,normalized_city,,LJUBLJANA
475684,2026-03-19T17:43:41.554990+00:00,normalized_region,,OSREDNJESLOVENSKA
475683,2026-03-19T17:43:41.554990+00:00,normalized_city,,LJUBLJANA
475683,2026-03-19T17:43:41.554990+00:00,normalized_region,,OSREDNJESLOVENSKA
475679,2026-03-19T17:43:41.554990+00:00,normalized_city,,TRZIN
475679,2026-03-19T17:43:41.554990+00:00,normalized_region,,OSREDNJESLOVENSKA
475676,2026-03-19T17:43:41.554990+00:00,normalized_city,,LJUBLJANA
475676,2026-03-19T17:43:41.554990+00:00,normalized_region,,OSREDNJESLOVENSKA
475675,2026-03-19T17:43:41.554990+00:00,normalized_city,,MARIBOR
475675,2026-03-19T17:43:41.554990+00:00,normalized_region,,PODRAVSKA
475674,2026-03-19T17:43:41.554990+00:00,description,"Podjetje išče osebe za delo v skladišču. Delovno mesto zajema prevzemanje, skladiščenje in izdajanje blaga, urejanje delovnega okolja, delo s čitalcem. Možna kasnejša redna zaposlitev. Pogoj je lastni prevoz, delo je tudi v treh izmenah, ko je to potrebno. Zaželeno je znanje slovenskega jezika. Dodatek na nočno delo +30%. Pošljite prijavo.","Podjetje išče osebe za delo v skladišču. Delovno mesto zajema prevzemanje, skladiščenje in izdajanje blaga, urejanje delovnega okolja, delo s čitalcem. Možna kasnejša redna zaposlitev. Pogoj je lastni prevoz, izkušnje z delom v skladišču, delo je tudi v treh izmenah, ko je to potrebno. Zaželeno je znanje slovenskega jezika. Dodatek na nočno delo +30%. Pošljite prijavo."
475672,2026-03-19T17:43:41.554990+00:00,normalized_city,,KOPER/CAPODISTRIA
475672,2026-03-19T17:43:41.554990+00:00,normalized_region,,OBALNO-KRAŠKA
475668,2026-03-19T17:43:41.554990+00:00,normalized_city,,LJUBLJANA
475668,2026-03-19T17:43:41.554990+00:00,normalized_region,,OSREDNJESLOVENSKA
475667,2026-03-19T17:43:41.554990+00:00,normalized_city,,MARIBOR
475667,2026-03-19T17:43:41.554990+00:00,normalized_region,,PODRAVSKA
475666,2026-03-19T17:43:41.554990+00:00,normalized_city,,LJUBLJANA
475666,2026-03-19T17:43:41.554990+00:00,normalized_region,,OSREDNJESLOVENSKA
475665,2026-03-19T17:43:41.554990+00:00,normalized_city,,LITIJA
475665,2026-03-19T17:43:41.554990+00:00,normalized_region,,ZASAVSKA
475664,2026-03-19T17:43:41.554990+00:00,normalized_city,,MARIBOR
475664,2026-03-19T17:43:41.554990+00:00,normalized_region,,PODRAVSKA
475660,2026-03-19T17:43:41.554990+00:00,normalized_city,,ŠKOFLJICA
475660,2026-03-19T17:43:41.554990+00:00,normalized_region,,OSREDNJESLOVENSKA
475659,2026-03-19T17:43:41.554990+00:00,normalized_city,,SEVNICA
475659,2026-03-19T17:43:41.554990+00:00,normalized_region,,POSAVSKA
475658,2026-03-19T17:43:41.554990+00:00,normalized_city,,VRHNIKA
475658,2026-03-19T17:43:41.554990+00:00,normalized_region,,OSREDNJESLOVENSKA
475657,2026-03-19T17:43:41.554990+00:00,normalized_city,,RAČE
475657,2026-03-19T17:43:41.554990+00:00,normalized_region,,PODRAVSKA
475656,2026-03-19T17:43:41.554990+00:00,normalized_city,,LJUBLJANA
475656,2026-03-19T17:43:41.554990+00:00,normalized_region,,OSREDNJESLOVENSKA
475655,2026-03-19T17:43:41.554990+00:00,normalized_city,,KOPER/CAPODISTRIA
475655,2026-03-19T17:43:41.554990+00:00,normalized_region,,OBALNO-KRAŠKA
475653,2026-03-19T17:43:41.554990+00:00,normalized_city,,LJUBLJANA
475653,2026-03-19T17:43:41.554990+00:00,normalized_region,,OSREDNJESLOVENSKA
475651,2026-03-19T17:43:41.554990+00:00,normalized_city,,CELJE
475651,2026-03-19T17:43:41.554990+00:00,normalized_region,,SAVINJSKA
475650,2026-03-19T17:43:41.554990+00:00,normalized_city,,POSTOJNA
475650,2026-03-19T17:43:41.554990+00:00,normalized_region,,PRIMORSKO-NOTRANJSKA
475648,2026-03-19T17:43:41.554990+00:00,normalized_city,,LJUBLJANA
475648,2026-03-19T17:43:41.554990+00:00,normalized_region,,OSREDNJESLOVENSKA
475646,2026-03-19T17:43:41.554990+00:00,normalized_city,,LJUBLJANA
475646,2026-03-19T17:43:41.554990+00:00,normalized_region,,OSREDNJESLOVENSKA
475639,2026-03-19T17:43:41.554990+00:00,normalized_city,,LJUBLJANA
475639,2026-03-19T17:43:41.554990+00:00,normalized_region,,OSREDNJESLOVENSKA
475637,2026-03-19T17:43:41.554990+00:00,normalized_city,,LJUBLJANA
475637,2026-03-19T17:43:41.554990+00:00,normalized_region,,OSREDNJESLOVENSKA
475635,2026-03-19T17:43:41.554990+00:00,normalized_city,,LJUBLJANA
475635,2026-03-19T17:43:41.554990+00:00,normalized_region,,OSREDNJESLOVENSKA
475634,2026-03-19T17:43:41.554990+00:00,normalized_city,,JESENICE
475634,2026-03-19T17:43:41.554990+00:00,normalized_region,,GORENJSKA
475633,2026-03-19T17:43:41.554990+00:00,normalized_city,,KOPER/CAPODISTRIA
475633,2026-03-19T17:43:41.554990+00:00,normalized_region,,OBALNO-KRAŠKA
475624,2026-03-19T17:43:41.554990+00:00,normalized_city,,LENDAVA/LENDVA
475624,2026-03-19T17:43:41.554990+00:00,normalized_region,,POMURSKA
475623,2026-03-19T17:43:41.554990+00:00,normalized_city,,MORAVSKE TOPLICE
475623,2026-03-19T17:43:41.554990+00:00,normalized_region,,POMURSKA
475622,2026-03-19T17:43:41.554990+00:00,normalized_city,,PORTOROŽ/PORTOROSE
475622,2026-03-19T17:43:41.554990+00:00,normalized_region,,OBALNO-KRAŠKA
475621,2026-03-19T17:43:41.554990+00:00,normalized_city,,KOMENDA
475621,2026-03-19T17:43:41.554990+00:00,normalized_region,,OSREDNJESLOVENSKA
475618,2026-03-19T17:43:41.554990+00:00,normalized_city,,MARIBOR
475618,2026-03-19T17:43:41.554990+00:00,normalized_region,,PODRAVSKA
475617,2026-03-19T17:43:41.554990+00:00,normalized_city,,LJUBLJANA
475617,2026-03-19T17:43:41.554990+00:00,normalized_region,,OSREDNJESLOVENSKA
475615,2026-03-19T17:43:41.554990+00:00,normalized_city,,RIBNICA
475615,2026-03-19T17:43:41.554990+00:00,normalized_region,,JUGOVZHODNA SLOVENIJA
475614,2026-03-19T17:43:41.554990+00:00,normalized_city,,LJUBLJANA
475614,2026-03-19T17:43:41.554990+00:00,normalized_region,,OSREDNJESLOVENSKA
475613,2026-03-19T17:43:41.554990+00:00,normalized_city,,POSTOJNA
475613,2026-03-19T17:43:41.554990+00:00,normalized_region,,PRIMORSKO-NOTRANJSKA
475610,2026-03-19T17:43:41.554990+00:00,normalized_city,,LJUBLJANA
475610,2026-03-19T17:43:41.554990+00:00,normalized_region,,OSREDNJESLOVENSKA
475608,2026-03-19T17:43:41.554990+00:00,normalized_city,,MARIBOR
475608,2026-03-19T17:43:41.554990+00:00,normalized_region,,PODRAVSKA
475607,2026-03-19T17:43:41.554990+00:00,normalized_city,,LAŠKO
475607,2026-03-19T17:43:41.554990+00:00,normalized_region,,SAVINJSKA
475606,2026-03-19T17:43:41.554990+00:00,normalized_city,,LJUBLJANA
475606,2026-03-19T17:43:41.554990+00:00,normalized_region,,OSREDNJESLOVENSKA
475605,2026-03-19T17:43:41.554990+00:00,normalized_city,,GORNJA RADGONA
475605,2026-03-19T17:43:41.554990+00:00,normalized_region,,POMURSKA
475603,2026-03-19T17:43:41.554990+00:00,normalized_city,,GORNJA RADGONA
475603,2026-03-19T17:43:41.554990+00:00,normalized_region,,POMURSKA
475602,2026-03-19T17:43:41.554990+00:00,normalized_city,,NOVO MESTO
475602,2026-03-19T17:43:41.554990+00:00,normalized_region,,JUGOVZHODNA SLOVENIJA
475601,2026-03-19T17:43:41.554990+00:00,normalized_city,,LJUBLJANA
475601,2026-03-19T17:43:41.554990+00:00,normalized_region,,OSREDNJESLOVENSKA
475599,2026-03-19T17:43:41.554990+00:00,normalized_city,,LJUBLJANA
475599,2026-03-19T17:43:41.554990+00:00,normalized_region,,OSREDNJESLOVENSKA
475598,2026-03-19T17:43:41.554990+00:00,normalized_city,,LJUBLJANA
475598,2026-03-19T17:43:41.554990+00:00,normalized_region,,OSREDNJESLOVENSKA
475596,2026-03-19T17:43:41.554990+00:00,normalized_city,,LJUBLJANA
475596,2026-03-19T17:43:41.554990+00:00,normalized_region,,OSREDNJESLOVENSKA
475595,2026-03-19T17:43:41.554990+00:00,normalized_city,,LAZE V TUHINJU
475595,2026-03-19T17:43:41.554990+00:00,normalized_region,,OSREDNJESLOVENSKA
475594,2026-03-19T17:43:41.554990+00:00,normalized_city,,LJUBLJANA
475594,2026-03-19T17:43:41.554990+00:00,normalized_region,,OSREDNJESLOVENSKA
475592,2026-03-19T17:43:41.554990+00:00,normalized_city,,RAČE
475592,2026-03-19T17:43:41.554990+00:00,normalized_region,,PODRAVSKA
475591,2026-03-19T17:43:41.554990+00:00,normalized_city,,LJUBLJANA
475591,2026-03-19T17:43:41.554990+00:00,normalized_region,,OSREDNJESLOVENSKA
475590,2026-03-19T17:43:41.554990+00:00,normalized_city,,MURSKA SOBOTA
475590,2026-03-19T17:43:41.554990+00:00,normalized_region,,POMURSKA
475588,2026-03-19T17:43:41.554990+00:00,normalized_city,,LJUBLJANA
475588,2026-03-19T17:43:41.554990+00:00,normalized_region,,OSREDNJESLOVENSKA
475587,2026-03-19T17:43:41.554990+00:00,normalized_city,,LJUBLJANA
475587,2026-03-19T17:43:41.554990+00:00,normalized_region,,OSREDNJESLOVENSKA
475583,2026-03-19T17:43:41.554990+00:00,normalized_city,,CIGLENCE
475583,2026-03-19T17:43:41.554990+00:00,normalized_region,,PODRAVSKA
475582,2026-03-19T17:43:41.554990+00:00,normalized_city,,MARIBOR
475582,2026-03-19T17:43:41.554990+00:00,normalized_region,,PODRAVSKA
475581,2026-03-19T17:43:41.554990+00:00,normalized_city,,BELTINCI
475581,2026-03-19T17:43:41.554990+00:00,normalized_region,,POMURSKA
475579,2026-03-19T17:43:41.554990+00:00,normalized_city,,NOVO MESTO
475579,2026-03-19T17:43:41.554990+00:00,normalized_region,,JUGOVZHODNA SLOVENIJA
475578,2026-03-19T17:43:41.554990+00:00,normalized_city,,KRANJ
475578,2026-03-19T17:43:41.554990+00:00,normalized_region,,GORENJSKA
475577,2026-03-19T17:43:41.554990+00:00,normalized_city,,LJUBLJANA
475577,2026-03-19T17:43:41.554990+00:00,normalized_region,,OSREDNJESLOVENSKA
475576,2026-03-19T17:43:41.554990+00:00,normalized_city,,LJUBLJANA
475576,2026-03-19T17:43:41.554990+00:00,normalized_region,,OSREDNJESLOVENSKA
475572,2026-03-19T17:43:41.554990+00:00,normalized_city,,LOČE
475572,2026-03-19T17:43:41.554990+00:00,normalized_region,,SAVINJSKA
475571,2026-03-19T17:43:41.554990+00:00,subtitle,,DELO V RESTAVRACIJI S HITRO PREHRANO
475571,2026-03-19T17:43:41.554990+00:00,normalized_city,,LESCE
475571,2026-03-19T17:43:41.554990+00:00,normalized_region,,GORENJSKA
475570,2026-03-19T17:43:41.554990+00:00,normalized_city,,DOMŽALE
475570,2026-03-19T17:43:41.554990+00:00,normalized_region,,OSREDNJESLOVENSKA
475567,2026-03-19T17:43:41.554990+00:00,subtitle,,DELO V RESTAVRACIJI S HITRO PREHRANO
475567,2026-03-19T17:43:41.554990+00:00,normalized_city,,LESCE
475567,2026-03-19T17:43:41.554990+00:00,normalized_region,,GORENJSKA
475565,2026-03-19T17:43:41.554990+00:00,subtitle,,DELO V RESTAVRACIJI S HITRO PREHRANO
475565,2026-03-19T17:43:41.554990+00:00,normalized_city,,LESCE
475565,2026-03-19T17:43:41.554990+00:00,normalized_region,,GORENJSKA
475564,2026-03-19T17:43:41.554990+00:00,normalized_city,,RAŠICA
475564,2026-03-19T17:43:41.554990+00:00,normalized_region,,OSREDNJESLOVENSKA
475563,2026-03-19T17:43:41.554990+00:00,normalized_city,,MARIBOR
475563,2026-03-19T17:43:41.554990+00:00,normalized_region,,PODRAVSKA
475559,2026-03-19T17:43:41.554990+00:00,normalized_city,,KRANJ
475559,2026-03-19T17:43:41.554990+00:00,normalized_region,,GORENJSKA
475554,2026-03-19T17:43:41.554990+00:00,normalized_city,,IVANČNA GORICA
475554,2026-03-19T17:43:41.554990+00:00,normalized_region,,OSREDNJESLOVENSKA
475553,2026-03-19T17:43:41.554990+00:00,normalized_city,,LJUBLJANA
475553,2026-03-19T17:43:41.554990+00:00,normalized_region,,OSREDNJESLOVENSKA
475552,2026-03-19T17:43:41.554990+00:00,normalized_city,,ŠTORE
475552,2026-03-19T17:43:41.554990+00:00,normalized_region,,SAVINJSKA
475551,2026-03-19T17:43:41.554990+00:00,normalized_city,,LJUBLJANA
475551,2026-03-19T17:43:41.554990+00:00,normalized_region,,OSREDNJESLOVENSKA
475549,2026-03-19T17:43:41.554990+00:00,normalized_city,,CELJE
475549,2026-03-19T17:43:41.554990+00:00,normalized_region,,SAVINJSKA
475547,2026-03-19T17:43:41.554990+00:00,normalized_city,,GORNJA RADGONA
475547,2026-03-19T17:43:41.554990+00:00,normalized_region,,POMURSKA
475529,2026-03-19T17:43:41.554990+00:00,normalized_city,,LJUBLJANA
475529,2026-03-19T17:43:41.554990+00:00,normalized_region,,OSREDNJESLOVENSKA
475528,2026-03-19T17:43:41.554990+00:00,normalized_city,,LJUBLJANA
475528,2026-03-19T17:43:41.554990+00:00,normalized_region,,OSREDNJESLOVENSKA
475542,2026-03-19T17:43:41.554990+00:00,normalized_city,,LJUBLJANA
475542,2026-03-19T17:43:41.554990+00:00,normalized_region,,OSREDNJESLOVENSKA
475541,2026-03-19T17:43:41.554990+00:00,normalized_city,,ŠENČUR
475541,2026-03-19T17:43:41.554990+00:00,normalized_region,,GORENJSKA
475540,2026-03-19T17:43:41.554990+00:00,normalized_city,,LJUBLJANA
475540,2026-03-19T17:43:41.554990+00:00,normalized_region,,OSREDNJESLOVENSKA
475539,2026-03-19T17:43:41.554990+00:00,normalized_city,,KRANJ
475539,2026-03-19T17:43:41.554990+00:00,normalized_region,,GORENJSKA
475538,2026-03-19T17:43:41.554990+00:00,normalized_city,,PIRAN/PIRANO
475538,2026-03-19T17:43:41.554990+00:00,normalized_region,,OBALNO-KRAŠKA
475537,2026-03-19T17:43:41.554990+00:00,normalized_city,,LJUBLJANA
475537,2026-03-19T17:43:41.554990+00:00,normalized_region,,OSREDNJESLOVENSKA
475536,2026-03-19T17:43:41.554990+00:00,normalized_city,,PIRAN/PIRANO
475536,2026-03-19T17:43:41.554990+00:00,normalized_region,,OBALNO-KRAŠKA
475534,2026-03-19T17:43:41.554990+00:00,normalized_city,,PIRAN/PIRANO
475534,2026-03-19T17:43:41.554990+00:00,normalized_region,,OBALNO-KRAŠKA
475532,2026-03-19T17:43:41.554990+00:00,normalized_city,,ORMOŽ
475532,2026-03-19T17:43:41.554990+00:00,normalized_region,,PODRAVSKA
475531,2026-03-19T17:43:41.554990+00:00,normalized_city,,MARIBOR
475531,2026-03-19T17:43:41.554990+00:00,normalized_region,,PODRAVSKA
475530,2026-03-19T17:43:41.554990+00:00,normalized_city,,MENGEŠ
475530,2026-03-19T17:43:41.554990+00:00,normalized_region,,OSREDNJESLOVENSKA
475526,2026-03-19T17:43:41.554990+00:00,normalized_city,,DOMŽALE
475526,2026-03-19T17:43:41.554990+00:00,normalized_region,,OSREDNJESLOVENSKA
475525,2026-03-19T17:43:41.554990+00:00,normalized_city,,RADOVLJICA
475525,2026-03-19T17:43:41.554990+00:00,normalized_region,,GORENJSKA
475523,2026-03-19T17:43:41.554990+00:00,normalized_city,,LJUBLJANA
475523,2026-03-19T17:43:41.554990+00:00,normalized_region,,OSREDNJESLOVENSKA
475522,2026-03-19T17:43:41.554990+00:00,normalized_city,,DOBOVA
475522,2026-03-19T17:43:41.554990+00:00,normalized_region,,POSAVSKA
475520,2026-03-19T17:43:41.554990+00:00,normalized_city,,LJUBLJANA
475520,2026-03-19T17:43:41.554990+00:00,normalized_region,,OSREDNJESLOVENSKA
475519,2026-03-19T17:43:41.554990+00:00,normalized_city,,LJUBLJANA
475519,2026-03-19T17:43:41.554990+00:00,normalized_region,,OSREDNJESLOVENSKA
475517,2026-03-19T17:43:41.554990+00:00,normalized_city,,MARIBOR
475517,2026-03-19T17:43:41.554990+00:00,normalized_region,,PODRAVSKA
475516,2026-03-19T17:43:41.554990+00:00,normalized_city,,SEVNICA
475516,2026-03-19T17:43:41.554990+00:00,normalized_region,,POSAVSKA
475515,2026-03-19T17:43:41.554990+00:00,normalized_city,,KAMNIK
475515,2026-03-19T17:43:41.554990+00:00,normalized_region,,OSREDNJESLOVENSKA
475514,2026-03-19T17:43:41.554990+00:00,normalized_city,,MENGEŠ
475514,2026-03-19T17:43:41.554990+00:00,normalized_region,,OSREDNJESLOVENSKA
475513,2026-03-19T17:43:41.554990+00:00,normalized_city,,SENOVO
475513,2026-03-19T17:43:41.554990+00:00,normalized_region,,POSAVSKA
475509,2026-03-19T17:43:41.554990+00:00,normalized_city,,ŠKOFLJICA
475509,2026-03-19T17:43:41.554990+00:00,normalized_region,,OSREDNJESLOVENSKA
475508,2026-03-19T17:43:41.554990+00:00,normalized_city,,MARIBOR
475508,2026-03-19T17:43:41.554990+00:00,normalized_region,,PODRAVSKA
475507,2026-03-19T17:43:41.554990+00:00,normalized_city,,LJUBLJANA
475507,2026-03-19T17:43:41.554990+00:00,normalized_region,,OSREDNJESLOVENSKA
475506,2026-03-19T17:43:41.554990+00:00,normalized_city,,LJUBLJANA
475506,2026-03-19T17:43:41.554990+00:00,normalized_region,,OSREDNJESLOVENSKA
475505,2026-03-19T17:43:41.554990+00:00,normalized_city,,LJUBLJANA
475505,2026-03-19T17:43:41.554990+00:00,normalized_region,,OSREDNJESLOVENSKA
475504,2026-03-19T17:43:41.554990+00:00,normalized_city,,MARIBOR
475504,2026-03-19T17:43:41.554990+00:00,normalized_region,,PODRAVSKA
475503,2026-03-19T17:43:41.554990+00:00,normalized_city,,LJUBLJANA
475503,2026-03-19T17:43:41.554990+00:00,normalized_region,,OSREDNJESLOVENSKA
475501,2026-03-19T17:43:41.554990+00:00,normalized_city,,LJUBLJANA
475501,2026-03-19T17:43:41.554990+00:00,normalized_region,,OSREDNJESLOVENSKA
475500,2026-03-19T17:43:41.554990+00:00,normalized_city,,LJUBLJANA
475500,2026-03-19T17:43:41.554990+00:00,normalized_region,,OSREDNJESLOVENSKA
475497,2026-03-19T17:43:41.554990+00:00,normalized_city,,DOMŽALE
475497,2026-03-19T17:43:41.554990+00:00,normalized_region,,OSREDNJESLOVENSKA
475496,2026-03-19T17:43:41.554990+00:00,normalized_city,,LJUBLJANA
475496,2026-03-19T17:43:41.554990+00:00,normalized_region,,OSREDNJESLOVENSKA
475495,2026-03-19T17:43:41.554990+00:00,normalized_city,,SREDNJE GAMELJNE
475495,2026-03-19T17:43:41.554990+00:00,normalized_region,,OSREDNJESLOVENSKA
475494,2026-03-19T17:43:41.554990+00:00,normalized_city,,RADOMLJE
475494,2026-03-19T17:43:41.554990+00:00,normalized_region,,OSREDNJESLOVENSKA
475492,2026-03-19T17:43:41.554990+00:00,normalized_city,,LJUBLJANA
475492,2026-03-19T17:43:41.554990+00:00,normalized_region,,OSREDNJESLOVENSKA
475491,2026-03-19T17:43:41.554990+00:00,normalized_city,,JESENICE
475491,2026-03-19T17:43:41.554990+00:00,normalized_region,,GORENJSKA
475490,2026-03-19T17:43:41.554990+00:00,normalized_city,,PORTOROŽ/PORTOROSE
475490,2026-03-19T17:43:41.554990+00:00,normalized_region,,OBALNO-KRAŠKA
475488,2026-03-19T17:43:41.554990+00:00,normalized_city,,PORTOROŽ/PORTOROSE
475488,2026-03-19T17:43:41.554990+00:00,normalized_region,,OBALNO-KRAŠKA
475483,2026-03-19T17:43:41.554990+00:00,normalized_city,,DOBROVA
475483,2026-03-19T17:43:41.554990+00:00,normalized_region,,POSAVSKA
475481,2026-03-19T17:43:41.554990+00:00,normalized_city,,PRESTRANEK
475481,2026-03-19T17:43:41.554990+00:00,normalized_region,,PRIMORSKO-NOTRANJSKA
475479,2026-03-19T17:43:41.554990+00:00,normalized_city,,LJUBLJANA
475479,2026-03-19T17:43:41.554990+00:00,normalized_region,,OSREDNJESLOVENSKA
475478,2026-03-19T17:43:41.554990+00:00,normalized_city,,LJUBLJANA
475478,2026-03-19T17:43:41.554990+00:00,normalized_region,,OSREDNJESLOVENSKA
475477,2026-03-19T17:43:41.554990+00:00,normalized_city,,LJUBLJANA
475477,2026-03-19T17:43:41.554990+00:00,normalized_region,,OSREDNJESLOVENSKA
475476,2026-03-19T17:43:41.554990+00:00,normalized_city,,LJUBLJANA
475476,2026-03-19T17:43:41.554990+00:00,normalized_region,,OSREDNJESLOVENSKA
475470,2026-03-19T17:43:41.554990+00:00,normalized_city,,IZOLA/ISOLA
475470,2026-03-19T17:43:41.554990+00:00,normalized_region,,OBALNO-KRAŠKA
475466,2026-03-19T17:43:41.554990+00:00,normalized_city,,POLZELA
475466,2026-03-19T17:43:41.554990+00:00,normalized_region,,SAVINJSKA
475463,2026-03-19T17:43:41.554990+00:00,normalized_city,,RADOVLJICA
475463,2026-03-19T17:43:41.554990+00:00,normalized_region,,GORENJSKA
475462,2026-03-19T17:43:41.554990+00:00,normalized_city,,POSTOJNA
475462,2026-03-19T17:43:41.554990+00:00,normalized_region,,PRIMORSKO-NOTRANJSKA
475461,2026-03-19T17:43:41.554990+00:00,normalized_city,,BUKOVCI
475461,2026-03-19T17:43:41.554990+00:00,normalized_region,,PODRAVSKA
475458,2026-03-19T17:43:41.554990+00:00,normalized_city,,ZBILJE
475458,2026-03-19T17:43:41.554990+00:00,normalized_region,,OSREDNJESLOVENSKA
475457,2026-03-19T17:43:41.554990+00:00,normalized_city,,IZOLA/ISOLA
475457,2026-03-19T17:43:41.554990+00:00,normalized_region,,OBALNO-KRAŠKA
475454,2026-03-19T17:43:41.554990+00:00,normalized_city,,LJUBLJANA
475454,2026-03-19T17:43:41.554990+00:00,normalized_region,,OSREDNJESLOVENSKA
475452,2026-03-19T17:43:41.554990+00:00,normalized_city,,KAMNIK
475452,2026-03-19T17:43:41.554990+00:00,normalized_region,,OSREDNJESLOVENSKA
475451,2026-03-19T17:43:41.554990+00:00,normalized_city,,MARIBOR
475451,2026-03-19T17:43:41.554990+00:00,normalized_region,,PODRAVSKA
475443,2026-03-19T17:43:41.554990+00:00,normalized_city,,KRANJ
475443,2026-03-19T17:43:41.554990+00:00,normalized_region,,GORENJSKA
475442,2026-03-19T17:43:41.554990+00:00,normalized_city,,RADOMLJE
475442,2026-03-19T17:43:41.554990+00:00,normalized_region,,OSREDNJESLOVENSKA
475441,2026-03-19T17:43:41.554990+00:00,normalized_city,,PREBOLD
475441,2026-03-19T17:43:41.554990+00:00,normalized_region,,SAVINJSKA
475439,2026-03-19T17:43:41.554990+00:00,normalized_city,,BLED
475439,2026-03-19T17:43:41.554990+00:00,normalized_region,,GORENJSKA
475438,2026-03-19T17:43:41.554990+00:00,normalized_city,,LJUBLJANA
475438,2026-03-19T17:43:41.554990+00:00,normalized_region,,OSREDNJESLOVENSKA
475437,2026-03-19T17:43:41.554990+00:00,normalized_city,,LJUBLJANA
475437,2026-03-19T17:43:41.554990+00:00,normalized_region,,OSREDNJESLOVENSKA
475436,2026-03-19T17:43:41.554990+00:00,normalized_city,,BREG PRI BOROVNICI
475436,2026-03-19T17:43:41.554990+00:00,normalized_region,,OSREDNJESLOVENSKA
475435,2026-03-19T17:43:41.554990+00:00,normalized_city,,KOPER/CAPODISTRIA
475435,2026-03-19T17:43:41.554990+00:00,normalized_region,,OBALNO-KRAŠKA
475433,2026-03-19T17:43:41.554990+00:00,normalized_city,,LAVRICA
475433,2026-03-19T17:43:41.554990+00:00,normalized_region,,OSREDNJESLOVENSKA
475432,2026-03-19T17:43:41.554990+00:00,normalized_city,,LESCE
475432,2026-03-19T17:43:41.554990+00:00,normalized_region,,GORENJSKA
475431,2026-03-19T17:43:41.554990+00:00,normalized_city,,KRANJ
475431,2026-03-19T17:43:41.554990+00:00,normalized_region,,GORENJSKA
475430,2026-03-19T17:43:41.554990+00:00,normalized_city,,MOSTE
475430,2026-03-19T17:43:41.554990+00:00,normalized_region,,GORENJSKA
475428,2026-03-19T17:43:41.554990+00:00,normalized_city,,KRANJ
475428,2026-03-19T17:43:41.554990+00:00,normalized_region,,GORENJSKA
475426,2026-03-19T17:43:41.554990+00:00,normalized_city,,VOLČJI POTOK
475426,2026-03-19T17:43:41.554990+00:00,normalized_region,,OSREDNJESLOVENSKA
475424,2026-03-19T17:43:41.554990+00:00,normalized_city,,TRŽIČ
475424,2026-03-19T17:43:41.554990+00:00,normalized_region,,GORENJSKA
475423,2026-03-19T17:43:41.554990+00:00,normalized_city,,BLED
475423,2026-03-19T17:43:41.554990+00:00,normalized_region,,GORENJSKA
475421,2026-03-19T17:43:41.554990+00:00,normalized_city,,LJUBLJANA
475421,2026-03-19T17:43:41.554990+00:00,normalized_region,,OSREDNJESLOVENSKA
475420,2026-03-19T17:43:41.554990+00:00,normalized_city,,LJUBLJANA
475420,2026-03-19T17:43:41.554990+00:00,normalized_region,,OSREDNJESLOVENSKA
475417,2026-03-19T17:43:41.554990+00:00,normalized_city,,KOBARID
475417,2026-03-19T17:43:41.554990+00:00,normalized_region,,GORIŠKA
475414,2026-03-19T17:43:41.554990+00:00,normalized_city,,KOPER/CAPODISTRIA
475414,2026-03-19T17:43:41.554990+00:00,normalized_region,,OBALNO-KRAŠKA
475412,2026-03-19T17:43:41.554990+00:00,normalized_city,,LJUBLJANA
475412,2026-03-19T17:43:41.554990+00:00,normalized_region,,OSREDNJESLOVENSKA
475411,2026-03-19T17:43:41.554990+00:00,normalized_city,,IZOLA/ISOLA
475411,2026-03-19T17:43:41.554990+00:00,normalized_region,,OBALNO-KRAŠKA
475410,2026-03-19T17:43:41.554990+00:00,normalized_city,,SLOVENSKE KONJICE
475410,2026-03-19T17:43:41.554990+00:00,normalized_region,,SAVINJSKA
475409,2026-03-19T17:43:41.554990+00:00,normalized_city,,ŠEMPETER PRI GORICI
475409,2026-03-19T17:43:41.554990+00:00,normalized_region,,GORIŠKA
475407,2026-03-19T17:43:41.554990+00:00,normalized_city,,MURSKA SOBOTA
475407,2026-03-19T17:43:41.554990+00:00,normalized_region,,POMURSKA
475406,2026-03-19T17:43:41.554990+00:00,normalized_city,,LJUBLJANA
475406,2026-03-19T17:43:41.554990+00:00,normalized_region,,OSREDNJESLOVENSKA
475405,2026-03-19T17:43:41.554990+00:00,normalized_city,,BELTINCI
475405,2026-03-19T17:43:41.554990+00:00,normalized_region,,POMURSKA
475402,2026-03-19T17:43:41.554990+00:00,normalized_city,,VELENJE
475402,2026-03-19T17:43:41.554990+00:00,normalized_region,,SAVINJSKA
475400,2026-03-19T17:43:41.554990+00:00,normalized_city,,TRBOVLJE
475400,2026-03-19T17:43:41.554990+00:00,normalized_region,,ZASAVSKA
475399,2026-03-19T17:43:41.554990+00:00,normalized_city,,LJUBLJANA
475399,2026-03-19T17:43:41.554990+00:00,normalized_region,,OSREDNJESLOVENSKA
475397,2026-03-19T17:43:41.554990+00:00,normalized_city,,KRŠKO
475397,2026-03-19T17:43:41.554990+00:00,normalized_region,,POSAVSKA
475394,2026-03-19T17:43:41.554990+00:00,normalized_city,,VELENJE
475394,2026-03-19T17:43:41.554990+00:00,normalized_region,,SAVINJSKA
475392,2026-03-19T17:43:41.554990+00:00,normalized_city,,STRAŽA
475392,2026-03-19T17:43:41.554990+00:00,normalized_region,,JUGOVZHODNA SLOVENIJA
475390,2026-03-19T17:43:41.554990+00:00,normalized_city,,ŠENČUR
475390,2026-03-19T17:43:41.554990+00:00,normalized_region,,GORENJSKA
475380,2026-03-19T17:43:41.554990+00:00,normalized_city,,CELJE
475380,2026-03-19T17:43:41.554990+00:00,normalized_region,,SAVINJSKA
475366,2026-03-19T17:43:41.554990+00:00,normalized_city,,LJUBLJANA
475366,2026-03-19T17:43:41.554990+00:00,normalized_region,,OSREDNJESLOVENSKA
475361,2026-03-19T17:43:41.554990+00:00,normalized_city,,MARIBOR
475361,2026-03-19T17:43:41.554990+00:00,normalized_region,,PODRAVSKA
475348,2026-03-19T17:43:41.554990+00:00,normalized_city,,BLED
475348,2026-03-19T17:43:41.554990+00:00,normalized_region,,GORENJSKA
475346,2026-03-19T17:43:41.554990+00:00,normalized_city,,LJUBLJANA
475346,2026-03-19T17:43:41.554990+00:00,normalized_region,,OSREDNJESLOVENSKA
475345,2026-03-19T17:43:41.554990+00:00,normalized_city,,LJUBLJANA
475345,2026-03-19T17:43:41.554990+00:00,normalized_region,,OSREDNJESLOVENSKA
475343,2026-03-19T17:43:41.554990+00:00,sublocation,ŽITO TRGOVINA,
475343,2026-03-19T17:43:41.554990+00:00,normalized_city,,LJUBLJANA
475343,2026-03-19T17:43:41.554990+00:00,normalized_region,,OSREDNJESLOVENSKA
475339,2026-03-19T17:43:41.554990+00:00,normalized_city,,LJUBLJANA
475339,2026-03-19T17:43:41.554990+00:00,normalized_region,,OSREDNJESLOVENSKA
475338,2026-03-19T17:43:41.554990+00:00,normalized_city,,KOPER/CAPODISTRIA
475338,2026-03-19T17:43:41.554990+00:00,normalized_region,,OBALNO-KRAŠKA
475337,2026-03-19T17:43:41.554990+00:00,normalized_city,,LJUBNO OB SAVINJI
475337,2026-03-19T17:43:41.554990+00:00,normalized_region,,SAVINJSKA
475334,2026-03-19T17:43:41.554990+00:00,normalized_city,,LJUBLJANA
475334,2026-03-19T17:43:41.554990+00:00,normalized_region,,OSREDNJESLOVENSKA
475333,2026-03-19T17:43:41.554990+00:00,normalized_city,,TRZIN
475333,2026-03-19T17:43:41.554990+00:00,normalized_region,,OSREDNJESLOVENSKA
475321,2026-03-19T17:43:41.554990+00:00,subtitle,,DELO V RESTAVRACIJI S HITRO PREHRANO
475321,2026-03-19T17:43:41.554990+00:00,normalized_city,,LJUBLJANA
475321,2026-03-19T17:43:41.554990+00:00,normalized_region,,OSREDNJESLOVENSKA
475320,2026-03-19T17:43:41.554990+00:00,normalized_city,,LJUBLJANA
475320,2026-03-19T17:43:41.554990+00:00,normalized_region,,OSREDNJESLOVENSKA
475318,2026-03-19T17:43:41.554990+00:00,normalized_city,,BLED
475318,2026-03-19T17:43:41.554990+00:00,normalized_region,,GORENJSKA
475317,2026-03-19T17:43:41.554990+00:00,normalized_city,,RADOMLJE
475317,2026-03-19T17:43:41.554990+00:00,normalized_region,,OSREDNJESLOVENSKA
475316,2026-03-19T17:43:41.554990+00:00,normalized_city,,LJUBLJANA
475316,2026-03-19T17:43:41.554990+00:00,normalized_region,,OSREDNJESLOVENSKA
475316,2026-03-19T17:43:41.554990+00:00,start_date,2026-03-19,
475315,2026-03-19T17:43:41.554990+00:00,normalized_city,,MARIBOR
475315,2026-03-19T17:43:41.554990+00:00,normalized_region,,PODRAVSKA
475313,2026-03-19T17:43:41.554990+00:00,subtitle,,DELO V RESTAVRACIJI S HITRO PREHRANO
475313,2026-03-19T17:43:41.554990+00:00,normalized_city,,LJUBLJANA
475313,2026-03-19T17:43:41.554990+00:00,normalized_region,,OSREDNJESLOVENSKA
475312,2026-03-19T17:43:41.554990+00:00,normalized_city,,LJUBLJANA
475312,2026-03-19T17:43:41.554990+00:00,normalized_region,,OSREDNJESLOVENSKA
475310,2026-03-19T17:43:41.554990+00:00,normalized_city,,TRŽIČ
475310,2026-03-19T17:43:41.554990+00:00,normalized_region,,GORENJSKA
475309,2026-03-19T17:43:41.554990+00:00,normalized_city,,TRBOVLJE
475309,2026-03-19T17:43:41.554990+00:00,normalized_region,,ZASAVSKA
475307,2026-03-19T17:43:41.554990+00:00,normalized_city,,KRANJ
475307,2026-03-19T17:43:41.554990+00:00,normalized_region,,GORENJSKA
475305,2026-03-19T17:43:41.554990+00:00,normalized_city,,KRANJ
475305,2026-03-19T17:43:41.554990+00:00,normalized_region,,GORENJSKA
475304,2026-03-19T17:43:41.554990+00:00,normalized_region,,SAVINJSKA
475302,2026-03-19T17:43:41.554990+00:00,normalized_city,,LJUBLJANA
475302,2026-03-19T17:43:41.554990+00:00,normalized_region,,OSREDNJESLOVENSKA
475301,2026-03-19T17:43:41.554990+00:00,normalized_city,,CELJE
475301,2026-03-19T17:43:41.554990+00:00,normalized_region,,SAVINJSKA
475300,2026-03-19T17:43:41.554990+00:00,normalized_city,,BLED
475300,2026-03-19T17:43:41.554990+00:00,normalized_region,,GORENJSKA
475299,2026-03-19T17:43:41.554990+00:00,normalized_city,,BLED
475299,2026-03-19T17:43:41.554990+00:00,normalized_region,,GORENJSKA
475298,2026-03-19T17:43:41.554990+00:00,normalized_city,,KAMNIK
475298,2026-03-19T17:43:41.554990+00:00,normalized_region,,OSREDNJESLOVENSKA
475296,2026-03-19T17:43:41.554990+00:00,normalized_city,,TRBOVLJE
475296,2026-03-19T17:43:41.554990+00:00,normalized_region,,ZASAVSKA
475292,2026-03-19T17:43:41.554990+00:00,normalized_city,,LJUBLJANA
475292,2026-03-19T17:43:41.554990+00:00,normalized_region,,OSREDNJESLOVENSKA
475290,2026-03-19T17:43:41.554990+00:00,normalized_city,,GROSUPLJE
475290,2026-03-19T17:43:41.554990+00:00,normalized_region,,OSREDNJESLOVENSKA
475289,2026-03-19T17:43:41.554990+00:00,normalized_city,,MURSKA SOBOTA
475289,2026-03-19T17:43:41.554990+00:00,normalized_region,,POMURSKA
475288,2026-03-19T17:43:41.554990+00:00,normalized_city,,MARIBOR
475288,2026-03-19T17:43:41.554990+00:00,normalized_region,,PODRAVSKA
475287,2026-03-19T17:43:41.554990+00:00,normalized_city,,GROSUPLJE
475287,2026-03-19T17:43:41.554990+00:00,normalized_region,,OSREDNJESLOVENSKA
475286,2026-03-19T17:43:41.554990+00:00,normalized_city,,ŠMARJE
475286,2026-03-19T17:43:41.554990+00:00,normalized_region,,JUGOVZHODNA SLOVENIJA
475283,2026-03-19T17:43:41.554990+00:00,normalized_city,,BOVEC
475283,2026-03-19T17:43:41.554990+00:00,normalized_region,,GORIŠKA
475281,2026-03-19T17:43:41.554990+00:00,normalized_city,,BERTOKI/BERTOCCHI
475281,2026-03-19T17:43:41.554990+00:00,normalized_region,,OBALNO-KRAŠKA
475279,2026-03-19T17:43:41.554990+00:00,normalized_city,,ŽUŽEMBERK
475279,2026-03-19T17:43:41.554990+00:00,normalized_region,,JUGOVZHODNA SLOVENIJA
475274,2026-03-19T17:43:41.554990+00:00,normalized_city,,MARIBOR
475274,2026-03-19T17:43:41.554990+00:00,normalized_region,,PODRAVSKA
475272,2026-03-19T17:43:41.554990+00:00,normalized_city,,PTUJ
475272,2026-03-19T17:43:41.554990+00:00,normalized_region,,PODRAVSKA
475270,2026-03-19T17:43:41.554990+00:00,normalized_city,,BRDO
475270,2026-03-19T17:43:41.554990+00:00,normalized_region,,SAVINJSKA
475268,2026-03-19T17:43:41.554990+00:00,normalized_city,,ZAGORJE OB SAVI
475268,2026-03-19T17:43:41.554990+00:00,normalized_region,,ZASAVSKA
475264,2026-03-19T17:43:41.554990+00:00,normalized_city,,BLED
475264,2026-03-19T17:43:41.554990+00:00,normalized_region,,GORENJSKA
475263,2026-03-19T17:43:41.554990+00:00,normalized_city,,LJUBLJANA
475263,2026-03-19T17:43:41.554990+00:00,normalized_region,,OSREDNJESLOVENSKA
475261,2026-03-19T17:43:41.554990+00:00,normalized_city,,VRHNIKA
475261,2026-03-19T17:43:41.554990+00:00,normalized_region,,OSREDNJESLOVENSKA
475260,2026-03-19T17:43:41.554990+00:00,normalized_city,,LJUBLJANA
475260,2026-03-19T17:43:41.554990+00:00,normalized_region,,OSREDNJESLOVENSKA
475258,2026-03-19T17:43:41.554990+00:00,normalized_city,,LIPICA
475258,2026-03-19T17:43:41.554990+00:00,normalized_region,,GORENJSKA
475256,2026-03-19T17:43:41.554990+00:00,normalized_city,,PREDDVOR
475256,2026-03-19T17:43:41.554990+00:00,normalized_region,,GORENJSKA
475253,2026-03-19T17:43:41.554990+00:00,normalized_city,,ZAGORJE OB SAVI
475253,2026-03-19T17:43:41.554990+00:00,normalized_region,,ZASAVSKA
475252,2026-03-19T17:43:41.554990+00:00,normalized_city,,MARIBOR
475252,2026-03-19T17:43:41.554990+00:00,normalized_region,,PODRAVSKA
475251,2026-03-19T17:43:41.554990+00:00,normalized_city,,LJUBLJANA
475251,2026-03-19T17:43:41.554990+00:00,normalized_region,,OSREDNJESLOVENSKA
475249,2026-03-19T17:43:41.554990+00:00,normalized_city,,LIPICA
475249,2026-03-19T17:43:41.554990+00:00,normalized_region,,GORENJSKA
475248,2026-03-19T17:43:41.554990+00:00,normalized_city,,LIPICA
475248,2026-03-19T17:43:41.554990+00:00,normalized_region,,GORENJSKA
475247,2026-03-19T17:43:41.554990+00:00,normalized_city,,LJUBLJANA
475247,2026-03-19T17:43:41.554990+00:00,normalized_region,,OSREDNJESLOVENSKA
475242,2026-03-19T17:43:41.554990+00:00,normalized_city,,LJUBLJANA
475242,2026-03-19T17:43:41.554990+00:00,normalized_region,,OSREDNJESLOVENSKA
475238,2026-03-19T17:43:41.554990+00:00,normalized_city,,ŠKOFJA LOKA
475238,2026-03-19T17:43:41.554990+00:00,normalized_region,,GORENJSKA
475237,2026-03-19T17:43:41.554990+00:00,normalized_city,,MARIBOR
475237,2026-03-19T17:43:41.554990+00:00,normalized_region,,PODRAVSKA
475234,2026-03-19T17:43:41.554990+00:00,normalized_city,,LJUBLJANA
475234,2026-03-19T17:43:41.554990+00:00,normalized_region,,OSREDNJESLOVENSKA
475231,2026-03-19T17:43:41.554990+00:00,normalized_city,,KISOVEC
475231,2026-03-19T17:43:41.554990+00:00,normalized_region,,ZASAVSKA
475228,2026-03-19T17:43:41.554990+00:00,normalized_city,,LJUBLJANA
475228,2026-03-19T17:43:41.554990+00:00,normalized_region,,OSREDNJESLOVENSKA
475226,2026-03-19T17:43:41.554990+00:00,normalized_city,,ŽALEC
475226,2026-03-19T17:43:41.554990+00:00,normalized_region,,SAVINJSKA
475222,2026-03-19T17:43:41.554990+00:00,normalized_city,,CELJE
475222,2026-03-19T17:43:41.554990+00:00,normalized_region,,SAVINJSKA
475218,2026-03-19T17:43:41.554990+00:00,normalized_city,,IZOLA/ISOLA
475218,2026-03-19T17:43:41.554990+00:00,normalized_region,,OBALNO-KRAŠKA
475215,2026-03-19T17:43:41.554990+00:00,normalized_city,,MENGEŠ
475215,2026-03-19T17:43:41.554990+00:00,normalized_region,,OSREDNJESLOVENSKA
475214,2026-03-19T17:43:41.554990+00:00,normalized_city,,LJUTOMER
475214,2026-03-19T17:43:41.554990+00:00,normalized_region,,POMURSKA
475210,2026-03-19T17:43:41.554990+00:00,normalized_city,,BOVEC
475210,2026-03-19T17:43:41.554990+00:00,normalized_region,,GORIŠKA
475209,2026-03-19T17:43:41.554990+00:00,normalized_city,,BOVEC
475209,2026-03-19T17:43:41.554990+00:00,normalized_region,,GORIŠKA
475207,2026-03-19T17:43:41.554990+00:00,normalized_city,,MURSKA SOBOTA
475207,2026-03-19T17:43:41.554990+00:00,normalized_region,,POMURSKA
475206,2026-03-19T17:43:41.554990+00:00,normalized_city,,KRANJ
475206,2026-03-19T17:43:41.554990+00:00,normalized_region,,GORENJSKA
475204,2026-03-19T17:43:41.554990+00:00,normalized_city,,KRANJ
475204,2026-03-19T17:43:41.554990+00:00,normalized_region,,GORENJSKA
475201,2026-03-19T17:43:41.554990+00:00,normalized_city,,LJUBLJANA
475201,2026-03-19T17:43:41.554990+00:00,normalized_region,,OSREDNJESLOVENSKA
475195,2026-03-19T17:43:41.554990+00:00,normalized_city,,KAMNICA
475195,2026-03-19T17:43:41.554990+00:00,normalized_region,,PODRAVSKA
475193,2026-03-19T17:43:41.554990+00:00,normalized_city,,NOVO MESTO
475193,2026-03-19T17:43:41.554990+00:00,normalized_region,,JUGOVZHODNA SLOVENIJA
475190,2026-03-19T17:43:41.554990+00:00,normalized_city,,NOVO MESTO
475190,2026-03-19T17:43:41.554990+00:00,normalized_region,,JUGOVZHODNA SLOVENIJA
475189,2026-03-19T17:43:41.554990+00:00,normalized_city,,NOVO MESTO
475189,2026-03-19T17:43:41.554990+00:00,normalized_region,,JUGOVZHODNA SLOVENIJA
475184,2026-03-19T17:43:41.554990+00:00,normalized_city,,VELIKA PLANINA
475184,2026-03-19T17:43:41.554990+00:00,normalized_region,,OSREDNJESLOVENSKA
475183,2026-03-19T17:43:41.554990+00:00,normalized_city,,MARIBOR
475183,2026-03-19T17:43:41.554990+00:00,normalized_region,,PODRAVSKA
475182,2026-03-19T17:43:41.554990+00:00,normalized_city,,ZBILJE
475182,2026-03-19T17:43:41.554990+00:00,normalized_region,,OSREDNJESLOVENSKA
475179,2026-03-19T17:43:41.554990+00:00,normalized_city,,DOL PRI HRASTNIKU
475179,2026-03-19T17:43:41.554990+00:00,normalized_region,,ZASAVSKA
475175,2026-03-19T17:43:41.554990+00:00,normalized_city,,PORTOROŽ/PORTOROSE
475175,2026-03-19T17:43:41.554990+00:00,normalized_region,,OBALNO-KRAŠKA
475173,2026-03-19T17:43:41.554990+00:00,normalized_city,,LJUBLJANA
475173,2026-03-19T17:43:41.554990+00:00,normalized_region,,OSREDNJESLOVENSKA
475172,2026-03-19T17:43:41.554990+00:00,normalized_city,,LJUBLJANA
475172,2026-03-19T17:43:41.554990+00:00,normalized_region,,OSREDNJESLOVENSKA
475171,2026-03-19T17:43:41.554990+00:00,normalized_city,,NAKLO
475171,2026-03-19T17:43:41.554990+00:00,normalized_region,,JUGOVZHODNA SLOVENIJA
475169,2026-03-19T17:43:41.554990+00:00,normalized_city,,STARŠE
475169,2026-03-19T17:43:41.554990+00:00,normalized_region,,PODRAVSKA
475168,2026-03-19T17:43:41.554990+00:00,normalized_city,,BOROVNICA
475168,2026-03-19T17:43:41.554990+00:00,normalized_region,,OSREDNJESLOVENSKA
475167,2026-03-19T17:43:41.554990+00:00,normalized_city,,KRANJ
475167,2026-03-19T17:43:41.554990+00:00,normalized_region,,GORENJSKA
475166,2026-03-19T17:43:41.554990+00:00,normalized_city,,LJUBLJANA
475166,2026-03-19T17:43:41.554990+00:00,normalized_region,,OSREDNJESLOVENSKA
475165,2026-03-19T17:43:41.554990+00:00,normalized_city,,SEŽANA
475165,2026-03-19T17:43:41.554990+00:00,normalized_region,,OBALNO-KRAŠKA
475164,2026-03-19T17:43:41.554990+00:00,normalized_city,,BOROVNICA
475164,2026-03-19T17:43:41.554990+00:00,normalized_region,,OSREDNJESLOVENSKA
475162,2026-03-19T17:43:41.554990+00:00,normalized_city,,IVANČNA GORICA
475162,2026-03-19T17:43:41.554990+00:00,normalized_region,,OSREDNJESLOVENSKA
475160,2026-03-19T17:43:41.554990+00:00,normalized_city,,LJUBLJANA
475160,2026-03-19T17:43:41.554990+00:00,normalized_region,,OSREDNJESLOVENSKA
475158,2026-03-19T17:43:41.554990+00:00,normalized_city,,NOVO MESTO
475158,2026-03-19T17:43:41.554990+00:00,normalized_region,,JUGOVZHODNA SLOVENIJA
475155,2026-03-19T17:43:41.554990+00:00,normalized_city,,CELJE
475155,2026-03-19T17:43:41.554990+00:00,normalized_region,,SAVINJSKA
475154,2026-03-19T17:43:41.554990+00:00,normalized_city,,LJUBLJANA
475154,2026-03-19T17:43:41.554990+00:00,normalized_region,,OSREDNJESLOVENSKA
475153,2026-03-19T17:43:41.554990+00:00,normalized_city,,IZLAKE
475153,2026-03-19T17:43:41.554990+00:00,normalized_region,,ZASAVSKA
475152,2026-03-19T17:43:41.554990+00:00,normalized_city,,ŽUŽEMBERK
475152,2026-03-19T17:43:41.554990+00:00,normalized_region,,JUGOVZHODNA SLOVENIJA
475150,2026-03-19T17:43:41.554990+00:00,normalized_city,,MARIBOR
475150,2026-03-19T17:43:41.554990+00:00,normalized_region,,PODRAVSKA
475145,2026-03-19T17:43:41.554990+00:00,normalized_city,,BREŽICE
475145,2026-03-19T17:43:41.554990+00:00,normalized_region,,POSAVSKA
475142,2026-03-19T17:43:41.554990+00:00,normalized_city,,SEVNICA
475142,2026-03-19T17:43:41.554990+00:00,normalized_region,,POSAVSKA
475138,2026-03-19T17:43:41.554990+00:00,normalized_city,,ORMOŽ
475138,2026-03-19T17:43:41.554990+00:00,normalized_region,,PODRAVSKA
475131,2026-03-19T17:43:41.554990+00:00,normalized_city,,LJUBLJANA
475131,2026-03-19T17:43:41.554990+00:00,normalized_region,,OSREDNJESLOVENSKA
475124,2026-03-19T17:43:41.554990+00:00,normalized_city,,RAČE
475124,2026-03-19T17:43:41.554990+00:00,normalized_region,,PODRAVSKA
475123,2026-03-19T17:43:41.554990+00:00,normalized_city,,DOBROVA
475123,2026-03-19T17:43:41.554990+00:00,normalized_region,,POSAVSKA
475122,2026-03-19T17:43:41.554990+00:00,normalized_city,,MARIBOR
475122,2026-03-19T17:43:41.554990+00:00,normalized_region,,PODRAVSKA
475115,2026-03-19T17:43:41.554990+00:00,normalized_city,,SEVNICA
475115,2026-03-19T17:43:41.554990+00:00,normalized_region,,POSAVSKA
475115,2026-03-19T17:43:41.554990+00:00,start_date,2026-03-19,
475114,2026-03-19T17:43:41.554990+00:00,normalized_city,,SEŽANA
475114,2026-03-19T17:43:41.554990+00:00,normalized_region,,OBALNO-KRAŠKA
475112,2026-03-19T17:43:41.554990+00:00,normalized_region,,OBALNO-KRAŠKA
475111,2026-03-19T17:43:41.554990+00:00,normalized_city,,KAMNIK
475111,2026-03-19T17:43:41.554990+00:00,normalized_region,,OSREDNJESLOVENSKA
475108,2026-03-19T17:43:41.554990+00:00,normalized_city,,MARIBOR
475108,2026-03-19T17:43:41.554990+00:00,normalized_region,,PODRAVSKA
475107,2026-03-19T17:43:41.554990+00:00,normalized_city,,LJUBLJANA
475107,2026-03-19T17:43:41.554990+00:00,normalized_region,,OSREDNJESLOVENSKA
475102,2026-03-19T17:43:41.554990+00:00,normalized_city,,VRHNIKA
475102,2026-03-19T17:43:41.554990+00:00,normalized_region,,OSREDNJESLOVENSKA
475101,2026-03-19T17:43:41.554990+00:00,normalized_city,,VRHNIKA
475101,2026-03-19T17:43:41.554990+00:00,normalized_region,,OSREDNJESLOVENSKA
475097,2026-03-19T17:43:41.554990+00:00,normalized_city,,CELJE
475097,2026-03-19T17:43:41.554990+00:00,normalized_region,,SAVINJSKA
475095,2026-03-19T17:43:41.554990+00:00,normalized_city,,LJUBLJANA
475095,2026-03-19T17:43:41.554990+00:00,normalized_region,,OSREDNJESLOVENSKA
475093,2026-03-19T17:43:41.554990+00:00,normalized_city,,LJUBLJANA
475093,2026-03-19T17:43:41.554990+00:00,normalized_region,,OSREDNJESLOVENSKA
475092,2026-03-19T17:43:41.554990+00:00,normalized_city,,LJUBLJANA
475092,2026-03-19T17:43:41.554990+00:00,normalized_region,,OSREDNJESLOVENSKA
475087,2026-03-19T17:43:41.554990+00:00,normalized_city,,LJUBLJANA
475087,2026-03-19T17:43:41.554990+00:00,normalized_region,,OSREDNJESLOVENSKA
475084,2026-03-19T17:43:41.554990+00:00,normalized_city,,KRANJ
475084,2026-03-19T17:43:41.554990+00:00,normalized_region,,GORENJSKA
475083,2026-03-19T17:43:41.554990+00:00,normalized_city,,LIPICA
475083,2026-03-19T17:43:41.554990+00:00,normalized_region,,GORENJSKA
475082,2026-03-19T17:43:41.554990+00:00,normalized_city,,LJUBLJANA
475082,2026-03-19T17:43:41.554990+00:00,normalized_region,,OSREDNJESLOVENSKA
475081,2026-03-19T17:43:41.554990+00:00,normalized_city,,LJUBLJANA
475081,2026-03-19T17:43:41.554990+00:00,normalized_region,,OSREDNJESLOVENSKA
475080,2026-03-19T17:43:41.554990+00:00,normalized_city,,LJUBLJANA
475080,2026-03-19T17:43:41.554990+00:00,normalized_region,,OSREDNJESLOVENSKA
475079,2026-03-19T17:43:41.554990+00:00,normalized_city,,MARIBOR
475079,2026-03-19T17:43:41.554990+00:00,normalized_region,,PODRAVSKA
475076,2026-03-19T17:43:41.554990+00:00,normalized_region,,SAVINJSKA
475074,2026-03-19T17:43:41.554990+00:00,normalized_city,,DOMŽALE
475074,2026-03-19T17:43:41.554990+00:00,normalized_region,,OSREDNJESLOVENSKA
475072,2026-03-19T17:43:41.554990+00:00,normalized_city,,GOLNIK
475072,2026-03-19T17:43:41.554990+00:00,normalized_region,,GORENJSKA
475068,2026-03-19T17:43:41.554990+00:00,normalized_city,,IZOLA/ISOLA
475068,2026-03-19T17:43:41.554990+00:00,normalized_region,,OBALNO-KRAŠKA
475067,2026-03-19T17:43:41.554990+00:00,normalized_city,,BLED
475067,2026-03-19T17:43:41.554990+00:00,normalized_region,,GORENJSKA
475066,2026-03-19T17:43:41.554990+00:00,normalized_city,,BLED
475066,2026-03-19T17:43:41.554990+00:00,normalized_region,,GORENJSKA
475065,2026-03-19T17:43:41.554990+00:00,normalized_city,,LJUBLJANA
475065,2026-03-19T17:43:41.554990+00:00,normalized_region,,OSREDNJESLOVENSKA
475064,2026-03-19T17:43:41.554990+00:00,normalized_city,,LJUBLJANA
475064,2026-03-19T17:43:41.554990+00:00,normalized_region,,OSREDNJESLOVENSKA
475060,2026-03-19T17:43:41.554990+00:00,normalized_city,,LJUBLJANA
475060,2026-03-19T17:43:41.554990+00:00,normalized_region,,OSREDNJESLOVENSKA
475056,2026-03-19T17:43:41.554990+00:00,normalized_city,,LJUBLJANA
475056,2026-03-19T17:43:41.554990+00:00,normalized_region,,OSREDNJESLOVENSKA
475054,2026-03-19T17:43:41.554990+00:00,normalized_city,,MARIBOR
475054,2026-03-19T17:43:41.554990+00:00,normalized_region,,PODRAVSKA
475053,2026-03-19T17:43:41.554990+00:00,normalized_city,,LJUBLJANA
475053,2026-03-19T17:43:41.554990+00:00,normalized_region,,OSREDNJESLOVENSKA
475052,2026-03-19T17:43:41.554990+00:00,normalized_city,,LJUBLJANA
475052,2026-03-19T17:43:41.554990+00:00,normalized_region,,OSREDNJESLOVENSKA
475047,2026-03-19T17:43:41.554990+00:00,normalized_city,,JESENICE
475047,2026-03-19T17:43:41.554990+00:00,normalized_region,,GORENJSKA
475043,2026-03-19T17:43:41.554990+00:00,normalized_city,,RADEČE
475043,2026-03-19T17:43:41.554990+00:00,normalized_region,,POSAVSKA
475039,2026-03-19T17:43:41.554990+00:00,normalized_city,,LJUBLJANA
475039,2026-03-19T17:43:41.554990+00:00,normalized_region,,OSREDNJESLOVENSKA
475038,2026-03-19T17:43:41.554990+00:00,normalized_city,,BOHINJSKA BISTRICA
475038,2026-03-19T17:43:41.554990+00:00,normalized_region,,GORENJSKA
475036,2026-03-19T17:43:41.554990+00:00,normalized_city,,LJUBLJANA
475036,2026-03-19T17:43:41.554990+00:00,normalized_region,,OSREDNJESLOVENSKA
475033,2026-03-19T17:43:41.554990+00:00,normalized_city,,LOGATEC
475033,2026-03-19T17:43:41.554990+00:00,normalized_region,,OSREDNJESLOVENSKA
475032,2026-03-19T17:43:41.554990+00:00,normalized_city,,LJUBLJANA
475032,2026-03-19T17:43:41.554990+00:00,normalized_region,,OSREDNJESLOVENSKA
475028,2026-03-19T17:43:41.554990+00:00,normalized_city,,POSTOJNA
475028,2026-03-19T17:43:41.554990+00:00,normalized_region,,PRIMORSKO-NOTRANJSKA
475027,2026-03-19T17:43:41.554990+00:00,normalized_city,,LJUBLJANA
475027,2026-03-19T17:43:41.554990+00:00,normalized_region,,OSREDNJESLOVENSKA
475026,2026-03-19T17:43:41.554990+00:00,normalized_city,,LJUBLJANA
475026,2026-03-19T17:43:41.554990+00:00,normalized_region,,OSREDNJESLOVENSKA
475024,2026-03-19T17:43:41.554990+00:00,normalized_city,,ŽEJE PRI KOMENDI
475024,2026-03-19T17:43:41.554990+00:00,normalized_region,,OSREDNJESLOVENSKA
475023,2026-03-19T17:43:41.554990+00:00,normalized_city,,PTUJ
475023,2026-03-19T17:43:41.554990+00:00,normalized_region,,PODRAVSKA
475017,2026-03-19T17:43:41.554990+00:00,normalized_city,,LJUBLJANA
475017,2026-03-19T17:43:41.554990+00:00,normalized_region,,OSREDNJESLOVENSKA
475016,2026-03-19T17:43:41.554990+00:00,normalized_city,,CELJE
475016,2026-03-19T17:43:41.554990+00:00,normalized_region,,SAVINJSKA
475015,2026-03-19T17:43:41.554990+00:00,normalized_city,,VODICE
475015,2026-03-19T17:43:41.554990+00:00,normalized_region,,OSREDNJESLOVENSKA
475014,2026-03-19T17:43:41.554990+00:00,normalized_city,,VODICE
475014,2026-03-19T17:43:41.554990+00:00,normalized_region,,OSREDNJESLOVENSKA
475013,2026-03-19T17:43:41.554990+00:00,normalized_city,,LJUBLJANA
475013,2026-03-19T17:43:41.554990+00:00,normalized_region,,OSREDNJESLOVENSKA
475008,2026-03-19T17:43:41.554990+00:00,normalized_city,,LJUBLJANA
475008,2026-03-19T17:43:41.554990+00:00,normalized_region,,OSREDNJESLOVENSKA
475007,2026-03-19T17:43:41.554990+00:00,normalized_city,,KAMNIK
475007,2026-03-19T17:43:41.554990+00:00,normalized_region,,OSREDNJESLOVENSKA
475006,2026-03-19T17:43:41.554990+00:00,normalized_city,,KAMNICA
475006,2026-03-19T17:43:41.554990+00:00,normalized_region,,PODRAVSKA
475005,2026-03-19T17:43:41.554990+00:00,normalized_city,,KRANJ
475005,2026-03-19T17:43:41.554990+00:00,normalized_region,,GORENJSKA
474995,2026-03-19T17:43:41.554990+00:00,normalized_city,,LJUBLJANA
474995,2026-03-19T17:43:41.554990+00:00,normalized_region,,OSREDNJESLOVENSKA
474992,2026-03-19T17:43:41.554990+00:00,normalized_city,,LJUBLJANA
474992,2026-03-19T17:43:41.554990+00:00,normalized_region,,OSREDNJESLOVENSKA
474991,2026-03-19T17:43:41.554990+00:00,normalized_city,,LJUBLJANA
474991,2026-03-19T17:43:41.554990+00:00,normalized_region,,OSREDNJESLOVENSKA
474990,2026-03-19T17:43:41.554990+00:00,normalized_city,,LOGATEC
474990,2026-03-19T17:43:41.554990+00:00,normalized_region,,OSREDNJESLOVENSKA
474988,2026-03-19T17:43:41.554990+00:00,normalized_city,,LJUBLJANA
474988,2026-03-19T17:43:41.554990+00:00,normalized_region,,OSREDNJESLOVENSKA
474985,2026-03-19T17:43:41.554990+00:00,normalized_city,,RADOMLJE
474985,2026-03-19T17:43:41.554990+00:00,normalized_region,,OSREDNJESLOVENSKA
474982,2026-03-19T17:43:41.554990+00:00,normalized_city,,KOMENDA
474982,2026-03-19T17:43:41.554990+00:00,normalized_region,,OSREDNJESLOVENSKA
474980,2026-03-19T17:43:41.554990+00:00,normalized_city,,LJUBLJANA
474980,2026-03-19T17:43:41.554990+00:00,normalized_region,,OSREDNJESLOVENSKA
474979,2026-03-19T17:43:41.554990+00:00,normalized_city,,KRANJ
474979,2026-03-19T17:43:41.554990+00:00,normalized_region,,GORENJSKA
474975,2026-03-19T17:43:41.554990+00:00,normalized_city,,TREBNJE
474975,2026-03-19T17:43:41.554990+00:00,normalized_region,,JUGOVZHODNA SLOVENIJA
474973,2026-03-19T17:43:41.554990+00:00,normalized_city,,LJUBLJANA
474973,2026-03-19T17:43:41.554990+00:00,normalized_region,,OSREDNJESLOVENSKA
474970,2026-03-19T17:43:41.554990+00:00,normalized_city,,SEŽANA
474970,2026-03-19T17:43:41.554990+00:00,normalized_region,,OBALNO-KRAŠKA
474963,2026-03-19T17:43:41.554990+00:00,normalized_city,,ŽALEC
474963,2026-03-19T17:43:41.554990+00:00,normalized_region,,SAVINJSKA
474961,2026-03-19T17:43:41.554990+00:00,normalized_city,,CELJE
474961,2026-03-19T17:43:41.554990+00:00,normalized_region,,SAVINJSKA
474957,2026-03-19T17:43:41.554990+00:00,normalized_city,,LJUBEČNA
474957,2026-03-19T17:43:41.554990+00:00,normalized_region,,SAVINJSKA
474956,2026-03-19T17:43:41.554990+00:00,normalized_city,,ŠKOFJA LOKA
474956,2026-03-19T17:43:41.554990+00:00,normalized_region,,GORENJSKA
474950,2026-03-19T17:43:41.554990+00:00,normalized_city,,KRANJSKA GORA
474950,2026-03-19T17:43:41.554990+00:00,normalized_region,,GORENJSKA
474945,2026-03-19T17:43:41.554990+00:00,normalized_city,,SENOVO
474945,2026-03-19T17:43:41.554990+00:00,normalized_region,,POSAVSKA
474944,2026-03-19T17:43:41.554990+00:00,normalized_city,,OREHOVA VAS
474944,2026-03-19T17:43:41.554990+00:00,normalized_region,,PODRAVSKA
474942,2026-03-19T17:43:41.554990+00:00,normalized_city,,DOL PRI LJUBLJANI
474942,2026-03-19T17:43:41.554990+00:00,normalized_region,,OSREDNJESLOVENSKA
474941,2026-03-19T17:43:41.554990+00:00,normalized_city,,LJUBLJANA
474941,2026-03-19T17:43:41.554990+00:00,normalized_region,,OSREDNJESLOVENSKA
474936,2026-03-19T17:43:41.554990+00:00,normalized_city,,RADOVLJICA
474936,2026-03-19T17:43:41.554990+00:00,normalized_region,,GORENJSKA
474932,2026-03-19T17:43:41.554990+00:00,normalized_city,,POSTOJNA
474932,2026-03-19T17:43:41.554990+00:00,normalized_region,,PRIMORSKO-NOTRANJSKA
474928,2026-03-19T17:43:41.554990+00:00,normalized_city,,ŽIRI
474928,2026-03-19T17:43:41.554990+00:00,normalized_region,,GORENJSKA
474925,2026-03-19T17:43:41.554990+00:00,normalized_city,,VELENJE
474925,2026-03-19T17:43:41.554990+00:00,normalized_region,,SAVINJSKA
474922,2026-03-19T17:43:41.554990+00:00,normalized_city,,LJUBLJANA
474922,2026-03-19T17:43:41.554990+00:00,normalized_region,,OSREDNJESLOVENSKA
474919,2026-03-19T17:43:41.554990+00:00,normalized_city,,LJUBLJANA
474919,2026-03-19T17:43:41.554990+00:00,normalized_region,,OSREDNJESLOVENSKA
474917,2026-03-19T17:43:41.554990+00:00,normalized_city,,LJUBEČNA
474917,2026-03-19T17:43:41.554990+00:00,normalized_region,,SAVINJSKA
474916,2026-03-19T17:43:41.554990+00:00,normalized_city,,LJUBLJANA
474916,2026-03-19T17:43:41.554990+00:00,normalized_region,,OSREDNJESLOVENSKA
474915,2026-03-19T17:43:41.554990+00:00,normalized_city,,TRŽIČ
474915,2026-03-19T17:43:41.554990+00:00,normalized_region,,GORENJSKA
474908,2026-03-19T17:43:41.554990+00:00,normalized_city,,PIRAN/PIRANO
474908,2026-03-19T17:43:41.554990+00:00,normalized_region,,OBALNO-KRAŠKA
474904,2026-03-19T17:43:41.554990+00:00,normalized_city,,LJUBLJANA
474904,2026-03-19T17:43:41.554990+00:00,normalized_region,,OSREDNJESLOVENSKA
474901,2026-03-19T17:43:41.554990+00:00,normalized_city,,LJUBLJANA
474901,2026-03-19T17:43:41.554990+00:00,normalized_region,,OSREDNJESLOVENSKA
474897,2026-03-19T17:43:41.554990+00:00,normalized_city,,GROSUPLJE
474897,2026-03-19T17:43:41.554990+00:00,normalized_region,,OSREDNJESLOVENSKA
474896,2026-03-19T17:43:41.554990+00:00,normalized_city,,LJUBLJANA
474896,2026-03-19T17:43:41.554990+00:00,normalized_region,,OSREDNJESLOVENSKA
474894,2026-03-19T17:43:41.554990+00:00,normalized_city,,PIRAN/PIRANO
474894,2026-03-19T17:43:41.554990+00:00,normalized_region,,OBALNO-KRAŠKA
474893,2026-03-19T17:43:41.554990+00:00,normalized_city,,PIRAN/PIRANO
474893,2026-03-19T17:43:41.554990+00:00,normalized_region,,OBALNO-KRAŠKA
474889,2026-03-19T17:43:41.554990+00:00,normalized_city,,PODČETRTEK
474889,2026-03-19T17:43:41.554990+00:00,normalized_region,,SAVINJSKA
474888,2026-03-19T17:43:41.554990+00:00,normalized_city,,PODČETRTEK
474888,2026-03-19T17:43:41.554990+00:00,normalized_region,,SAVINJSKA
474885,2026-03-19T17:43:41.554990+00:00,normalized_city,,DOMŽALE
474885,2026-03-19T17:43:41.554990+00:00,normalized_region,,OSREDNJESLOVENSKA
474884,2026-03-19T17:43:41.554990+00:00,normalized_city,,LJUBLJANA
474884,2026-03-19T17:43:41.554990+00:00,normalized_region,,OSREDNJESLOVENSKA
474883,2026-03-19T17:43:41.554990+00:00,normalized_city,,PODPLAT
474883,2026-03-19T17:43:41.554990+00:00,normalized_region,,SAVINJSKA
474882,2026-03-19T17:43:41.554990+00:00,normalized_city,,MARIBOR
474882,2026-03-19T17:43:41.554990+00:00,normalized_region,,PODRAVSKA
474881,2026-03-19T17:43:41.554990+00:00,normalized_city,,BLED
474881,2026-03-19T17:43:41.554990+00:00,normalized_region,,GORENJSKA
474880,2026-03-19T17:43:41.554990+00:00,normalized_city,,LJUBLJANA
474880,2026-03-19T17:43:41.554990+00:00,normalized_region,,OSREDNJESLOVENSKA
474878,2026-03-19T17:43:41.554990+00:00,normalized_city,,ŠKOFJA LOKA
474878,2026-03-19T17:43:41.554990+00:00,normalized_region,,GORENJSKA
474877,2026-03-19T17:43:41.554990+00:00,normalized_city,,LOG
474877,2026-03-19T17:43:41.554990+00:00,normalized_region,,POSAVSKA
474876,2026-03-19T17:43:41.554990+00:00,normalized_city,,LJUBLJANA
474876,2026-03-19T17:43:41.554990+00:00,normalized_region,,OSREDNJESLOVENSKA
474875,2026-03-19T17:43:41.554990+00:00,normalized_city,,GROSUPLJE
474875,2026-03-19T17:43:41.554990+00:00,normalized_region,,OSREDNJESLOVENSKA
474874,2026-03-19T17:43:41.554990+00:00,normalized_city,,IZOLA/ISOLA
474874,2026-03-19T17:43:41.554990+00:00,normalized_region,,OBALNO-KRAŠKA
474873,2026-03-19T17:43:41.554990+00:00,normalized_city,,IZOLA/ISOLA
474873,2026-03-19T17:43:41.554990+00:00,normalized_region,,OBALNO-KRAŠKA
474870,2026-03-19T17:43:41.554990+00:00,normalized_city,,VOJNIK
474870,2026-03-19T17:43:41.554990+00:00,normalized_region,,SAVINJSKA
474869,2026-03-19T17:43:41.554990+00:00,normalized_city,,LJUBLJANA
474869,2026-03-19T17:43:41.554990+00:00,normalized_region,,OSREDNJESLOVENSKA
474866,2026-03-19T17:43:41.554990+00:00,normalized_city,,KOPER/CAPODISTRIA
474866,2026-03-19T17:43:41.554990+00:00,normalized_region,,OBALNO-KRAŠKA
474865,2026-03-19T17:43:41.554990+00:00,normalized_city,,KOPER/CAPODISTRIA
474865,2026-03-19T17:43:41.554990+00:00,normalized_region,,OBALNO-KRAŠKA
474864,2026-03-19T17:43:41.554990+00:00,normalized_city,,KOPER/CAPODISTRIA
474864,2026-03-19T17:43:41.554990+00:00,normalized_region,,OBALNO-KRAŠKA
474862,2026-03-19T17:43:41.554990+00:00,normalized_city,,LJUBLJANA
474862,2026-03-19T17:43:41.554990+00:00,normalized_region,,OSREDNJESLOVENSKA
474861,2026-03-19T17:43:41.554990+00:00,normalized_city,,LJUBLJANA
474861,2026-03-19T17:43:41.554990+00:00,normalized_region,,OSREDNJESLOVENSKA
474857,2026-03-19T17:43:41.554990+00:00,normalized_city,,LJUBLJANA
474857,2026-03-19T17:43:41.554990+00:00,normalized_region,,OSREDNJESLOVENSKA
474855,2026-03-19T17:43:41.554990+00:00,normalized_city,,PTUJ
474855,2026-03-19T17:43:41.554990+00:00,normalized_region,,PODRAVSKA
474854,2026-03-19T17:43:41.554990+00:00,normalized_city,,LJUBLJANA
474854,2026-03-19T17:43:41.554990+00:00,normalized_region,,OSREDNJESLOVENSKA
474853,2026-03-19T17:43:41.554990+00:00,normalized_city,,LOGATEC
474853,2026-03-19T17:43:41.554990+00:00,normalized_region,,OSREDNJESLOVENSKA
474847,2026-03-19T17:43:41.554990+00:00,hourly_rate_neto,,9.0
474847,2026-03-19T17:43:41.554990+00:00,hourly_rate_bruto,,10.46
474847,2026-03-19T17:43:41.554990+00:00,payment_type,PO DOGOVORU,9.00 €/h neto (10.46 €/h bruto)
474847,2026-03-19T17:43:41.554990+00:00,normalized_payment_type,NEGOTIABLE,HOURLY
474847,2026-03-19T17:43:41.554990+00:00,normalized_city,,ROGAŠKA SLATINA
474847,2026-03-19T17:43:41.554990+00:00,normalized_region,,SAVINJSKA
474845,2026-03-19T17:43:41.554990+00:00,normalized_city,,SOLKAN
474845,2026-03-19T17:43:41.554990+00:00,normalized_region,,GORIŠKA
474841,2026-03-19T17:43:41.554990+00:00,normalized_city,,LJUBLJANA
474841,2026-03-19T17:43:41.554990+00:00,normalized_region,,OSREDNJESLOVENSKA
474839,2026-03-19T17:43:41.554990+00:00,normalized_city,,KAMNIK
474839,2026-03-19T17:43:41.554990+00:00,normalized_region,,OSREDNJESLOVENSKA
474838,2026-03-19T17:43:41.554990+00:00,normalized_city,,ZAGRADEC
474838,2026-03-19T17:43:41.554990+00:00,normalized_region,,OSREDNJESLOVENSKA
474836,2026-03-19T17:43:41.554990+00:00,normalized_city,,LJUBLJANA
474836,2026-03-19T17:43:41.554990+00:00,normalized_region,,OSREDNJESLOVENSKA
474834,2026-03-19T17:43:41.554990+00:00,normalized_city,,LJUBLJANA
474834,2026-03-19T17:43:41.554990+00:00,normalized_region,,OSREDNJESLOVENSKA
474833,2026-03-19T17:43:41.554990+00:00,normalized_city,,BLED
474833,2026-03-19T17:43:41.554990+00:00,normalized_region,,GORENJSKA
474832,2026-03-19T17:43:41.554990+00:00,normalized_city,,BLED
474832,2026-03-19T17:43:41.554990+00:00,normalized_region,,GORENJSKA
474831,2026-03-19T17:43:41.554990+00:00,normalized_city,,POLŠNIK
474831,2026-03-19T17:43:41.554990+00:00,normalized_region,,ZASAVSKA
474826,2026-03-19T17:43:41.554990+00:00,normalized_city,,SOČA
474826,2026-03-19T17:43:41.554990+00:00,normalized_region,,GORIŠKA
474823,2026-03-19T17:43:41.554990+00:00,normalized_city,,KRANJSKA GORA
474823,2026-03-19T17:43:41.554990+00:00,normalized_region,,GORENJSKA
474818,2026-03-19T17:43:41.554990+00:00,normalized_city,,KOPER/CAPODISTRIA
474818,2026-03-19T17:43:41.554990+00:00,normalized_region,,OBALNO-KRAŠKA
474816,2026-03-19T17:43:41.554990+00:00,normalized_city,,PREBOLD
474816,2026-03-19T17:43:41.554990+00:00,normalized_region,,SAVINJSKA
474811,2026-03-19T17:43:41.554990+00:00,normalized_city,,KAMNIK
474811,2026-03-19T17:43:41.554990+00:00,normalized_region,,OSREDNJESLOVENSKA
474810,2026-03-19T17:43:41.554990+00:00,normalized_city,,LJUBLJANA
474810,2026-03-19T17:43:41.554990+00:00,normalized_region,,OSREDNJESLOVENSKA
474802,2026-03-19T17:43:41.554990+00:00,normalized_city,,BOHINJSKA BISTRICA
474802,2026-03-19T17:43:41.554990+00:00,normalized_region,,GORENJSKA
474801,2026-03-19T17:43:41.554990+00:00,normalized_city,,BOHINJSKA BISTRICA
474801,2026-03-19T17:43:41.554990+00:00,normalized_region,,GORENJSKA
474800,2026-03-19T17:43:41.554990+00:00,normalized_city,,BOHINJSKA BISTRICA
474800,2026-03-19T17:43:41.554990+00:00,normalized_region,,GORENJSKA
474797,2026-03-19T17:43:41.554990+00:00,normalized_city,,BOHINJSKA BISTRICA
474797,2026-03-19T17:43:41.554990+00:00,normalized_region,,GORENJSKA
474796,2026-03-19T17:43:41.554990+00:00,normalized_city,,TRBOVLJE
474796,2026-03-19T17:43:41.554990+00:00,normalized_region,,ZASAVSKA
474795,2026-03-19T17:43:41.554990+00:00,normalized_city,,CELJE
474795,2026-03-19T17:43:41.554990+00:00,normalized_region,,SAVINJSKA
474792,2026-03-19T17:43:41.554990+00:00,normalized_city,,MALA NEDELJA
474792,2026-03-19T17:43:41.554990+00:00,normalized_region,,POMURSKA
474791,2026-03-19T17:43:41.554990+00:00,normalized_city,,LJUBLJANA
474791,2026-03-19T17:43:41.554990+00:00,normalized_region,,OSREDNJESLOVENSKA
474788,2026-03-19T17:43:41.554990+00:00,normalized_city,,LJUBLJANA
474788,2026-03-19T17:43:41.554990+00:00,normalized_region,,OSREDNJESLOVENSKA
474785,2026-03-19T17:43:41.554990+00:00,normalized_city,,LJUBLJANA
474785,2026-03-19T17:43:41.554990+00:00,normalized_region,,OSREDNJESLOVENSKA
474782,2026-03-19T17:43:41.554990+00:00,normalized_city,,LJUBLJANA
474782,2026-03-19T17:43:41.554990+00:00,normalized_region,,OSREDNJESLOVENSKA
474780,2026-03-19T17:43:41.554990+00:00,normalized_city,,LJUBLJANA
474780,2026-03-19T17:43:41.554990+00:00,normalized_region,,OSREDNJESLOVENSKA
474778,2026-03-19T17:43:41.554990+00:00,normalized_city,,LJUBLJANA
474778,2026-03-19T17:43:41.554990+00:00,normalized_region,,OSREDNJESLOVENSKA
474777,2026-03-19T17:43:41.554990+00:00,normalized_city,,NOVO MESTO
474777,2026-03-19T17:43:41.554990+00:00,normalized_region,,JUGOVZHODNA SLOVENIJA
474776,2026-03-19T17:43:41.554990+00:00,normalized_city,,ŠKOFJA LOKA
474776,2026-03-19T17:43:41.554990+00:00,normalized_region,,GORENJSKA
474775,2026-03-19T17:43:41.554990+00:00,normalized_city,,CELJE
474775,2026-03-19T17:43:41.554990+00:00,normalized_region,,SAVINJSKA
474773,2026-03-19T17:43:41.554990+00:00,normalized_city,,VRHNIKA
474773,2026-03-19T17:43:41.554990+00:00,normalized_region,,OSREDNJESLOVENSKA
474771,2026-03-19T17:43:41.554990+00:00,normalized_city,,KAMNIK
474771,2026-03-19T17:43:41.554990+00:00,normalized_region,,OSREDNJESLOVENSKA
474767,2026-03-19T17:43:41.554990+00:00,normalized_city,,NAKLO
474767,2026-03-19T17:43:41.554990+00:00,normalized_region,,JUGOVZHODNA SLOVENIJA
474766,2026-03-19T17:43:41.554990+00:00,normalized_city,,LAŠKO
474766,2026-03-19T17:43:41.554990+00:00,normalized_region,,SAVINJSKA
474759,2026-03-19T17:43:41.554990+00:00,normalized_region,,PODRAVSKA
474758,2026-03-19T17:43:41.554990+00:00,normalized_region,,SAVINJSKA
474757,2026-03-19T17:43:41.554990+00:00,normalized_region,,POMURSKA
474754,2026-03-19T17:43:41.554990+00:00,normalized_city,,LJUBLJANA
474754,2026-03-19T17:43:41.554990+00:00,normalized_region,,OSREDNJESLOVENSKA
474752,2026-03-19T17:43:41.554990+00:00,normalized_city,,LJUBLJANA
474752,2026-03-19T17:43:41.554990+00:00,normalized_region,,OSREDNJESLOVENSKA
474750,2026-03-19T17:43:41.554990+00:00,normalized_city,,RADOMLJE
474750,2026-03-19T17:43:41.554990+00:00,normalized_region,,OSREDNJESLOVENSKA
474747,2026-03-19T17:43:41.554990+00:00,normalized_city,,PTUJ
474747,2026-03-19T17:43:41.554990+00:00,normalized_region,,PODRAVSKA
474745,2026-03-19T17:43:41.554990+00:00,normalized_city,,LJUBLJANA
474745,2026-03-19T17:43:41.554990+00:00,normalized_region,,OSREDNJESLOVENSKA
474740,2026-03-19T17:43:41.554990+00:00,normalized_city,,LJUBLJANA
474740,2026-03-19T17:43:41.554990+00:00,normalized_region,,OSREDNJESLOVENSKA
474736,2026-03-19T17:43:41.554990+00:00,normalized_city,,KAMNIK
474736,2026-03-19T17:43:41.554990+00:00,normalized_region,,OSREDNJESLOVENSKA
474730,2026-03-19T17:43:41.554990+00:00,normalized_city,,LJUBLJANA
474730,2026-03-19T17:43:41.554990+00:00,normalized_region,,OSREDNJESLOVENSKA
474729,2026-03-19T17:43:41.554990+00:00,normalized_city,,LJUBLJANA
474729,2026-03-19T17:43:41.554990+00:00,normalized_region,,OSREDNJESLOVENSKA
474724,2026-03-19T17:43:41.554990+00:00,normalized_city,,LJUBLJANA
474724,2026-03-19T17:43:41.554990+00:00,normalized_region,,OSREDNJESLOVENSKA
474723,2026-03-19T17:43:41.554990+00:00,normalized_city,,VRHNIKA
474723,2026-03-19T17:43:41.554990+00:00,normalized_region,,OSREDNJESLOVENSKA
474722,2026-03-19T17:43:41.554990+00:00,normalized_city,,DRAVOGRAD
474722,2026-03-19T17:43:41.554990+00:00,normalized_region,,KOROŠKA
474712,2026-03-19T17:43:41.554990+00:00,normalized_city,,KRANJ
474712,2026-03-19T17:43:41.554990+00:00,normalized_region,,GORENJSKA
474707,2026-03-19T17:43:41.554990+00:00,normalized_city,,KOBARID
474707,2026-03-19T17:43:41.554990+00:00,normalized_region,,GORIŠKA
474706,2026-03-19T17:43:41.554990+00:00,normalized_city,,PORTOROŽ/PORTOROSE
474706,2026-03-19T17:43:41.554990+00:00,normalized_region,,OBALNO-KRAŠKA
474701,2026-03-19T17:43:41.554990+00:00,normalized_city,,ORMOŽ
474701,2026-03-19T17:43:41.554990+00:00,normalized_region,,PODRAVSKA
474700,2026-03-19T17:43:41.554990+00:00,normalized_city,,LJUBLJANA
474700,2026-03-19T17:43:41.554990+00:00,normalized_region,,OSREDNJESLOVENSKA
474699,2026-03-19T17:43:41.554990+00:00,normalized_city,,LJUBLJANA
474699,2026-03-19T17:43:41.554990+00:00,normalized_region,,OSREDNJESLOVENSKA
474688,2026-03-19T17:43:41.554990+00:00,normalized_city,,LJUBLJANA
474688,2026-03-19T17:43:41.554990+00:00,normalized_region,,OSREDNJESLOVENSKA
474687,2026-03-19T17:43:41.554990+00:00,normalized_city,,LJUBLJANA
474687,2026-03-19T17:43:41.554990+00:00,normalized_region,,OSREDNJESLOVENSKA
474685,2026-03-19T17:43:41.554990+00:00,normalized_city,,LJUBLJANA
474685,2026-03-19T17:43:41.554990+00:00,normalized_region,,OSREDNJESLOVENSKA
474681,2026-03-19T17:43:41.554990+00:00,normalized_city,,MARIBOR
474681,2026-03-19T17:43:41.554990+00:00,normalized_region,,PODRAVSKA
474670,2026-03-19T17:43:41.554990+00:00,normalized_city,,PORTOROŽ/PORTOROSE
474670,2026-03-19T17:43:41.554990+00:00,normalized_region,,OBALNO-KRAŠKA
474667,2026-03-19T17:43:41.554990+00:00,normalized_city,,TRBOVLJE
474667,2026-03-19T17:43:41.554990+00:00,normalized_region,,ZASAVSKA
474661,2026-03-19T17:43:41.554990+00:00,normalized_city,,TRBOVLJE
474661,2026-03-19T17:43:41.554990+00:00,normalized_region,,ZASAVSKA
474660,2026-03-19T17:43:41.554990+00:00,normalized_city,,LJUBLJANA
474660,2026-03-19T17:43:41.554990+00:00,normalized_region,,OSREDNJESLOVENSKA
474659,2026-03-19T17:43:41.554990+00:00,normalized_city,,NOVO MESTO
474659,2026-03-19T17:43:41.554990+00:00,normalized_region,,JUGOVZHODNA SLOVENIJA
474654,2026-03-19T17:43:41.554990+00:00,normalized_city,,RIMSKE TOPLICE
474654,2026-03-19T17:43:41.554990+00:00,normalized_region,,SAVINJSKA
474653,2026-03-19T17:43:41.554990+00:00,normalized_city,,BLED
474653,2026-03-19T17:43:41.554990+00:00,normalized_region,,GORENJSKA
474651,2026-03-19T17:43:41.554990+00:00,normalized_city,,RIMSKE TOPLICE
474651,2026-03-19T17:43:41.554990+00:00,normalized_region,,SAVINJSKA
474646,2026-03-19T17:43:41.554990+00:00,normalized_city,,LJUBLJANA
474646,2026-03-19T17:43:41.554990+00:00,normalized_region,,OSREDNJESLOVENSKA
474645,2026-03-19T17:43:41.554990+00:00,normalized_city,,LJUBLJANA
474645,2026-03-19T17:43:41.554990+00:00,normalized_region,,OSREDNJESLOVENSKA
474644,2026-03-19T17:43:41.554990+00:00,normalized_city,,LJUBLJANA
474644,2026-03-19T17:43:41.554990+00:00,normalized_region,,OSREDNJESLOVENSKA
474639,2026-03-19T17:43:41.554990+00:00,normalized_city,,LJUBLJANA
474639,2026-03-19T17:43:41.554990+00:00,normalized_region,,OSREDNJESLOVENSKA
474636,2026-03-19T17:43:41.554990+00:00,normalized_city,,KAMNIK
474636,2026-03-19T17:43:41.554990+00:00,normalized_region,,OSREDNJESLOVENSKA
474635,2026-03-19T17:43:41.554990+00:00,normalized_city,,LJUBLJANA
474635,2026-03-19T17:43:41.554990+00:00,normalized_region,,OSREDNJESLOVENSKA
474624,2026-03-19T17:43:41.554990+00:00,normalized_city,,IZOLA/ISOLA
474624,2026-03-19T17:43:41.554990+00:00,normalized_region,,OBALNO-KRAŠKA
474623,2026-03-19T17:43:41.554990+00:00,normalized_city,,MOKRONOG
474623,2026-03-19T17:43:41.554990+00:00,normalized_region,,JUGOVZHODNA SLOVENIJA
474622,2026-03-19T17:43:41.554990+00:00,normalized_city,,TRŽIŠČE
474622,2026-03-19T17:43:41.554990+00:00,normalized_region,,POSAVSKA
474621,2026-03-19T17:43:41.554990+00:00,normalized_city,,IZOLA/ISOLA
474621,2026-03-19T17:43:41.554990+00:00,normalized_region,,OBALNO-KRAŠKA
474617,2026-03-19T17:43:41.554990+00:00,normalized_city,,DOMŽALE
474617,2026-03-19T17:43:41.554990+00:00,normalized_region,,OSREDNJESLOVENSKA
474616,2026-03-19T17:43:41.554990+00:00,normalized_city,,PODKUM
474616,2026-03-19T17:43:41.554990+00:00,normalized_region,,ZASAVSKA
474614,2026-03-19T17:43:41.554990+00:00,normalized_city,,LJUBLJANA
474614,2026-03-19T17:43:41.554990+00:00,normalized_region,,OSREDNJESLOVENSKA
474611,2026-03-19T17:43:41.554990+00:00,normalized_city,,LJUBLJANA
474611,2026-03-19T17:43:41.554990+00:00,normalized_region,,OSREDNJESLOVENSKA
474609,2026-03-19T17:43:41.554990+00:00,normalized_city,,LJUBLJANA
474609,2026-03-19T17:43:41.554990+00:00,normalized_region,,OSREDNJESLOVENSKA
474608,2026-03-19T17:43:41.554990+00:00,normalized_city,,MENGEŠ
474608,2026-03-19T17:43:41.554990+00:00,normalized_region,,OSREDNJESLOVENSKA
474608,2026-03-19T17:43:41.554990+00:00,work_schedule,PO DOGOVORU,DOPOLDAN
474599,2026-03-19T17:43:41.554990+00:00,normalized_city,,LJUBLJANA
474599,2026-03-19T17:43:41.554990+00:00,normalized_region,,OSREDNJESLOVENSKA
474597,2026-03-19T17:43:41.554990+00:00,normalized_city,,MEDVODE
474597,2026-03-19T17:43:41.554990+00:00,normalized_region,,OSREDNJESLOVENSKA
474596,2026-03-19T17:43:41.554990+00:00,normalized_city,,MEDVODE
474596,2026-03-19T17:43:41.554990+00:00,normalized_region,,OSREDNJESLOVENSKA
474594,2026-03-19T17:43:41.554990+00:00,normalized_city,,LJUBLJANA
474594,2026-03-19T17:43:41.554990+00:00,normalized_region,,OSREDNJESLOVENSKA
474592,2026-03-19T17:43:41.554990+00:00,normalized_city,,LJUBLJANA
474592,2026-03-19T17:43:41.554990+00:00,normalized_region,,OSREDNJESLOVENSKA
474579,2026-03-19T17:43:41.554990+00:00,normalized_city,,PIRAN/PIRANO
474579,2026-03-19T17:43:41.554990+00:00,normalized_region,,OBALNO-KRAŠKA
474578,2026-03-19T17:43:41.554990+00:00,normalized_city,,PIRAN/PIRANO
474578,2026-03-19T17:43:41.554990+00:00,normalized_region,,OBALNO-KRAŠKA
474577,2026-03-19T17:43:41.554990+00:00,normalized_city,,PORTOROŽ/PORTOROSE
474577,2026-03-19T17:43:41.554990+00:00,normalized_region,,OBALNO-KRAŠKA
474572,2026-03-19T17:43:41.554990+00:00,normalized_city,,SLOVENSKE KONJICE
474572,2026-03-19T17:43:41.554990+00:00,normalized_region,,SAVINJSKA
474571,2026-03-19T17:43:41.554990+00:00,normalized_city,,LJUBLJANA
474571,2026-03-19T17:43:41.554990+00:00,normalized_region,,OSREDNJESLOVENSKA
474563,2026-03-19T17:43:41.554990+00:00,normalized_city,,DOMŽALE
474563,2026-03-19T17:43:41.554990+00:00,normalized_region,,OSREDNJESLOVENSKA
474551,2026-03-19T17:43:41.554990+00:00,normalized_city,,DOMŽALE
474551,2026-03-19T17:43:41.554990+00:00,normalized_region,,OSREDNJESLOVENSKA
474548,2026-03-19T17:43:41.554990+00:00,normalized_city,,LJUBLJANA
474548,2026-03-19T17:43:41.554990+00:00,normalized_region,,OSREDNJESLOVENSKA
474543,2026-03-19T17:43:41.554990+00:00,normalized_city,,ŠENČUR
474543,2026-03-19T17:43:41.554990+00:00,normalized_region,,GORENJSKA
474541,2026-03-19T17:43:41.554990+00:00,normalized_city,,LJUBLJANA
474541,2026-03-19T17:43:41.554990+00:00,normalized_region,,OSREDNJESLOVENSKA
474538,2026-03-19T17:43:41.554990+00:00,normalized_city,,GORNJA RADGONA
474538,2026-03-19T17:43:41.554990+00:00,normalized_region,,POMURSKA
474534,2026-03-19T17:43:41.554990+00:00,normalized_city,,LENDAVA/LENDVA
474534,2026-03-19T17:43:41.554990+00:00,normalized_region,,POMURSKA
474531,2026-03-19T17:43:41.554990+00:00,normalized_city,,LJUBLJANA
474531,2026-03-19T17:43:41.554990+00:00,normalized_region,,OSREDNJESLOVENSKA
474528,2026-03-19T17:43:41.554990+00:00,normalized_city,,TRZIN
474528,2026-03-19T17:43:41.554990+00:00,normalized_region,,OSREDNJESLOVENSKA
474527,2026-03-19T17:43:41.554990+00:00,normalized_city,,LJUBLJANA
474527,2026-03-19T17:43:41.554990+00:00,normalized_region,,OSREDNJESLOVENSKA
474521,2026-03-19T17:43:41.554990+00:00,normalized_city,,LJUBLJANA
474521,2026-03-19T17:43:41.554990+00:00,normalized_region,,OSREDNJESLOVENSKA
474519,2026-03-19T17:43:41.554990+00:00,normalized_city,,LJUBLJANA
474519,2026-03-19T17:43:41.554990+00:00,normalized_region,,OSREDNJESLOVENSKA
474516,2026-03-19T17:43:41.554990+00:00,normalized_city,,BLED
474516,2026-03-19T17:43:41.554990+00:00,normalized_region,,GORENJSKA
474513,2026-03-19T17:43:41.554990+00:00,normalized_city,,LOŽNICA PRI ŽALCU
474513,2026-03-19T17:43:41.554990+00:00,normalized_region,,SAVINJSKA
474505,2026-03-19T17:43:41.554990+00:00,normalized_city,,LJUBLJANA
474505,2026-03-19T17:43:41.554990+00:00,normalized_region,,OSREDNJESLOVENSKA
474501,2026-03-19T17:43:41.554990+00:00,normalized_city,,LJUBLJANA
474501,2026-03-19T17:43:41.554990+00:00,normalized_region,,OSREDNJESLOVENSKA
474500,2026-03-19T17:43:41.554990+00:00,normalized_city,,NOVO MESTO
474500,2026-03-19T17:43:41.554990+00:00,normalized_region,,JUGOVZHODNA SLOVENIJA
474488,2026-03-19T17:43:41.554990+00:00,normalized_city,,CELJE
474488,2026-03-19T17:43:41.554990+00:00,normalized_region,,SAVINJSKA
474487,2026-03-19T17:43:41.554990+00:00,normalized_city,,LJUBLJANA
474487,2026-03-19T17:43:41.554990+00:00,normalized_region,,OSREDNJESLOVENSKA
474484,2026-03-19T17:43:41.554990+00:00,normalized_city,,SLOVENSKE KONJICE
474484,2026-03-19T17:43:41.554990+00:00,normalized_region,,SAVINJSKA
474483,2026-03-19T17:43:41.554990+00:00,normalized_city,,ZREČE
474483,2026-03-19T17:43:41.554990+00:00,normalized_region,,SAVINJSKA
474479,2026-03-19T17:43:41.554990+00:00,normalized_city,,BOROVNICA
474479,2026-03-19T17:43:41.554990+00:00,normalized_region,,OSREDNJESLOVENSKA
474477,2026-03-19T17:43:41.554990+00:00,normalized_city,,SLOVENSKA BISTRICA
474477,2026-03-19T17:43:41.554990+00:00,normalized_region,,PODRAVSKA
474476,2026-03-19T17:43:41.554990+00:00,normalized_city,,MARIBOR
474476,2026-03-19T17:43:41.554990+00:00,normalized_region,,PODRAVSKA
474471,2026-03-19T17:43:41.554990+00:00,normalized_city,,GROSUPLJE
474471,2026-03-19T17:43:41.554990+00:00,normalized_region,,OSREDNJESLOVENSKA
474459,2026-03-19T17:43:41.554990+00:00,subtitle,,DELO V RESTAVRACIJI S HITRO PREHRANO
474459,2026-03-19T17:43:41.554990+00:00,normalized_city,,LJUBLJANA
474459,2026-03-19T17:43:41.554990+00:00,normalized_region,,OSREDNJESLOVENSKA
474458,2026-03-19T17:43:41.554990+00:00,normalized_city,,SELCE
474458,2026-03-19T17:43:41.554990+00:00,normalized_region,,SAVINJSKA
474457,2026-03-19T17:43:41.554990+00:00,normalized_city,,SELCE
474457,2026-03-19T17:43:41.554990+00:00,normalized_region,,SAVINJSKA
474456,2026-03-19T17:43:41.554990+00:00,normalized_city,,LJUBLJANA
474456,2026-03-19T17:43:41.554990+00:00,normalized_region,,OSREDNJESLOVENSKA
474454,2026-03-19T17:43:41.554990+00:00,normalized_city,,LJUBLJANA
474454,2026-03-19T17:43:41.554990+00:00,normalized_region,,OSREDNJESLOVENSKA
474452,2026-03-19T17:43:41.554990+00:00,normalized_city,,LJUBLJANA
474452,2026-03-19T17:43:41.554990+00:00,normalized_region,,OSREDNJESLOVENSKA
474451,2026-03-19T17:43:41.554990+00:00,normalized_city,,POSTOJNA
474451,2026-03-19T17:43:41.554990+00:00,normalized_region,,PRIMORSKO-NOTRANJSKA
474450,2026-03-19T17:43:41.554990+00:00,normalized_city,,LOGATEC
474450,2026-03-19T17:43:41.554990+00:00,normalized_region,,OSREDNJESLOVENSKA
474449,2026-03-19T17:43:41.554990+00:00,normalized_city,,POSTOJNA
474449,2026-03-19T17:43:41.554990+00:00,normalized_region,,PRIMORSKO-NOTRANJSKA
474445,2026-03-19T17:43:41.554990+00:00,normalized_city,,LJUBLJANA
474445,2026-03-19T17:43:41.554990+00:00,normalized_region,,OSREDNJESLOVENSKA
474442,2026-03-19T17:43:41.554990+00:00,normalized_city,,LJUBLJANA
474442,2026-03-19T17:43:41.554990+00:00,normalized_region,,OSREDNJESLOVENSKA
474438,2026-03-19T17:43:41.554990+00:00,normalized_city,,PODČETRTEK
474438,2026-03-19T17:43:41.554990+00:00,normalized_region,,SAVINJSKA
474433,2026-03-19T17:43:41.554990+00:00,normalized_city,,DOLENJSKE TOPLICE
474433,2026-03-19T17:43:41.554990+00:00,normalized_region,,JUGOVZHODNA SLOVENIJA
474432,2026-03-19T17:43:41.554990+00:00,normalized_city,,NOVO MESTO
474432,2026-03-19T17:43:41.554990+00:00,normalized_region,,JUGOVZHODNA SLOVENIJA
474431,2026-03-19T17:43:41.554990+00:00,normalized_city,,NOVO MESTO
474431,2026-03-19T17:43:41.554990+00:00,normalized_region,,JUGOVZHODNA SLOVENIJA
474430,2026-03-19T17:43:41.554990+00:00,normalized_city,,MURSKA SOBOTA
474430,2026-03-19T17:43:41.554990+00:00,normalized_region,,POMURSKA
474426,2026-03-19T17:43:41.554990+00:00,normalized_city,,KOPER/CAPODISTRIA
474426,2026-03-19T17:43:41.554990+00:00,normalized_region,,OBALNO-KRAŠKA
474425,2026-03-19T17:43:41.554990+00:00,normalized_city,,KRTINA
474425,2026-03-19T17:43:41.554990+00:00,normalized_region,,JUGOVZHODNA SLOVENIJA
474419,2026-03-19T17:43:41.554990+00:00,normalized_city,,LJUBLJANA
474419,2026-03-19T17:43:41.554990+00:00,normalized_region,,OSREDNJESLOVENSKA
474418,2026-03-19T17:43:41.554990+00:00,normalized_city,,LJUBLJANA
474418,2026-03-19T17:43:41.554990+00:00,normalized_region,,OSREDNJESLOVENSKA
474417,2026-03-19T17:43:41.554990+00:00,normalized_city,,LJUBLJANA
474417,2026-03-19T17:43:41.554990+00:00,normalized_region,,OSREDNJESLOVENSKA
474411,2026-03-19T17:43:41.554990+00:00,normalized_city,,LJUBLJANA
474411,2026-03-19T17:43:41.554990+00:00,normalized_region,,OSREDNJESLOVENSKA
474405,2026-03-19T17:43:41.554990+00:00,normalized_city,,LAŠKO
474405,2026-03-19T17:43:41.554990+00:00,normalized_region,,SAVINJSKA
474401,2026-03-19T17:43:41.554990+00:00,normalized_city,,MARIBOR
474401,2026-03-19T17:43:41.554990+00:00,normalized_region,,PODRAVSKA
474400,2026-03-19T17:43:41.554990+00:00,normalized_city,,MURSKA SOBOTA
474400,2026-03-19T17:43:41.554990+00:00,normalized_region,,POMURSKA
474398,2026-03-19T17:43:41.554990+00:00,normalized_city,,MARIBOR
474398,2026-03-19T17:43:41.554990+00:00,normalized_region,,PODRAVSKA
474397,2026-03-19T17:43:41.554990+00:00,normalized_city,,MARIBOR
474397,2026-03-19T17:43:41.554990+00:00,normalized_region,,PODRAVSKA
474381,2026-03-19T17:43:41.554990+00:00,normalized_city,,LJUBLJANA
474381,2026-03-19T17:43:41.554990+00:00,normalized_region,,OSREDNJESLOVENSKA
474372,2026-03-19T17:43:41.554990+00:00,normalized_city,,KRANJSKA GORA
474372,2026-03-19T17:43:41.554990+00:00,normalized_region,,GORENJSKA
474369,2026-03-19T17:43:41.554990+00:00,normalized_city,,LJUBLJANA
474369,2026-03-19T17:43:41.554990+00:00,normalized_region,,OSREDNJESLOVENSKA
474364,2026-03-19T17:43:41.554990+00:00,normalized_city,,POVIR
474364,2026-03-19T17:43:41.554990+00:00,normalized_region,,OBALNO-KRAŠKA
474356,2026-03-19T17:43:41.554990+00:00,normalized_city,,ŠKOFJA LOKA
474356,2026-03-19T17:43:41.554990+00:00,normalized_region,,GORENJSKA
474353,2026-03-19T17:43:41.554990+00:00,normalized_city,,ŠENTRUPERT
474353,2026-03-19T17:43:41.554990+00:00,normalized_region,,JUGOVZHODNA SLOVENIJA
474352,2026-03-19T17:43:41.554990+00:00,normalized_city,,LJUBLJANA
474352,2026-03-19T17:43:41.554990+00:00,normalized_region,,OSREDNJESLOVENSKA
474348,2026-03-19T17:43:41.554990+00:00,normalized_city,,LJUBLJANA
474348,2026-03-19T17:43:41.554990+00:00,normalized_region,,OSREDNJESLOVENSKA
474346,2026-03-19T17:43:41.554990+00:00,normalized_city,,LJUBLJANA
474346,2026-03-19T17:43:41.554990+00:00,normalized_region,,OSREDNJESLOVENSKA
474337,2026-03-19T17:43:41.554990+00:00,normalized_city,,DOLENJSKE TOPLICE
474337,2026-03-19T17:43:41.554990+00:00,normalized_region,,JUGOVZHODNA SLOVENIJA
474335,2026-03-19T17:43:41.554990+00:00,normalized_city,,MIRNA
474335,2026-03-19T17:43:41.554990+00:00,normalized_region,,JUGOVZHODNA SLOVENIJA
474333,2026-03-19T17:43:41.554990+00:00,normalized_city,,LJUBLJANA
474333,2026-03-19T17:43:41.554990+00:00,normalized_region,,OSREDNJESLOVENSKA
474329,2026-03-19T17:43:41.554990+00:00,normalized_city,,RADEČE
474329,2026-03-19T17:43:41.554990+00:00,normalized_region,,POSAVSKA
474326,2026-03-19T17:43:41.554990+00:00,normalized_city,,ŠENTVID PRI STIČNI
474326,2026-03-19T17:43:41.554990+00:00,normalized_region,,OSREDNJESLOVENSKA
474324,2026-03-19T17:43:41.554990+00:00,normalized_city,,KRANJ
474324,2026-03-19T17:43:41.554990+00:00,normalized_region,,GORENJSKA
474323,2026-03-19T17:43:41.554990+00:00,normalized_city,,KRANJ
474323,2026-03-19T17:43:41.554990+00:00,normalized_region,,GORENJSKA
474322,2026-03-19T17:43:41.554990+00:00,normalized_city,,KRANJ
474322,2026-03-19T17:43:41.554990+00:00,normalized_region,,GORENJSKA
474312,2026-03-19T17:43:41.554990+00:00,normalized_city,,NOVO MESTO
474312,2026-03-19T17:43:41.554990+00:00,normalized_region,,JUGOVZHODNA SLOVENIJA
474311,2026-03-19T17:43:41.554990+00:00,normalized_city,,KAMNIK
474311,2026-03-19T17:43:41.554990+00:00,normalized_region,,OSREDNJESLOVENSKA
474307,2026-03-19T17:43:41.554990+00:00,normalized_city,,ŽELEZNIKI
474307,2026-03-19T17:43:41.554990+00:00,normalized_region,,GORENJSKA
474306,2026-03-19T17:43:41.554990+00:00,normalized_city,,LJUBLJANA
474306,2026-03-19T17:43:41.554990+00:00,normalized_region,,OSREDNJESLOVENSKA
474305,2026-03-19T17:43:41.554990+00:00,normalized_city,,MEDVODE
474305,2026-03-19T17:43:41.554990+00:00,normalized_region,,OSREDNJESLOVENSKA
474304,2026-03-19T17:43:41.554990+00:00,normalized_city,,ŠKOFJA LOKA
474304,2026-03-19T17:43:41.554990+00:00,normalized_region,,GORENJSKA
474303,2026-03-19T17:43:41.554990+00:00,normalized_city,,ŠKOFJA LOKA
474303,2026-03-19T17:43:41.554990+00:00,normalized_region,,GORENJSKA
474302,2026-03-19T17:43:41.554990+00:00,normalized_city,,ŠKOFJA LOKA
474302,2026-03-19T17:43:41.554990+00:00,normalized_region,,GORENJSKA
474301,2026-03-19T17:43:41.554990+00:00,normalized_city,,MEDVODE
474301,2026-03-19T17:43:41.554990+00:00,normalized_region,,OSREDNJESLOVENSKA
474298,2026-03-19T17:43:41.554990+00:00,normalized_city,,ŽABNICA
474298,2026-03-19T17:43:41.554990+00:00,normalized_region,,GORENJSKA
474297,2026-03-19T17:43:41.554990+00:00,normalized_city,,KOČEVJE
474297,2026-03-19T17:43:41.554990+00:00,normalized_region,,JUGOVZHODNA SLOVENIJA
474296,2026-03-19T17:43:41.554990+00:00,normalized_city,,IHAN
474296,2026-03-19T17:43:41.554990+00:00,normalized_region,,OSREDNJESLOVENSKA
474293,2026-03-19T17:43:41.554990+00:00,normalized_city,,MARIBOR
474293,2026-03-19T17:43:41.554990+00:00,normalized_region,,PODRAVSKA
474276,2026-03-19T17:43:41.554990+00:00,normalized_city,,ŠKOFJA LOKA
474276,2026-03-19T17:43:41.554990+00:00,normalized_region,,GORENJSKA
474274,2026-03-19T17:43:41.554990+00:00,normalized_city,,GROSUPLJE
474274,2026-03-19T17:43:41.554990+00:00,normalized_region,,OSREDNJESLOVENSKA
474270,2026-03-19T17:43:41.554990+00:00,normalized_city,,LJUBLJANA
474270,2026-03-19T17:43:41.554990+00:00,normalized_region,,OSREDNJESLOVENSKA
474267,2026-03-19T17:43:41.554990+00:00,normalized_city,,LJUBLJANA
474267,2026-03-19T17:43:41.554990+00:00,normalized_region,,OSREDNJESLOVENSKA
474247,2026-03-19T17:43:41.554990+00:00,normalized_city,,LJUBLJANA
474247,2026-03-19T17:43:41.554990+00:00,normalized_region,,OSREDNJESLOVENSKA
474242,2026-03-19T17:43:41.554990+00:00,normalized_city,,BLED
474242,2026-03-19T17:43:41.554990+00:00,normalized_region,,GORENJSKA
474236,2026-03-19T17:43:41.554990+00:00,normalized_city,,BLED
474236,2026-03-19T17:43:41.554990+00:00,normalized_region,,GORENJSKA
474232,2026-03-19T17:43:41.554990+00:00,normalized_city,,MURSKA SOBOTA
474232,2026-03-19T17:43:41.554990+00:00,normalized_region,,POMURSKA
474231,2026-03-19T17:43:41.554990+00:00,normalized_city,,KOČEVJE
474231,2026-03-19T17:43:41.554990+00:00,normalized_region,,JUGOVZHODNA SLOVENIJA
474223,2026-03-19T17:43:41.554990+00:00,normalized_city,,LJUBLJANA
474223,2026-03-19T17:43:41.554990+00:00,normalized_region,,OSREDNJESLOVENSKA
474222,2026-03-19T17:43:41.554990+00:00,normalized_city,,LJUBLJANA
474222,2026-03-19T17:43:41.554990+00:00,normalized_region,,OSREDNJESLOVENSKA
474221,2026-03-19T17:43:41.554990+00:00,normalized_city,,VIDEM
474221,2026-03-19T17:43:41.554990+00:00,normalized_region,,POSAVSKA
474216,2026-03-19T17:43:41.554990+00:00,normalized_city,,LJUBLJANA
474216,2026-03-19T17:43:41.554990+00:00,normalized_region,,OSREDNJESLOVENSKA
474211,2026-03-19T17:43:41.554990+00:00,normalized_city,,NOVO MESTO
474211,2026-03-19T17:43:41.554990+00:00,normalized_region,,JUGOVZHODNA SLOVENIJA
474209,2026-03-19T17:43:41.554990+00:00,normalized_city,,ČRNOMELJ
474209,2026-03-19T17:43:41.554990+00:00,normalized_region,,JUGOVZHODNA SLOVENIJA
474208,2026-03-19T17:43:41.554990+00:00,normalized_city,,KOPER/CAPODISTRIA
474208,2026-03-19T17:43:41.554990+00:00,normalized_region,,OBALNO-KRAŠKA
474207,2026-03-19T17:43:41.554990+00:00,normalized_city,,CELJE
474207,2026-03-19T17:43:41.554990+00:00,normalized_region,,SAVINJSKA
474201,2026-03-19T17:43:41.554990+00:00,normalized_city,,IZOLA/ISOLA
474201,2026-03-19T17:43:41.554990+00:00,normalized_region,,OBALNO-KRAŠKA
474200,2026-03-19T17:43:41.554990+00:00,normalized_city,,IZOLA/ISOLA
474200,2026-03-19T17:43:41.554990+00:00,normalized_region,,OBALNO-KRAŠKA
474199,2026-03-19T17:43:41.554990+00:00,normalized_city,,POLHOV GRADEC
474199,2026-03-19T17:43:41.554990+00:00,normalized_region,,OSREDNJESLOVENSKA
474191,2026-03-19T17:43:41.554990+00:00,normalized_city,,KOBARID
474191,2026-03-19T17:43:41.554990+00:00,normalized_region,,GORIŠKA
474184,2026-03-19T17:43:41.554990+00:00,normalized_city,,LJUBLJANA
474184,2026-03-19T17:43:41.554990+00:00,normalized_region,,OSREDNJESLOVENSKA
474179,2026-03-19T17:43:41.554990+00:00,normalized_city,,BOHINJSKA BISTRICA
474179,2026-03-19T17:43:41.554990+00:00,normalized_region,,GORENJSKA
474178,2026-03-19T17:43:41.554990+00:00,normalized_city,,KRANJ
474178,2026-03-19T17:43:41.554990+00:00,normalized_region,,GORENJSKA
474167,2026-03-19T17:43:41.554990+00:00,normalized_city,,LJUBLJANA
474167,2026-03-19T17:43:41.554990+00:00,normalized_region,,OSREDNJESLOVENSKA
474165,2026-03-19T17:43:41.554990+00:00,normalized_city,,DUTOVLJE
474165,2026-03-19T17:43:41.554990+00:00,normalized_region,,OBALNO-KRAŠKA
474164,2026-03-19T17:43:41.554990+00:00,normalized_city,,LJUBLJANA
474164,2026-03-19T17:43:41.554990+00:00,normalized_region,,OSREDNJESLOVENSKA
474152,2026-03-19T17:43:41.554990+00:00,normalized_city,,LJUBLJANA
474152,2026-03-19T17:43:41.554990+00:00,normalized_region,,OSREDNJESLOVENSKA
474143,2026-03-19T17:43:41.554990+00:00,normalized_city,,KOPER/CAPODISTRIA
474143,2026-03-19T17:43:41.554990+00:00,normalized_region,,OBALNO-KRAŠKA
474138,2026-03-19T17:43:41.554990+00:00,normalized_city,,LJUBLJANA
474138,2026-03-19T17:43:41.554990+00:00,normalized_region,,OSREDNJESLOVENSKA
474130,2026-03-19T17:43:41.554990+00:00,normalized_city,,LJUBLJANA
474130,2026-03-19T17:43:41.554990+00:00,normalized_region,,OSREDNJESLOVENSKA
474128,2026-03-19T17:43:41.554990+00:00,normalized_city,,ZAGORJE
474128,2026-03-19T17:43:41.554990+00:00,normalized_region,,PODRAVSKA
474122,2026-03-19T17:43:41.554990+00:00,normalized_city,,CELJE
474122,2026-03-19T17:43:41.554990+00:00,normalized_region,,SAVINJSKA
474120,2026-03-19T17:43:41.554990+00:00,normalized_city,,KANAL
474120,2026-03-19T17:43:41.554990+00:00,normalized_region,,GORIŠKA
474119,2026-03-19T17:43:41.554990+00:00,normalized_city,,BOVEC
474119,2026-03-19T17:43:41.554990+00:00,normalized_region,,GORIŠKA
474118,2026-03-19T17:43:41.554990+00:00,normalized_city,,KOBARID
474118,2026-03-19T17:43:41.554990+00:00,normalized_region,,GORIŠKA
474117,2026-03-19T17:43:41.554990+00:00,normalized_city,,BOVEC
474117,2026-03-19T17:43:41.554990+00:00,normalized_region,,GORIŠKA
474116,2026-03-19T17:43:41.554990+00:00,normalized_city,,RENČE
474116,2026-03-19T17:43:41.554990+00:00,normalized_region,,GORIŠKA
474115,2026-03-19T17:43:41.554990+00:00,normalized_city,,BILJE
474115,2026-03-19T17:43:41.554990+00:00,normalized_region,,GORIŠKA
474098,2026-03-19T17:43:41.554990+00:00,normalized_region,,OBALNO-KRAŠKA
474092,2026-03-19T17:43:41.554990+00:00,normalized_city,,PTUJ
474092,2026-03-19T17:43:41.554990+00:00,normalized_region,,PODRAVSKA
474082,2026-03-19T17:43:41.554990+00:00,normalized_city,,IZOLA/ISOLA
474082,2026-03-19T17:43:41.554990+00:00,normalized_region,,OBALNO-KRAŠKA
474081,2026-03-19T17:43:41.554990+00:00,normalized_city,,IZOLA/ISOLA
474081,2026-03-19T17:43:41.554990+00:00,normalized_region,,OBALNO-KRAŠKA
474080,2026-03-19T17:43:41.554990+00:00,normalized_city,,IZOLA/ISOLA
474080,2026-03-19T17:43:41.554990+00:00,normalized_region,,OBALNO-KRAŠKA
474079,2026-03-19T17:43:41.554990+00:00,normalized_city,,IZOLA/ISOLA
474079,2026-03-19T17:43:41.554990+00:00,normalized_region,,OBALNO-KRAŠKA
474078,2026-03-19T17:43:41.554990+00:00,normalized_city,,IZOLA/ISOLA
474078,2026-03-19T17:43:41.554990+00:00,normalized_region,,OBALNO-KRAŠKA
474077,2026-03-19T17:43:41.554990+00:00,normalized_city,,IZOLA/ISOLA
474077,2026-03-19T17:43:41.554990+00:00,normalized_region,,OBALNO-KRAŠKA
474076,2026-03-19T17:43:41.554990+00:00,normalized_city,,IZOLA/ISOLA
474076,2026-03-19T17:43:41.554990+00:00,normalized_region,,OBALNO-KRAŠKA
474075,2026-03-19T17:43:41.554990+00:00,normalized_city,,STRUNJAN/STRUGNANO
474075,2026-03-19T17:43:41.554990+00:00,normalized_region,,OBALNO-KRAŠKA
474074,2026-03-19T17:43:41.554990+00:00,normalized_city,,STRUNJAN/STRUGNANO
474074,2026-03-19T17:43:41.554990+00:00,normalized_region,,OBALNO-KRAŠKA
474073,2026-03-19T17:43:41.554990+00:00,normalized_city,,PORTOROŽ/PORTOROSE
474073,2026-03-19T17:43:41.554990+00:00,normalized_region,,OBALNO-KRAŠKA
474072,2026-03-19T17:43:41.554990+00:00,normalized_city,,PORTOROŽ/PORTOROSE
474072,2026-03-19T17:43:41.554990+00:00,normalized_region,,OBALNO-KRAŠKA
474071,2026-03-19T17:43:41.554990+00:00,normalized_city,,PIRAN/PIRANO
474071,2026-03-19T17:43:41.554990+00:00,normalized_region,,OBALNO-KRAŠKA
474070,2026-03-19T17:43:41.554990+00:00,normalized_city,,PIRAN/PIRANO
474070,2026-03-19T17:43:41.554990+00:00,normalized_region,,OBALNO-KRAŠKA
474069,2026-03-19T17:43:41.554990+00:00,normalized_city,,PORTOROŽ/PORTOROSE
474069,2026-03-19T17:43:41.554990+00:00,normalized_region,,OBALNO-KRAŠKA
474068,2026-03-19T17:43:41.554990+00:00,normalized_city,,PORTOROŽ/PORTOROSE
474068,2026-03-19T17:43:41.554990+00:00,normalized_region,,OBALNO-KRAŠKA
474067,2026-03-19T17:43:41.554990+00:00,normalized_city,,PIRAN/PIRANO
474067,2026-03-19T17:43:41.554990+00:00,normalized_region,,OBALNO-KRAŠKA
474066,2026-03-19T17:43:41.554990+00:00,normalized_city,,PIRAN/PIRANO
474066,2026-03-19T17:43:41.554990+00:00,normalized_region,,OBALNO-KRAŠKA
474065,2026-03-19T17:43:41.554990+00:00,normalized_city,,PORTOROŽ/PORTOROSE
474065,2026-03-19T17:43:41.554990+00:00,normalized_region,,OBALNO-KRAŠKA
474064,2026-03-19T17:43:41.554990+00:00,normalized_city,,PORTOROŽ/PORTOROSE
474064,2026-03-19T17:43:41.554990+00:00,normalized_region,,OBALNO-KRAŠKA
474063,2026-03-19T17:43:41.554990+00:00,normalized_city,,PORTOROŽ/PORTOROSE
474063,2026-03-19T17:43:41.554990+00:00,normalized_region,,OBALNO-KRAŠKA
474062,2026-03-19T17:43:41.554990+00:00,normalized_city,,PORTOROŽ/PORTOROSE
474062,2026-03-19T17:43:41.554990+00:00,normalized_region,,OBALNO-KRAŠKA
474054,2026-03-19T17:43:41.554990+00:00,normalized_city,,LJUBLJANA
474054,2026-03-19T17:43:41.554990+00:00,normalized_region,,OSREDNJESLOVENSKA
474052,2026-03-19T17:43:41.554990+00:00,normalized_city,,DOBROVA
474052,2026-03-19T17:43:41.554990+00:00,normalized_region,,POSAVSKA
474039,2026-03-19T17:43:41.554990+00:00,normalized_city,,CERKNICA
474039,2026-03-19T17:43:41.554990+00:00,normalized_region,,PRIMORSKO-NOTRANJSKA
474038,2026-03-19T17:43:41.554990+00:00,normalized_city,,POLHOV GRADEC
474038,2026-03-19T17:43:41.554990+00:00,normalized_region,,OSREDNJESLOVENSKA
474037,2026-03-19T17:43:41.554990+00:00,normalized_city,,HORJUL
474037,2026-03-19T17:43:41.554990+00:00,normalized_region,,OSREDNJESLOVENSKA
474035,2026-03-19T17:43:41.554990+00:00,normalized_city,,GORENJA VAS
474035,2026-03-19T17:43:41.554990+00:00,normalized_region,,ZASAVSKA
474030,2026-03-19T17:43:41.554990+00:00,normalized_city,,IDRIJA
474030,2026-03-19T17:43:41.554990+00:00,normalized_region,,GORIŠKA
474028,2026-03-19T17:43:41.554990+00:00,normalized_city,,LOGATEC
474028,2026-03-19T17:43:41.554990+00:00,normalized_region,,OSREDNJESLOVENSKA
474027,2026-03-19T17:43:41.554990+00:00,normalized_city,,VRHNIKA
474027,2026-03-19T17:43:41.554990+00:00,normalized_region,,OSREDNJESLOVENSKA
474025,2026-03-19T17:43:41.554990+00:00,normalized_city,,LJUBLJANA
474025,2026-03-19T17:43:41.554990+00:00,normalized_region,,OSREDNJESLOVENSKA
474018,2026-03-19T17:43:41.554990+00:00,normalized_city,,LJUBLJANA
474018,2026-03-19T17:43:41.554990+00:00,normalized_region,,OSREDNJESLOVENSKA
474015,2026-03-19T17:43:41.554990+00:00,normalized_city,,CELJE
474015,2026-03-19T17:43:41.554990+00:00,normalized_region,,SAVINJSKA
474010,2026-03-19T17:43:41.554990+00:00,normalized_city,,LJUBLJANA
474010,2026-03-19T17:43:41.554990+00:00,normalized_region,,OSREDNJESLOVENSKA
474003,2026-03-19T17:43:41.554990+00:00,normalized_city,,LJUBLJANA
474003,2026-03-19T17:43:41.554990+00:00,normalized_region,,OSREDNJESLOVENSKA
474002,2026-03-19T17:43:41.554990+00:00,normalized_city,,LJUBLJANA
474002,2026-03-19T17:43:41.554990+00:00,normalized_region,,OSREDNJESLOVENSKA
473996,2026-03-19T17:43:41.554990+00:00,normalized_city,,RADOMLJE
473996,2026-03-19T17:43:41.554990+00:00,normalized_region,,OSREDNJESLOVENSKA
473984,2026-03-19T17:43:41.554990+00:00,normalized_city,,LJUBLJANA
473984,2026-03-19T17:43:41.554990+00:00,normalized_region,,OSREDNJESLOVENSKA
473981,2026-03-19T17:43:41.554990+00:00,normalized_city,,LJUBLJANA
473981,2026-03-19T17:43:41.554990+00:00,normalized_region,,OSREDNJESLOVENSKA
473976,2026-03-19T17:43:41.554990+00:00,normalized_city,,LJUBLJANA
473976,2026-03-19T17:43:41.554990+00:00,normalized_region,,OSREDNJESLOVENSKA
473975,2026-03-19T17:43:41.554990+00:00,normalized_city,,LJUBLJANA
473975,2026-03-19T17:43:41.554990+00:00,normalized_region,,OSREDNJESLOVENSKA
473959,2026-03-19T17:43:41.554990+00:00,normalized_city,,BLED
473959,2026-03-19T17:43:41.554990+00:00,normalized_region,,GORENJSKA
473958,2026-03-19T17:43:41.554990+00:00,normalized_city,,BLED
473958,2026-03-19T17:43:41.554990+00:00,normalized_region,,GORENJSKA
473942,2026-03-19T17:43:41.554990+00:00,normalized_city,,LJUBLJANA
473942,2026-03-19T17:43:41.554990+00:00,normalized_region,,OSREDNJESLOVENSKA
473933,2026-03-19T17:43:41.554990+00:00,normalized_region,,GORENJSKA
473924,2026-03-19T17:43:41.554990+00:00,normalized_city,,BOHINJSKA BISTRICA
473924,2026-03-19T17:43:41.554990+00:00,normalized_region,,GORENJSKA
473922,2026-03-19T17:43:41.554990+00:00,normalized_city,,GORNJA RADGONA
473922,2026-03-19T17:43:41.554990+00:00,normalized_region,,POMURSKA
473913,2026-03-19T17:43:41.554990+00:00,normalized_city,,MARIBOR
473913,2026-03-19T17:43:41.554990+00:00,normalized_region,,PODRAVSKA
473909,2026-03-19T17:43:41.554990+00:00,normalized_city,,DUPLJE
473909,2026-03-19T17:43:41.554990+00:00,normalized_region,,GORIŠKA
473906,2026-03-19T17:43:41.554990+00:00,normalized_city,,LJUBLJANA
473906,2026-03-19T17:43:41.554990+00:00,normalized_region,,OSREDNJESLOVENSKA
473904,2026-03-19T17:43:41.554990+00:00,normalized_city,,SEVNICA
473904,2026-03-19T17:43:41.554990+00:00,normalized_region,,POSAVSKA
473903,2026-03-19T17:43:41.554990+00:00,normalized_city,,GROSUPLJE
473903,2026-03-19T17:43:41.554990+00:00,normalized_region,,OSREDNJESLOVENSKA
473889,2026-03-19T17:43:41.554990+00:00,normalized_city,,LJUBLJANA
473889,2026-03-19T17:43:41.554990+00:00,normalized_region,,OSREDNJESLOVENSKA
473872,2026-03-19T17:43:41.554990+00:00,normalized_city,,AJDOVŠČINA
473872,2026-03-19T17:43:41.554990+00:00,normalized_region,,GORIŠKA
473865,2026-03-19T17:43:41.554990+00:00,normalized_city,,KRANJ
473865,2026-03-19T17:43:41.554990+00:00,normalized_region,,GORENJSKA
473858,2026-03-19T17:43:41.554990+00:00,normalized_city,,SLOVENSKA BISTRICA
473858,2026-03-19T17:43:41.554990+00:00,normalized_region,,PODRAVSKA
473852,2026-03-19T17:43:41.554990+00:00,normalized_city,,MARIBOR
473852,2026-03-19T17:43:41.554990+00:00,normalized_region,,PODRAVSKA
473829,2026-03-19T17:43:41.554990+00:00,normalized_city,,NOVO MESTO
473829,2026-03-19T17:43:41.554990+00:00,normalized_region,,JUGOVZHODNA SLOVENIJA
473827,2026-03-19T17:43:41.554990+00:00,normalized_city,,ŠMARJEŠKE TOPLICE
473827,2026-03-19T17:43:41.554990+00:00,normalized_region,,JUGOVZHODNA SLOVENIJA
473825,2026-03-19T17:43:41.554990+00:00,normalized_city,,KRŠKO
473825,2026-03-19T17:43:41.554990+00:00,normalized_region,,POSAVSKA
473822,2026-03-19T17:43:41.554990+00:00,normalized_city,,ŠKOCJAN/SAN CANZIANO
473822,2026-03-19T17:43:41.554990+00:00,normalized_region,,OBALNO-KRAŠKA
473814,2026-03-19T17:43:41.554990+00:00,normalized_city,,LJUBLJANA
473814,2026-03-19T17:43:41.554990+00:00,normalized_region,,OSREDNJESLOVENSKA
473813,2026-03-19T17:43:41.554990+00:00,normalized_city,,LJUBLJANA
473813,2026-03-19T17:43:41.554990+00:00,normalized_region,,OSREDNJESLOVENSKA
473810,2026-03-19T17:43:41.554990+00:00,normalized_city,,MARIBOR
473810,2026-03-19T17:43:41.554990+00:00,normalized_region,,PODRAVSKA
473803,2026-03-19T17:43:41.554990+00:00,normalized_city,,ŠENTJUR
473803,2026-03-19T17:43:41.554990+00:00,normalized_region,,SAVINJSKA
473795,2026-03-19T17:43:41.554990+00:00,normalized_city,,MOST NA SOČI
473795,2026-03-19T17:43:41.554990+00:00,normalized_region,,GORIŠKA
473778,2026-03-19T17:43:41.554990+00:00,normalized_city,,KISOVEC
473778,2026-03-19T17:43:41.554990+00:00,normalized_region,,ZASAVSKA
473777,2026-03-19T17:43:41.554990+00:00,normalized_city,,LJUBLJANA
473777,2026-03-19T17:43:41.554990+00:00,normalized_region,,OSREDNJESLOVENSKA
473757,2026-03-19T17:43:41.554990+00:00,normalized_city,,VRHNIKA
473757,2026-03-19T17:43:41.554990+00:00,normalized_region,,OSREDNJESLOVENSKA
473756,2026-03-19T17:43:41.554990+00:00,normalized_city,,TOLMIN
473756,2026-03-19T17:43:41.554990+00:00,normalized_region,,GORIŠKA
473755,2026-03-19T17:43:41.554990+00:00,normalized_city,,SLOVENJ GRADEC
473755,2026-03-19T17:43:41.554990+00:00,normalized_region,,KOROŠKA
473752,2026-03-19T17:43:41.554990+00:00,normalized_city,,PORTOROŽ/PORTOROSE
473752,2026-03-19T17:43:41.554990+00:00,normalized_region,,OBALNO-KRAŠKA
473751,2026-03-19T17:43:41.554990+00:00,normalized_city,,PORTOROŽ/PORTOROSE
473751,2026-03-19T17:43:41.554990+00:00,normalized_region,,OBALNO-KRAŠKA
473750,2026-03-19T17:43:41.554990+00:00,normalized_city,,PORTOROŽ/PORTOROSE
473750,2026-03-19T17:43:41.554990+00:00,normalized_region,,OBALNO-KRAŠKA
473749,2026-03-19T17:43:41.554990+00:00,normalized_city,,PORTOROŽ/PORTOROSE
473749,2026-03-19T17:43:41.554990+00:00,normalized_region,,OBALNO-KRAŠKA
473738,2026-03-19T17:43:41.554990+00:00,normalized_city,,LJUBLJANA
473738,2026-03-19T17:43:41.554990+00:00,normalized_region,,OSREDNJESLOVENSKA
473735,2026-03-19T17:43:41.554990+00:00,normalized_city,,GORNJA RADGONA
473735,2026-03-19T17:43:41.554990+00:00,normalized_region,,POMURSKA
473729,2026-03-19T17:43:41.554990+00:00,normalized_city,,LJUBLJANA
473729,2026-03-19T17:43:41.554990+00:00,normalized_region,,OSREDNJESLOVENSKA
473726,2026-03-19T17:43:41.554990+00:00,normalized_city,,TRŽIČ
473726,2026-03-19T17:43:41.554990+00:00,normalized_region,,GORENJSKA
473723,2026-03-19T17:43:41.554990+00:00,normalized_city,,MOKRONOG
473723,2026-03-19T17:43:41.554990+00:00,normalized_region,,JUGOVZHODNA SLOVENIJA
473721,2026-03-19T17:43:41.554990+00:00,normalized_city,,MAREZIGE
473721,2026-03-19T17:43:41.554990+00:00,normalized_region,,OBALNO-KRAŠKA
473717,2026-03-19T17:43:41.554990+00:00,normalized_city,,NOVO MESTO
473717,2026-03-19T17:43:41.554990+00:00,normalized_region,,JUGOVZHODNA SLOVENIJA
473715,2026-03-19T17:43:41.554990+00:00,normalized_city,,TRZIN
473715,2026-03-19T17:43:41.554990+00:00,normalized_region,,OSREDNJESLOVENSKA
473713,2026-03-19T17:43:41.554990+00:00,normalized_city,,ŠENTJUR
473713,2026-03-19T17:43:41.554990+00:00,normalized_region,,SAVINJSKA
473712,2026-03-19T17:43:41.554990+00:00,normalized_city,,KOSTANJEVICA NA KRKI
473712,2026-03-19T17:43:41.554990+00:00,normalized_region,,POSAVSKA
473710,2026-03-19T17:43:41.554990+00:00,normalized_city,,SLOVENSKA BISTRICA
473710,2026-03-19T17:43:41.554990+00:00,normalized_region,,PODRAVSKA
473709,2026-03-19T17:43:41.554990+00:00,normalized_city,,PORTOROŽ/PORTOROSE
473709,2026-03-19T17:43:41.554990+00:00,normalized_region,,OBALNO-KRAŠKA
473697,2026-03-19T17:43:41.554990+00:00,normalized_city,,SLOVENSKE KONJICE
473697,2026-03-19T17:43:41.554990+00:00,normalized_region,,SAVINJSKA
473696,2026-03-19T17:43:41.554990+00:00,normalized_city,,DOMŽALE
473696,2026-03-19T17:43:41.554990+00:00,normalized_region,,OSREDNJESLOVENSKA
473695,2026-03-19T17:43:41.554990+00:00,normalized_city,,ŠENTJUR
473695,2026-03-19T17:43:41.554990+00:00,normalized_region,,SAVINJSKA
473694,2026-03-19T17:43:41.554990+00:00,normalized_city,,BRESTANICA
473694,2026-03-19T17:43:41.554990+00:00,normalized_region,,POSAVSKA
473677,2026-03-19T17:43:41.554990+00:00,normalized_city,,LJUBLJANA
473677,2026-03-19T17:43:41.554990+00:00,normalized_region,,OSREDNJESLOVENSKA
473676,2026-03-19T17:43:41.554990+00:00,normalized_region,,OBALNO-KRAŠKA
473670,2026-03-19T17:43:41.554990+00:00,normalized_city,,LESKOVEC PRI KRŠKEM
473670,2026-03-19T17:43:41.554990+00:00,normalized_region,,POSAVSKA
473655,2026-03-19T17:43:41.554990+00:00,normalized_city,,ZGORNJA BESNICA
473655,2026-03-19T17:43:41.554990+00:00,normalized_region,,OSREDNJESLOVENSKA
473653,2026-03-19T17:43:41.554990+00:00,normalized_city,,TRBOVLJE
473653,2026-03-19T17:43:41.554990+00:00,normalized_region,,ZASAVSKA
473651,2026-03-19T17:43:41.554990+00:00,normalized_city,,LJUBLJANA
473651,2026-03-19T17:43:41.554990+00:00,normalized_region,,OSREDNJESLOVENSKA
473625,2026-03-19T17:43:41.554990+00:00,normalized_city,,PIVKA
473625,2026-03-19T17:43:41.554990+00:00,normalized_region,,PRIMORSKO-NOTRANJSKA
473621,2026-03-19T17:43:41.554990+00:00,normalized_city,,PRAGERSKO
473621,2026-03-19T17:43:41.554990+00:00,normalized_region,,PODRAVSKA
473619,2026-03-19T17:43:41.554990+00:00,normalized_city,,CERKVENJAK
473619,2026-03-19T17:43:41.554990+00:00,normalized_region,,PODRAVSKA
473617,2026-03-19T17:43:41.554990+00:00,normalized_city,,LJUBLJANA
473617,2026-03-19T17:43:41.554990+00:00,normalized_region,,OSREDNJESLOVENSKA
473616,2026-03-19T17:43:41.554990+00:00,normalized_city,,LJUBLJANA
473616,2026-03-19T17:43:41.554990+00:00,normalized_region,,OSREDNJESLOVENSKA
473609,2026-03-19T17:43:41.554990+00:00,normalized_city,,MARIBOR
473609,2026-03-19T17:43:41.554990+00:00,normalized_region,,PODRAVSKA
473604,2026-03-19T17:43:41.554990+00:00,normalized_city,,LJUBLJANA
473604,2026-03-19T17:43:41.554990+00:00,normalized_region,,OSREDNJESLOVENSKA
473585,2026-03-19T17:43:41.554990+00:00,normalized_city,,MARIBOR
473585,2026-03-19T17:43:41.554990+00:00,normalized_region,,PODRAVSKA
473581,2026-03-19T17:43:41.554990+00:00,normalized_city,,LJUBLJANA
473581,2026-03-19T17:43:41.554990+00:00,normalized_region,,OSREDNJESLOVENSKA
473570,2026-03-19T17:43:41.554990+00:00,normalized_city,,LJUBLJANA
473570,2026-03-19T17:43:41.554990+00:00,normalized_region,,OSREDNJESLOVENSKA
473564,2026-03-19T17:43:41.554990+00:00,normalized_city,,LJUBLJANA
473564,2026-03-19T17:43:41.554990+00:00,normalized_region,,OSREDNJESLOVENSKA
473558,2026-03-19T17:43:41.554990+00:00,normalized_city,,LJUBLJANA
473558,2026-03-19T17:43:41.554990+00:00,normalized_region,,OSREDNJESLOVENSKA
473553,2026-03-19T17:43:41.554990+00:00,normalized_city,,NOVO MESTO
473553,2026-03-19T17:43:41.554990+00:00,normalized_region,,JUGOVZHODNA SLOVENIJA
473547,2026-03-19T17:43:41.554990+00:00,normalized_city,,PTUJ
473547,2026-03-19T17:43:41.554990+00:00,normalized_region,,PODRAVSKA
473543,2026-03-19T17:43:41.554990+00:00,normalized_city,,KRANJ
473543,2026-03-19T17:43:41.554990+00:00,normalized_region,,GORENJSKA
473541,2026-03-19T17:43:41.554990+00:00,normalized_city,,CELJE
473541,2026-03-19T17:43:41.554990+00:00,normalized_region,,SAVINJSKA
473538,2026-03-19T17:43:41.554990+00:00,normalized_city,,LJUBLJANA
473538,2026-03-19T17:43:41.554990+00:00,normalized_region,,OSREDNJESLOVENSKA
473536,2026-03-19T17:43:41.554990+00:00,normalized_city,,MARIBOR
473536,2026-03-19T17:43:41.554990+00:00,normalized_region,,PODRAVSKA
473525,2026-03-19T17:43:41.554990+00:00,normalized_city,,LJUBLJANA
473525,2026-03-19T17:43:41.554990+00:00,normalized_region,,OSREDNJESLOVENSKA
473520,2026-03-19T17:43:41.554990+00:00,normalized_city,,LJUBLJANA
473520,2026-03-19T17:43:41.554990+00:00,normalized_region,,OSREDNJESLOVENSKA
473518,2026-03-19T17:43:41.554990+00:00,normalized_city,,HORJUL
473518,2026-03-19T17:43:41.554990+00:00,normalized_region,,OSREDNJESLOVENSKA
473517,2026-03-19T17:43:41.554990+00:00,normalized_city,,KOMENDA
473517,2026-03-19T17:43:41.554990+00:00,normalized_region,,OSREDNJESLOVENSKA
473515,2026-03-19T17:43:41.554990+00:00,normalized_city,,PTUJ
473515,2026-03-19T17:43:41.554990+00:00,normalized_region,,PODRAVSKA
473499,2026-03-19T17:43:41.554990+00:00,normalized_city,,SOČA
473499,2026-03-19T17:43:41.554990+00:00,normalized_region,,GORIŠKA
473497,2026-03-19T17:43:41.554990+00:00,normalized_city,,IZOLA/ISOLA
473497,2026-03-19T17:43:41.554990+00:00,normalized_region,,OBALNO-KRAŠKA
473484,2026-03-19T17:43:41.554990+00:00,normalized_city,,LJUBLJANA
473484,2026-03-19T17:43:41.554990+00:00,normalized_region,,OSREDNJESLOVENSKA
473483,2026-03-19T17:43:41.554990+00:00,normalized_city,,ŠENTJUR
473483,2026-03-19T17:43:41.554990+00:00,normalized_region,,SAVINJSKA
473474,2026-03-19T17:43:41.554990+00:00,normalized_city,,BRESTANICA
473474,2026-03-19T17:43:41.554990+00:00,normalized_region,,POSAVSKA
473459,2026-03-19T17:43:41.554990+00:00,normalized_city,,PIRAN/PIRANO
473459,2026-03-19T17:43:41.554990+00:00,normalized_region,,OBALNO-KRAŠKA
473456,2026-03-19T17:43:41.554990+00:00,normalized_city,,MURSKA SOBOTA
473456,2026-03-19T17:43:41.554990+00:00,normalized_region,,POMURSKA
473446,2026-03-19T17:43:41.554990+00:00,normalized_city,,MUTA
473446,2026-03-19T17:43:41.554990+00:00,normalized_region,,KOROŠKA
473440,2026-03-19T17:43:41.554990+00:00,normalized_city,,LJUBLJANA
473440,2026-03-19T17:43:41.554990+00:00,normalized_region,,OSREDNJESLOVENSKA
473436,2026-03-19T17:43:41.554990+00:00,normalized_city,,DOLENJSKE TOPLICE
473436,2026-03-19T17:43:41.554990+00:00,normalized_region,,JUGOVZHODNA SLOVENIJA
473435,2026-03-19T17:43:41.554990+00:00,normalized_city,,MEDVODE
473435,2026-03-19T17:43:41.554990+00:00,normalized_region,,OSREDNJESLOVENSKA
473423,2026-03-19T17:43:41.554990+00:00,normalized_city,,SLOVENJ GRADEC
473423,2026-03-19T17:43:41.554990+00:00,normalized_region,,KOROŠKA
473413,2026-03-19T17:43:41.554990+00:00,normalized_city,,DOMŽALE
473413,2026-03-19T17:43:41.554990+00:00,normalized_region,,OSREDNJESLOVENSKA
473411,2026-03-19T17:43:41.554990+00:00,normalized_city,,LJUBLJANA
473411,2026-03-19T17:43:41.554990+00:00,normalized_region,,OSREDNJESLOVENSKA
473407,2026-03-19T17:43:41.554990+00:00,normalized_city,,POSTOJNA
473407,2026-03-19T17:43:41.554990+00:00,normalized_region,,PRIMORSKO-NOTRANJSKA
473401,2026-03-19T17:43:41.554990+00:00,normalized_city,,IVANČNA GORICA
473401,2026-03-19T17:43:41.554990+00:00,normalized_region,,OSREDNJESLOVENSKA
473400,2026-03-19T17:43:41.554990+00:00,normalized_city,,LJUBLJANA
473400,2026-03-19T17:43:41.554990+00:00,normalized_region,,OSREDNJESLOVENSKA
473395,2026-03-19T17:43:41.554990+00:00,normalized_city,,MARIBOR
473395,2026-03-19T17:43:41.554990+00:00,normalized_region,,PODRAVSKA
473394,2026-03-19T17:43:41.554990+00:00,normalized_city,,MARIBOR
473394,2026-03-19T17:43:41.554990+00:00,normalized_region,,PODRAVSKA
473387,2026-03-19T17:43:41.554990+00:00,normalized_city,,SLOVENJ GRADEC
473387,2026-03-19T17:43:41.554990+00:00,normalized_region,,KOROŠKA
473383,2026-03-19T17:43:41.554990+00:00,normalized_city,,LJUBLJANA
473383,2026-03-19T17:43:41.554990+00:00,normalized_region,,OSREDNJESLOVENSKA
473378,2026-03-19T17:43:41.554990+00:00,normalized_city,,RADOVLJICA
473378,2026-03-19T17:43:41.554990+00:00,normalized_region,,GORENJSKA
473377,2026-03-19T17:43:41.554990+00:00,normalized_city,,LJUBLJANA
473377,2026-03-19T17:43:41.554990+00:00,normalized_region,,OSREDNJESLOVENSKA
473376,2026-03-19T17:43:41.554990+00:00,normalized_city,,GROSUPLJE
473376,2026-03-19T17:43:41.554990+00:00,normalized_region,,OSREDNJESLOVENSKA
473372,2026-03-19T17:43:41.554990+00:00,subtitle,,DELO V RESTAVRACIJI S HITRO PREHRANO
473372,2026-03-19T17:43:41.554990+00:00,normalized_city,,LJUBLJANA
473372,2026-03-19T17:43:41.554990+00:00,normalized_region,,OSREDNJESLOVENSKA
473329,2026-03-19T17:43:41.554990+00:00,normalized_city,,SLOVENSKA BISTRICA
473329,2026-03-19T17:43:41.554990+00:00,normalized_region,,PODRAVSKA
473327,2026-03-19T17:43:41.554990+00:00,normalized_city,,LJUBLJANA
473327,2026-03-19T17:43:41.554990+00:00,normalized_region,,OSREDNJESLOVENSKA
473314,2026-03-19T17:43:41.554990+00:00,normalized_city,,KRANJ
473314,2026-03-19T17:43:41.554990+00:00,normalized_region,,GORENJSKA
473313,2026-03-19T17:43:41.554990+00:00,normalized_city,,DOBROVO
473313,2026-03-19T17:43:41.554990+00:00,normalized_region,,GORIŠKA
473300,2026-03-19T17:43:41.554990+00:00,normalized_city,,DOMŽALE
473300,2026-03-19T17:43:41.554990+00:00,normalized_region,,OSREDNJESLOVENSKA
473297,2026-03-19T17:43:41.554990+00:00,normalized_city,,ŠKOFJA LOKA
473297,2026-03-19T17:43:41.554990+00:00,normalized_region,,GORENJSKA
473290,2026-03-19T17:43:41.554990+00:00,normalized_city,,DOMŽALE
473290,2026-03-19T17:43:41.554990+00:00,normalized_region,,OSREDNJESLOVENSKA
473289,2026-03-19T17:43:41.554990+00:00,normalized_city,,LJUBLJANA
473289,2026-03-19T17:43:41.554990+00:00,normalized_region,,OSREDNJESLOVENSKA
473288,2026-03-19T17:43:41.554990+00:00,normalized_city,,PORTOROŽ/PORTOROSE
473288,2026-03-19T17:43:41.554990+00:00,normalized_region,,OBALNO-KRAŠKA
473282,2026-03-19T17:43:41.554990+00:00,normalized_city,,LJUBLJANA
473282,2026-03-19T17:43:41.554990+00:00,normalized_region,,OSREDNJESLOVENSKA
473279,2026-03-19T17:43:41.554990+00:00,normalized_city,,VELENJE
473279,2026-03-19T17:43:41.554990+00:00,normalized_region,,SAVINJSKA
473277,2026-03-19T17:43:41.554990+00:00,normalized_city,,ZGORNJA POLSKAVA
473277,2026-03-19T17:43:41.554990+00:00,normalized_region,,PODRAVSKA
473276,2026-03-19T17:43:41.554990+00:00,normalized_city,,ZGORNJA POLSKAVA
473276,2026-03-19T17:43:41.554990+00:00,normalized_region,,PODRAVSKA
473273,2026-03-19T17:43:41.554990+00:00,normalized_city,,PORTOROŽ/PORTOROSE
473273,2026-03-19T17:43:41.554990+00:00,normalized_region,,OBALNO-KRAŠKA
473263,2026-03-19T17:43:41.554990+00:00,normalized_city,,LJUBLJANA
473263,2026-03-19T17:43:41.554990+00:00,normalized_region,,OSREDNJESLOVENSKA
473262,2026-03-19T17:43:41.554990+00:00,normalized_city,,LJUBLJANA
473262,2026-03-19T17:43:41.554990+00:00,normalized_region,,OSREDNJESLOVENSKA
473248,2026-03-19T17:43:41.554990+00:00,normalized_city,,TREBNJE
473248,2026-03-19T17:43:41.554990+00:00,normalized_region,,JUGOVZHODNA SLOVENIJA
473246,2026-03-19T17:43:41.554990+00:00,normalized_city,,LJUBLJANA
473246,2026-03-19T17:43:41.554990+00:00,normalized_region,,OSREDNJESLOVENSKA
473244,2026-03-19T17:43:41.554990+00:00,normalized_city,,ŠENČUR
473244,2026-03-19T17:43:41.554990+00:00,normalized_region,,GORENJSKA
473235,2026-03-19T17:43:41.554990+00:00,normalized_city,,CERKNICA
473235,2026-03-19T17:43:41.554990+00:00,normalized_region,,PRIMORSKO-NOTRANJSKA
473233,2026-03-19T17:43:41.554990+00:00,normalized_city,,ŠENČUR
473233,2026-03-19T17:43:41.554990+00:00,normalized_region,,GORENJSKA
473231,2026-03-19T17:43:41.554990+00:00,normalized_city,,DUTOVLJE
473231,2026-03-19T17:43:41.554990+00:00,normalized_region,,OBALNO-KRAŠKA
473230,2026-03-19T17:43:41.554990+00:00,normalized_city,,NOVO MESTO
473230,2026-03-19T17:43:41.554990+00:00,normalized_region,,JUGOVZHODNA SLOVENIJA
473229,2026-03-19T17:43:41.554990+00:00,normalized_city,,DUTOVLJE
473229,2026-03-19T17:43:41.554990+00:00,normalized_region,,OBALNO-KRAŠKA
473227,2026-03-19T17:43:41.554990+00:00,normalized_city,,ŠKOFJA LOKA
473227,2026-03-19T17:43:41.554990+00:00,normalized_region,,GORENJSKA
473226,2026-03-19T17:43:41.554990+00:00,normalized_city,,KRANJ
473226,2026-03-19T17:43:41.554990+00:00,normalized_region,,GORENJSKA
473225,2026-03-19T17:43:41.554990+00:00,normalized_city,,KRANJ
473225,2026-03-19T17:43:41.554990+00:00,normalized_region,,GORENJSKA
473224,2026-03-19T17:43:41.554990+00:00,normalized_city,,LESCE
473224,2026-03-19T17:43:41.554990+00:00,normalized_region,,GORENJSKA
473223,2026-03-19T17:43:41.554990+00:00,normalized_city,,ŠKOFJA LOKA
473223,2026-03-19T17:43:41.554990+00:00,normalized_region,,GORENJSKA
473217,2026-03-19T17:43:41.554990+00:00,normalized_city,,LJUBLJANA
473217,2026-03-19T17:43:41.554990+00:00,normalized_region,,OSREDNJESLOVENSKA
473216,2026-03-19T17:43:41.554990+00:00,normalized_city,,LOVRENC NA DRAVSKEM POLJU
473216,2026-03-19T17:43:41.554990+00:00,normalized_region,,PODRAVSKA
473215,2026-03-19T17:43:41.554990+00:00,normalized_city,,GRIŽE
473215,2026-03-19T17:43:41.554990+00:00,normalized_region,,SAVINJSKA
473214,2026-03-19T17:43:41.554990+00:00,normalized_city,,TREBNJE
473214,2026-03-19T17:43:41.554990+00:00,normalized_region,,JUGOVZHODNA SLOVENIJA
473213,2026-03-19T17:43:41.554990+00:00,normalized_city,,SEVNICA
473213,2026-03-19T17:43:41.554990+00:00,normalized_region,,POSAVSKA
473212,2026-03-19T17:43:41.554990+00:00,normalized_city,,SEVNICA
473212,2026-03-19T17:43:41.554990+00:00,normalized_region,,POSAVSKA
473211,2026-03-19T17:43:41.554990+00:00,normalized_city,,TREBNJE
473211,2026-03-19T17:43:41.554990+00:00,normalized_region,,JUGOVZHODNA SLOVENIJA
473206,2026-03-19T17:43:41.554990+00:00,normalized_city,,MARIBOR
473206,2026-03-19T17:43:41.554990+00:00,normalized_region,,PODRAVSKA
473199,2026-03-19T17:43:41.554990+00:00,normalized_city,,LJUBLJANA
473199,2026-03-19T17:43:41.554990+00:00,normalized_region,,OSREDNJESLOVENSKA
473193,2026-03-19T17:43:41.554990+00:00,normalized_city,,LJUBLJANA
473193,2026-03-19T17:43:41.554990+00:00,normalized_region,,OSREDNJESLOVENSKA
473189,2026-03-19T17:43:41.554990+00:00,normalized_city,,SEŽANA
473189,2026-03-19T17:43:41.554990+00:00,normalized_region,,OBALNO-KRAŠKA
473182,2026-03-19T17:43:41.554990+00:00,normalized_city,,NOVA GORICA
473182,2026-03-19T17:43:41.554990+00:00,normalized_region,,GORIŠKA
473180,2026-03-19T17:43:41.554990+00:00,normalized_city,,LJUBLJANA
473180,2026-03-19T17:43:41.554990+00:00,normalized_region,,OSREDNJESLOVENSKA
473159,2026-03-19T17:43:41.554990+00:00,normalized_city,,LJUBLJANA
473159,2026-03-19T17:43:41.554990+00:00,normalized_region,,OSREDNJESLOVENSKA
473158,2026-03-19T17:43:41.554990+00:00,normalized_city,,KRANJ
473158,2026-03-19T17:43:41.554990+00:00,normalized_region,,GORENJSKA
473149,2026-03-19T17:43:41.554990+00:00,normalized_city,,LJUBLJANA
473149,2026-03-19T17:43:41.554990+00:00,normalized_region,,OSREDNJESLOVENSKA
473146,2026-03-19T17:43:41.554990+00:00,normalized_city,,LAŠKO
473146,2026-03-19T17:43:41.554990+00:00,normalized_region,,SAVINJSKA
473141,2026-03-19T17:43:41.554990+00:00,normalized_city,,KOPER/CAPODISTRIA
473141,2026-03-19T17:43:41.554990+00:00,normalized_region,,OBALNO-KRAŠKA
473139,2026-03-19T17:43:41.554990+00:00,normalized_city,,LJUBLJANA
473139,2026-03-19T17:43:41.554990+00:00,normalized_region,,OSREDNJESLOVENSKA
473131,2026-03-19T17:43:41.554990+00:00,normalized_city,,METLIKA
473131,2026-03-19T17:43:41.554990+00:00,normalized_region,,JUGOVZHODNA SLOVENIJA
473122,2026-03-19T17:43:41.554990+00:00,normalized_city,,KLANEC PRI KOZINI
473122,2026-03-19T17:43:41.554990+00:00,normalized_region,,OBALNO-KRAŠKA
473121,2026-03-19T17:43:41.554990+00:00,normalized_city,,LJUBLJANA
473121,2026-03-19T17:43:41.554990+00:00,normalized_region,,OSREDNJESLOVENSKA
473118,2026-03-19T17:43:41.554990+00:00,normalized_region,,JUGOVZHODNA SLOVENIJA
473117,2026-03-19T17:43:41.554990+00:00,normalized_city,,IVANČNA GORICA
473117,2026-03-19T17:43:41.554990+00:00,normalized_region,,OSREDNJESLOVENSKA
473112,2026-03-19T17:43:41.554990+00:00,normalized_city,,KAMNIK
473112,2026-03-19T17:43:41.554990+00:00,normalized_region,,OSREDNJESLOVENSKA
473110,2026-03-19T17:43:41.554990+00:00,normalized_city,,LJUBLJANA
473110,2026-03-19T17:43:41.554990+00:00,normalized_region,,OSREDNJESLOVENSKA
473108,2026-03-19T17:43:41.554990+00:00,normalized_city,,MARIBOR
473108,2026-03-19T17:43:41.554990+00:00,normalized_region,,PODRAVSKA
473104,2026-03-19T17:43:41.554990+00:00,normalized_city,,ŠKOFJA LOKA
473104,2026-03-19T17:43:41.554990+00:00,normalized_region,,GORENJSKA
473103,2026-03-19T17:43:41.554990+00:00,normalized_city,,SLOVENJ GRADEC
473103,2026-03-19T17:43:41.554990+00:00,normalized_region,,KOROŠKA
473102,2026-03-19T17:43:41.554990+00:00,normalized_city,,ZAGORJE
473102,2026-03-19T17:43:41.554990+00:00,normalized_region,,PODRAVSKA
473101,2026-03-19T17:43:41.554990+00:00,normalized_city,,SEVNICA
473101,2026-03-19T17:43:41.554990+00:00,normalized_region,,POSAVSKA
473100,2026-03-19T17:43:41.554990+00:00,normalized_city,,LJUBLJANA
473100,2026-03-19T17:43:41.554990+00:00,normalized_region,,OSREDNJESLOVENSKA
473099,2026-03-19T17:43:41.554990+00:00,normalized_city,,NOVO MESTO
473099,2026-03-19T17:43:41.554990+00:00,normalized_region,,JUGOVZHODNA SLOVENIJA
473098,2026-03-19T17:43:41.554990+00:00,normalized_city,,KOBARID
473098,2026-03-19T17:43:41.554990+00:00,normalized_region,,GORIŠKA
473097,2026-03-19T17:43:41.554990+00:00,normalized_city,,CELJE
473097,2026-03-19T17:43:41.554990+00:00,normalized_region,,SAVINJSKA
473095,2026-03-19T17:43:41.554990+00:00,normalized_city,,PORTOROŽ/PORTOROSE
473095,2026-03-19T17:43:41.554990+00:00,normalized_region,,OBALNO-KRAŠKA
473094,2026-03-19T17:43:41.554990+00:00,normalized_city,,KOPER/CAPODISTRIA
473094,2026-03-19T17:43:41.554990+00:00,normalized_region,,OBALNO-KRAŠKA
473093,2026-03-19T17:43:41.554990+00:00,normalized_city,,IZOLA/ISOLA
473093,2026-03-19T17:43:41.554990+00:00,normalized_region,,OBALNO-KRAŠKA
473091,2026-03-19T17:43:41.554990+00:00,normalized_city,,GROSUPLJE
473091,2026-03-19T17:43:41.554990+00:00,normalized_region,,OSREDNJESLOVENSKA
473090,2026-03-19T17:43:41.554990+00:00,normalized_city,,DOMŽALE
473090,2026-03-19T17:43:41.554990+00:00,normalized_region,,OSREDNJESLOVENSKA
473088,2026-03-19T17:43:41.554990+00:00,normalized_city,,PTUJ
473088,2026-03-19T17:43:41.554990+00:00,normalized_region,,PODRAVSKA
473087,2026-03-19T17:43:41.554990+00:00,normalized_city,,KRANJ
473087,2026-03-19T17:43:41.554990+00:00,normalized_region,,GORENJSKA
473086,2026-03-19T17:43:41.554990+00:00,normalized_city,,JESENICE
473086,2026-03-19T17:43:41.554990+00:00,normalized_region,,GORENJSKA
473074,2026-03-19T17:43:41.554990+00:00,normalized_city,,MARIBOR
473074,2026-03-19T17:43:41.554990+00:00,normalized_region,,PODRAVSKA
473073,2026-03-19T17:43:41.554990+00:00,normalized_city,,LJUBLJANA
473073,2026-03-19T17:43:41.554990+00:00,normalized_region,,OSREDNJESLOVENSKA
473070,2026-03-19T17:43:41.554990+00:00,normalized_city,,KRANJSKA GORA
473070,2026-03-19T17:43:41.554990+00:00,normalized_region,,GORENJSKA
473068,2026-03-19T17:43:41.554990+00:00,normalized_city,,DOBROVA
473068,2026-03-19T17:43:41.554990+00:00,normalized_region,,POSAVSKA
473063,2026-03-19T17:43:41.554990+00:00,normalized_city,,BREZOVICA
473063,2026-03-19T17:43:41.554990+00:00,normalized_region,,JUGOVZHODNA SLOVENIJA
473062,2026-03-19T17:43:41.554990+00:00,normalized_city,,LJUBLJANA
473062,2026-03-19T17:43:41.554990+00:00,normalized_region,,OSREDNJESLOVENSKA
473050,2026-03-19T17:43:41.554990+00:00,normalized_city,,LJUBLJANA
473050,2026-03-19T17:43:41.554990+00:00,normalized_region,,OSREDNJESLOVENSKA
473048,2026-03-19T17:43:41.554990+00:00,normalized_city,,RADOVLJICA
473048,2026-03-19T17:43:41.554990+00:00,normalized_region,,GORENJSKA
473047,2026-03-19T17:43:41.554990+00:00,normalized_city,,KISOVEC
473047,2026-03-19T17:43:41.554990+00:00,normalized_region,,ZASAVSKA
473040,2026-03-19T17:43:41.554990+00:00,normalized_city,,LJUBLJANA
473040,2026-03-19T17:43:41.554990+00:00,normalized_region,,OSREDNJESLOVENSKA
473038,2026-03-19T17:43:41.554990+00:00,normalized_city,,RADOMLJE
473038,2026-03-19T17:43:41.554990+00:00,normalized_region,,OSREDNJESLOVENSKA
473022,2026-03-19T17:43:41.554990+00:00,normalized_city,,LJUBLJANA
473022,2026-03-19T17:43:41.554990+00:00,normalized_region,,OSREDNJESLOVENSKA
473017,2026-03-19T17:43:41.554990+00:00,normalized_city,,ŠENTJERNEJ
473017,2026-03-19T17:43:41.554990+00:00,normalized_region,,JUGOVZHODNA SLOVENIJA
473011,2026-03-19T17:43:41.554990+00:00,normalized_city,,KAMNIK
473011,2026-03-19T17:43:41.554990+00:00,normalized_region,,OSREDNJESLOVENSKA
473010,2026-03-19T17:43:41.554990+00:00,normalized_city,,SLOVENJ GRADEC
473010,2026-03-19T17:43:41.554990+00:00,normalized_region,,KOROŠKA
473008,2026-03-19T17:43:41.554990+00:00,normalized_city,,ŽIRI
473008,2026-03-19T17:43:41.554990+00:00,normalized_region,,GORENJSKA
473005,2026-03-19T17:43:41.554990+00:00,normalized_city,,KRANJ
473005,2026-03-19T17:43:41.554990+00:00,normalized_region,,GORENJSKA
473003,2026-03-19T17:43:41.554990+00:00,normalized_city,,ŠKOFJA LOKA
473003,2026-03-19T17:43:41.554990+00:00,normalized_region,,GORENJSKA
473001,2026-03-19T17:43:41.554990+00:00,normalized_city,,DOLENJSKE TOPLICE
473001,2026-03-19T17:43:41.554990+00:00,normalized_region,,JUGOVZHODNA SLOVENIJA
472998,2026-03-19T17:43:41.554990+00:00,normalized_city,,KRANJ
472998,2026-03-19T17:43:41.554990+00:00,normalized_region,,GORENJSKA
472997,2026-03-19T17:43:41.554990+00:00,normalized_city,,KRANJ
472997,2026-03-19T17:43:41.554990+00:00,normalized_region,,GORENJSKA
472985,2026-03-19T17:43:41.554990+00:00,normalized_city,,LAŠKO
472985,2026-03-19T17:43:41.554990+00:00,normalized_region,,SAVINJSKA
472983,2026-03-19T17:43:41.554990+00:00,normalized_city,,IDRIJA
472983,2026-03-19T17:43:41.554990+00:00,normalized_region,,GORIŠKA
472982,2026-03-19T17:43:41.554990+00:00,normalized_city,,LAŠKO
472982,2026-03-19T17:43:41.554990+00:00,normalized_region,,SAVINJSKA
472964,2026-03-19T17:43:41.554990+00:00,normalized_city,,MIRNA
472964,2026-03-19T17:43:41.554990+00:00,normalized_region,,JUGOVZHODNA SLOVENIJA
472963,2026-03-19T17:43:41.554990+00:00,normalized_city,,BOŠTANJ
472963,2026-03-19T17:43:41.554990+00:00,normalized_region,,POSAVSKA
472961,2026-03-19T17:43:41.554990+00:00,normalized_city,,ŠENTJUR
472961,2026-03-19T17:43:41.554990+00:00,normalized_region,,SAVINJSKA
472956,2026-03-19T17:43:41.554990+00:00,normalized_city,,NOVO MESTO
472956,2026-03-19T17:43:41.554990+00:00,normalized_region,,JUGOVZHODNA SLOVENIJA
472945,2026-03-19T17:43:41.554990+00:00,normalized_city,,TREBNJE
472945,2026-03-19T17:43:41.554990+00:00,normalized_region,,JUGOVZHODNA SLOVENIJA
472944,2026-03-19T17:43:41.554990+00:00,normalized_city,,LJUBLJANA
472944,2026-03-19T17:43:41.554990+00:00,normalized_region,,OSREDNJESLOVENSKA
472941,2026-03-19T17:43:41.554990+00:00,normalized_city,,LJUBLJANA
472941,2026-03-19T17:43:41.554990+00:00,normalized_region,,OSREDNJESLOVENSKA
472937,2026-03-19T17:43:41.554990+00:00,normalized_city,,ŠKOFJA LOKA
472937,2026-03-19T17:43:41.554990+00:00,normalized_region,,GORENJSKA
472936,2026-03-19T17:43:41.554990+00:00,normalized_city,,LJUBLJANA
472936,2026-03-19T17:43:41.554990+00:00,normalized_region,,OSREDNJESLOVENSKA
472935,2026-03-19T17:43:41.554990+00:00,normalized_city,,LJUBLJANA
472935,2026-03-19T17:43:41.554990+00:00,normalized_region,,OSREDNJESLOVENSKA
472934,2026-03-19T17:43:41.554990+00:00,normalized_city,,LJUBLJANA
472934,2026-03-19T17:43:41.554990+00:00,normalized_region,,OSREDNJESLOVENSKA
472929,2026-03-19T17:43:41.554990+00:00,normalized_city,,IVANČNA GORICA
472929,2026-03-19T17:43:41.554990+00:00,normalized_region,,OSREDNJESLOVENSKA
472928,2026-03-19T17:43:41.554990+00:00,normalized_city,,LJUBLJANA
472928,2026-03-19T17:43:41.554990+00:00,normalized_region,,OSREDNJESLOVENSKA
472926,2026-03-19T17:43:41.554990+00:00,normalized_city,,LJUBLJANA
472926,2026-03-19T17:43:41.554990+00:00,normalized_region,,OSREDNJESLOVENSKA
472925,2026-03-19T17:43:41.554990+00:00,normalized_city,,LJUBLJANA
472925,2026-03-19T17:43:41.554990+00:00,normalized_region,,OSREDNJESLOVENSKA
472924,2026-03-19T17:43:41.554990+00:00,normalized_city,,TRBOVLJE
472924,2026-03-19T17:43:41.554990+00:00,normalized_region,,ZASAVSKA
472920,2026-03-19T17:43:41.554990+00:00,normalized_city,,LJUBLJANA
472920,2026-03-19T17:43:41.554990+00:00,normalized_region,,OSREDNJESLOVENSKA
472919,2026-03-19T17:43:41.554990+00:00,normalized_city,,LJUBLJANA
472919,2026-03-19T17:43:41.554990+00:00,normalized_region,,OSREDNJESLOVENSKA
472916,2026-03-19T17:43:41.554990+00:00,normalized_city,,TRBOVLJE
472916,2026-03-19T17:43:41.554990+00:00,normalized_region,,ZASAVSKA
472914,2026-03-19T17:43:41.554990+00:00,normalized_city,,ŠKOFJA LOKA
472914,2026-03-19T17:43:41.554990+00:00,normalized_region,,GORENJSKA
472899,2026-03-19T17:43:41.554990+00:00,normalized_city,,MEDVODE
472899,2026-03-19T17:43:41.554990+00:00,normalized_region,,OSREDNJESLOVENSKA
472895,2026-03-19T17:43:41.554990+00:00,normalized_city,,IVANČNA GORICA
472895,2026-03-19T17:43:41.554990+00:00,normalized_region,,OSREDNJESLOVENSKA
472894,2026-03-19T17:43:41.554990+00:00,normalized_city,,LJUBLJANA
472894,2026-03-19T17:43:41.554990+00:00,normalized_region,,OSREDNJESLOVENSKA
472880,2026-03-19T17:43:41.554990+00:00,normalized_city,,LJUBLJANA
472880,2026-03-19T17:43:41.554990+00:00,normalized_region,,OSREDNJESLOVENSKA
472872,2026-03-19T17:43:41.554990+00:00,normalized_city,,LJUBLJANA
472872,2026-03-19T17:43:41.554990+00:00,normalized_region,,OSREDNJESLOVENSKA
472868,2026-03-19T17:43:41.554990+00:00,normalized_city,,STAHOVICA
472868,2026-03-19T17:43:41.554990+00:00,normalized_region,,OSREDNJESLOVENSKA
472864,2026-03-19T17:43:41.554990+00:00,normalized_city,,CERKNICA
472864,2026-03-19T17:43:41.554990+00:00,normalized_region,,PRIMORSKO-NOTRANJSKA
472863,2026-03-19T17:43:41.554990+00:00,normalized_city,,CERKNICA
472863,2026-03-19T17:43:41.554990+00:00,normalized_region,,PRIMORSKO-NOTRANJSKA
472845,2026-03-19T17:43:41.554990+00:00,normalized_city,,LJUBLJANA
472845,2026-03-19T17:43:41.554990+00:00,normalized_region,,OSREDNJESLOVENSKA
472843,2026-03-19T17:43:41.554990+00:00,normalized_city,,LJUBLJANA
472843,2026-03-19T17:43:41.554990+00:00,normalized_region,,OSREDNJESLOVENSKA
472841,2026-03-19T17:43:41.554990+00:00,normalized_city,,LJUBLJANA
472841,2026-03-19T17:43:41.554990+00:00,normalized_region,,OSREDNJESLOVENSKA
472839,2026-03-19T17:43:41.554990+00:00,normalized_city,,POSTOJNA
472839,2026-03-19T17:43:41.554990+00:00,normalized_region,,PRIMORSKO-NOTRANJSKA
472835,2026-03-19T17:43:41.554990+00:00,normalized_city,,LJUBLJANA
472835,2026-03-19T17:43:41.554990+00:00,normalized_region,,OSREDNJESLOVENSKA
472834,2026-03-19T17:43:41.554990+00:00,normalized_city,,LJUBLJANA
472834,2026-03-19T17:43:41.554990+00:00,normalized_region,,OSREDNJESLOVENSKA
472828,2026-03-19T17:43:41.554990+00:00,normalized_city,,ŠENTRUPERT
472828,2026-03-19T17:43:41.554990+00:00,normalized_region,,JUGOVZHODNA SLOVENIJA
472824,2026-03-19T17:43:41.554990+00:00,normalized_city,,IZOLA/ISOLA
472824,2026-03-19T17:43:41.554990+00:00,normalized_region,,OBALNO-KRAŠKA
472821,2026-03-19T17:43:41.554990+00:00,normalized_city,,KAMNIK
472821,2026-03-19T17:43:41.554990+00:00,normalized_region,,OSREDNJESLOVENSKA
472806,2026-03-19T17:43:41.554990+00:00,normalized_city,,ŠENTJERNEJ
472806,2026-03-19T17:43:41.554990+00:00,normalized_region,,JUGOVZHODNA SLOVENIJA
472802,2026-03-19T17:43:41.554990+00:00,normalized_city,,PIVKA
472802,2026-03-19T17:43:41.554990+00:00,normalized_region,,PRIMORSKO-NOTRANJSKA
472790,2026-03-19T17:43:41.554990+00:00,normalized_city,,MARIBOR
472790,2026-03-19T17:43:41.554990+00:00,normalized_region,,PODRAVSKA
472787,2026-03-19T17:43:41.554990+00:00,normalized_city,,PIRAN/PIRANO
472787,2026-03-19T17:43:41.554990+00:00,normalized_region,,OBALNO-KRAŠKA
472781,2026-03-19T17:43:41.554990+00:00,normalized_city,,LAŠKO
472781,2026-03-19T17:43:41.554990+00:00,normalized_region,,SAVINJSKA
472776,2026-03-19T17:43:41.554990+00:00,normalized_city,,SEŽANA
472776,2026-03-19T17:43:41.554990+00:00,normalized_region,,OBALNO-KRAŠKA
472770,2026-03-19T17:43:41.554990+00:00,normalized_city,,LJUBLJANA
472770,2026-03-19T17:43:41.554990+00:00,normalized_region,,OSREDNJESLOVENSKA
472767,2026-03-19T17:43:41.554990+00:00,normalized_city,,LJUBLJANA
472767,2026-03-19T17:43:41.554990+00:00,normalized_region,,OSREDNJESLOVENSKA
472759,2026-03-19T17:43:41.554990+00:00,normalized_city,,LJUBLJANA
472759,2026-03-19T17:43:41.554990+00:00,normalized_region,,OSREDNJESLOVENSKA
472749,2026-03-19T17:43:41.554990+00:00,normalized_city,,KRANJ
472749,2026-03-19T17:43:41.554990+00:00,normalized_region,,GORENJSKA
472740,2026-03-19T17:43:41.554990+00:00,subtitle,,DELO V RESTAVRACIJI S HITRO PREHRANO
472740,2026-03-19T17:43:41.554990+00:00,normalized_city,,LJUBLJANA
472740,2026-03-19T17:43:41.554990+00:00,normalized_region,,OSREDNJESLOVENSKA
472730,2026-03-19T17:43:41.554990+00:00,subtitle,,DELO V RESTAVRACIJI S HITRO PREHRANO
472730,2026-03-19T17:43:41.554990+00:00,normalized_city,,LJUBLJANA
472730,2026-03-19T17:43:41.554990+00:00,normalized_region,,OSREDNJESLOVENSKA
472729,2026-03-19T17:43:41.554990+00:00,normalized_city,,POVIR
472729,2026-03-19T17:43:41.554990+00:00,normalized_region,,OBALNO-KRAŠKA
472726,2026-03-19T17:43:41.554990+00:00,normalized_city,,VIDEM
472726,2026-03-19T17:43:41.554990+00:00,normalized_region,,POSAVSKA
472723,2026-03-19T17:43:41.554990+00:00,normalized_city,,LJUBLJANA
472723,2026-03-19T17:43:41.554990+00:00,normalized_region,,OSREDNJESLOVENSKA
472721,2026-03-19T17:43:41.554990+00:00,normalized_city,,VRHNIKA
472721,2026-03-19T17:43:41.554990+00:00,normalized_region,,OSREDNJESLOVENSKA
472710,2026-03-19T17:43:41.554990+00:00,normalized_city,,KOPER/CAPODISTRIA
472710,2026-03-19T17:43:41.554990+00:00,normalized_region,,OBALNO-KRAŠKA
472709,2026-03-19T17:43:41.554990+00:00,normalized_city,,KRANJ
472709,2026-03-19T17:43:41.554990+00:00,normalized_region,,GORENJSKA
472708,2026-03-19T17:43:41.554990+00:00,normalized_city,,MARIBOR
472708,2026-03-19T17:43:41.554990+00:00,normalized_region,,PODRAVSKA
472707,2026-03-19T17:43:41.554990+00:00,normalized_city,,LJUBLJANA
472707,2026-03-19T17:43:41.554990+00:00,normalized_region,,OSREDNJESLOVENSKA
472691,2026-03-19T17:43:41.554990+00:00,normalized_city,,RETEČE
472691,2026-03-19T17:43:41.554990+00:00,normalized_region,,GORENJSKA
472689,2026-03-19T17:43:41.554990+00:00,normalized_city,,BLED
472689,2026-03-19T17:43:41.554990+00:00,normalized_region,,GORENJSKA
472663,2026-03-19T17:43:41.554990+00:00,normalized_city,,DOBROVA
472663,2026-03-19T17:43:41.554990+00:00,normalized_region,,POSAVSKA
472638,2026-03-19T17:43:41.554990+00:00,normalized_city,,KIDRIČEVO
472638,2026-03-19T17:43:41.554990+00:00,normalized_region,,PODRAVSKA
472636,2026-03-19T17:43:41.554990+00:00,normalized_city,,MARIBOR
472636,2026-03-19T17:43:41.554990+00:00,normalized_region,,PODRAVSKA
472634,2026-03-19T17:43:41.554990+00:00,normalized_city,,BLANCA
472634,2026-03-19T17:43:41.554990+00:00,normalized_region,,POSAVSKA
472633,2026-03-19T17:43:41.554990+00:00,normalized_city,,ŠKOFLJICA
472633,2026-03-19T17:43:41.554990+00:00,normalized_region,,OSREDNJESLOVENSKA
472631,2026-03-19T17:43:41.554990+00:00,normalized_city,,ŠKOFLJICA
472631,2026-03-19T17:43:41.554990+00:00,normalized_region,,OSREDNJESLOVENSKA
472624,2026-03-19T17:43:41.554990+00:00,normalized_city,,ŠMARJEŠKE TOPLICE
472624,2026-03-19T17:43:41.554990+00:00,normalized_region,,JUGOVZHODNA SLOVENIJA
472622,2026-03-19T17:43:41.554990+00:00,normalized_city,,LJUBLJANA
472622,2026-03-19T17:43:41.554990+00:00,normalized_region,,OSREDNJESLOVENSKA
472621,2026-03-19T17:43:41.554990+00:00,normalized_city,,ŠMARJEŠKE TOPLICE
472621,2026-03-19T17:43:41.554990+00:00,normalized_region,,JUGOVZHODNA SLOVENIJA
472611,2026-03-19T17:43:41.554990+00:00,normalized_city,,RADOVLJICA
472611,2026-03-19T17:43:41.554990+00:00,normalized_region,,GORENJSKA
472609,2026-03-19T17:43:41.554990+00:00,normalized_city,,LJUBLJANA
472609,2026-03-19T17:43:41.554990+00:00,normalized_region,,OSREDNJESLOVENSKA
472603,2026-03-19T17:43:41.554990+00:00,normalized_city,,BLEJSKA DOBRAVA
472603,2026-03-19T17:43:41.554990+00:00,normalized_region,,GORENJSKA
472600,2026-03-19T17:43:41.554990+00:00,normalized_city,,BLEJSKA DOBRAVA
472600,2026-03-19T17:43:41.554990+00:00,normalized_region,,GORENJSKA
472599,2026-03-19T17:43:41.554990+00:00,normalized_city,,LJUBLJANA
472599,2026-03-19T17:43:41.554990+00:00,normalized_region,,OSREDNJESLOVENSKA
472587,2026-03-19T17:43:41.554990+00:00,normalized_city,,LJUBLJANA
472587,2026-03-19T17:43:41.554990+00:00,normalized_region,,OSREDNJESLOVENSKA
472577,2026-03-19T17:43:41.554990+00:00,normalized_city,,TREBNJE
472577,2026-03-19T17:43:41.554990+00:00,normalized_region,,JUGOVZHODNA SLOVENIJA
472576,2026-03-19T17:43:41.554990+00:00,normalized_city,,LJUBLJANA
472576,2026-03-19T17:43:41.554990+00:00,normalized_region,,OSREDNJESLOVENSKA
472572,2026-03-19T17:43:41.554990+00:00,normalized_city,,KOPER/CAPODISTRIA
472572,2026-03-19T17:43:41.554990+00:00,normalized_region,,OBALNO-KRAŠKA
472561,2026-03-19T17:43:41.554990+00:00,normalized_city,,LJUBLJANA
472561,2026-03-19T17:43:41.554990+00:00,normalized_region,,OSREDNJESLOVENSKA
472557,2026-03-19T17:43:41.554990+00:00,normalized_city,,LJUBLJANA
472557,2026-03-19T17:43:41.554990+00:00,normalized_region,,OSREDNJESLOVENSKA
472548,2026-03-19T17:43:41.554990+00:00,normalized_city,,MARIBOR
472548,2026-03-19T17:43:41.554990+00:00,normalized_region,,PODRAVSKA
472543,2026-03-19T17:43:41.554990+00:00,normalized_city,,DOMŽALE
472543,2026-03-19T17:43:41.554990+00:00,normalized_region,,OSREDNJESLOVENSKA
472537,2026-03-19T17:43:41.554990+00:00,normalized_city,,LJUBLJANA
472537,2026-03-19T17:43:41.554990+00:00,normalized_region,,OSREDNJESLOVENSKA
472536,2026-03-19T17:43:41.554990+00:00,normalized_city,,PTUJ
472536,2026-03-19T17:43:41.554990+00:00,normalized_region,,PODRAVSKA
472534,2026-03-19T17:43:41.554990+00:00,normalized_city,,LJUBLJANA
472534,2026-03-19T17:43:41.554990+00:00,normalized_region,,OSREDNJESLOVENSKA
472530,2026-03-19T17:43:41.554990+00:00,normalized_city,,LJUBLJANA
472530,2026-03-19T17:43:41.554990+00:00,normalized_region,,OSREDNJESLOVENSKA
472510,2026-03-19T17:43:41.554990+00:00,normalized_city,,ČRNI VRH
472510,2026-03-19T17:43:41.554990+00:00,normalized_region,,SAVINJSKA
472501,2026-03-19T17:43:41.554990+00:00,normalized_city,,LJUBLJANA
472501,2026-03-19T17:43:41.554990+00:00,normalized_region,,OSREDNJESLOVENSKA
472493,2026-03-19T17:43:41.554990+00:00,normalized_city,,KAMNIK
472493,2026-03-19T17:43:41.554990+00:00,normalized_region,,OSREDNJESLOVENSKA
472484,2026-03-19T17:43:41.554990+00:00,normalized_city,,KRANJ
472484,2026-03-19T17:43:41.554990+00:00,normalized_region,,GORENJSKA
472483,2026-03-19T17:43:41.554990+00:00,normalized_city,,DOMŽALE
472483,2026-03-19T17:43:41.554990+00:00,normalized_region,,OSREDNJESLOVENSKA
472480,2026-03-19T17:43:41.554990+00:00,normalized_city,,CELJE
472480,2026-03-19T17:43:41.554990+00:00,normalized_region,,SAVINJSKA
472477,2026-03-19T17:43:41.554990+00:00,normalized_city,,LJUBLJANA
472477,2026-03-19T17:43:41.554990+00:00,normalized_region,,OSREDNJESLOVENSKA
472471,2026-03-19T17:43:41.554990+00:00,normalized_city,,MARIBOR
472471,2026-03-19T17:43:41.554990+00:00,normalized_region,,PODRAVSKA
472468,2026-03-19T17:43:41.554990+00:00,normalized_city,,LJUBLJANA
472468,2026-03-19T17:43:41.554990+00:00,normalized_region,,OSREDNJESLOVENSKA
472465,2026-03-19T17:43:41.554990+00:00,normalized_city,,LJUBLJANA
472465,2026-03-19T17:43:41.554990+00:00,normalized_region,,OSREDNJESLOVENSKA
472463,2026-03-19T17:43:41.554990+00:00,normalized_city,,LJUBLJANA
472463,2026-03-19T17:43:41.554990+00:00,normalized_region,,OSREDNJESLOVENSKA
472459,2026-03-19T17:43:41.554990+00:00,normalized_city,,AJDOVŠČINA
472459,2026-03-19T17:43:41.554990+00:00,normalized_region,,GORIŠKA
472456,2026-03-19T17:43:41.554990+00:00,normalized_city,,DOMŽALE
472456,2026-03-19T17:43:41.554990+00:00,normalized_region,,OSREDNJESLOVENSKA
472431,2026-03-19T17:43:41.554990+00:00,normalized_city,,LJUBLJANA
472431,2026-03-19T17:43:41.554990+00:00,normalized_region,,OSREDNJESLOVENSKA
472429,2026-03-19T17:43:41.554990+00:00,normalized_city,,DOMŽALE
472429,2026-03-19T17:43:41.554990+00:00,normalized_region,,OSREDNJESLOVENSKA
472427,2026-03-19T17:43:41.554990+00:00,normalized_city,,LJUBLJANA
472427,2026-03-19T17:43:41.554990+00:00,normalized_region,,OSREDNJESLOVENSKA
472423,2026-03-19T17:43:41.554990+00:00,normalized_city,,JESENICE
472423,2026-03-19T17:43:41.554990+00:00,normalized_region,,GORENJSKA
472421,2026-03-19T17:43:41.554990+00:00,normalized_city,,LENDAVA/LENDVA
472421,2026-03-19T17:43:41.554990+00:00,normalized_region,,POMURSKA
472409,2026-03-19T17:43:41.554990+00:00,normalized_city,,LJUBLJANA
472409,2026-03-19T17:43:41.554990+00:00,normalized_region,,OSREDNJESLOVENSKA
472408,2026-03-19T17:43:41.554990+00:00,normalized_city,,DRAVOGRAD
472408,2026-03-19T17:43:41.554990+00:00,normalized_region,,KOROŠKA
472399,2026-03-19T17:43:41.554990+00:00,normalized_city,,KRANJ
472399,2026-03-19T17:43:41.554990+00:00,normalized_region,,GORENJSKA
472385,2026-03-19T17:43:41.554990+00:00,normalized_city,,SEŽANA
472385,2026-03-19T17:43:41.554990+00:00,normalized_region,,OBALNO-KRAŠKA
472380,2026-03-19T17:43:41.554990+00:00,normalized_city,,BREŽICE
472380,2026-03-19T17:43:41.554990+00:00,normalized_region,,POSAVSKA
472371,2026-03-19T17:43:41.554990+00:00,normalized_city,,LJUBLJANA
472371,2026-03-19T17:43:41.554990+00:00,normalized_region,,OSREDNJESLOVENSKA
472356,2026-03-19T17:43:41.554990+00:00,normalized_city,,LJUBLJANA
472356,2026-03-19T17:43:41.554990+00:00,normalized_region,,OSREDNJESLOVENSKA
472352,2026-03-19T17:43:41.554990+00:00,normalized_city,,KRŠKO
472352,2026-03-19T17:43:41.554990+00:00,normalized_region,,POSAVSKA
472349,2026-03-19T17:43:41.554990+00:00,normalized_city,,GRIŽE
472349,2026-03-19T17:43:41.554990+00:00,normalized_region,,SAVINJSKA
472337,2026-03-19T17:43:41.554990+00:00,normalized_city,,PONIKVA
472337,2026-03-19T17:43:41.554990+00:00,normalized_region,,SAVINJSKA
472329,2026-03-19T17:43:41.554990+00:00,normalized_city,,MARIBOR
472329,2026-03-19T17:43:41.554990+00:00,normalized_region,,PODRAVSKA
472323,2026-03-19T17:43:41.554990+00:00,normalized_city,,LJUBLJANA
472323,2026-03-19T17:43:41.554990+00:00,normalized_region,,OSREDNJESLOVENSKA
472321,2026-03-19T17:43:41.554990+00:00,normalized_city,,BOVEC
472321,2026-03-19T17:43:41.554990+00:00,normalized_region,,GORIŠKA
472318,2026-03-19T17:43:41.554990+00:00,normalized_city,,NOVO MESTO
472318,2026-03-19T17:43:41.554990+00:00,normalized_region,,JUGOVZHODNA SLOVENIJA
472309,2026-03-19T17:43:41.554990+00:00,normalized_city,,BOVEC
472309,2026-03-19T17:43:41.554990+00:00,normalized_region,,GORIŠKA
472307,2026-03-19T17:43:41.554990+00:00,normalized_city,,BOVEC
472307,2026-03-19T17:43:41.554990+00:00,normalized_region,,GORIŠKA
472306,2026-03-19T17:43:41.554990+00:00,normalized_city,,LJUBLJANA
472306,2026-03-19T17:43:41.554990+00:00,normalized_region,,OSREDNJESLOVENSKA
472296,2026-03-19T17:43:41.554990+00:00,normalized_city,,ORMOŽ
472296,2026-03-19T17:43:41.554990+00:00,normalized_region,,PODRAVSKA
472263,2026-03-19T17:43:41.554990+00:00,subtitle,,DELO V RESTAVRACIJI S HITRO PREHRANO
472263,2026-03-19T17:43:41.554990+00:00,normalized_city,,LJUBLJANA
472263,2026-03-19T17:43:41.554990+00:00,normalized_region,,OSREDNJESLOVENSKA
472260,2026-03-19T17:43:41.554990+00:00,normalized_city,,RAZDRTO
472260,2026-03-19T17:43:41.554990+00:00,normalized_region,,JUGOVZHODNA SLOVENIJA
472259,2026-03-19T17:43:41.554990+00:00,normalized_city,,LOGATEC
472259,2026-03-19T17:43:41.554990+00:00,normalized_region,,OSREDNJESLOVENSKA
472247,2026-03-19T17:43:41.554990+00:00,normalized_city,,KOSTANJEVICA NA KRKI
472247,2026-03-19T17:43:41.554990+00:00,normalized_region,,POSAVSKA
472243,2026-03-19T17:43:41.554990+00:00,normalized_city,,ZAGRADEC
472243,2026-03-19T17:43:41.554990+00:00,normalized_region,,OSREDNJESLOVENSKA
472227,2026-03-19T17:43:41.554990+00:00,normalized_city,,KRANJSKA GORA
472227,2026-03-19T17:43:41.554990+00:00,normalized_region,,GORENJSKA
472219,2026-03-19T17:43:41.554990+00:00,normalized_city,,DORNAVA
472219,2026-03-19T17:43:41.554990+00:00,normalized_region,,PODRAVSKA
472215,2026-03-19T17:43:41.554990+00:00,normalized_city,,BREZOVICA PRI LJUBLJANI
472215,2026-03-19T17:43:41.554990+00:00,normalized_region,,OSREDNJESLOVENSKA
472197,2026-03-19T17:43:41.554990+00:00,normalized_city,,BRDO
472197,2026-03-19T17:43:41.554990+00:00,normalized_region,,SAVINJSKA
472188,2026-03-19T17:43:41.554990+00:00,normalized_city,,SUHOR
472188,2026-03-19T17:43:41.554990+00:00,normalized_region,,JUGOVZHODNA SLOVENIJA
472175,2026-03-19T17:43:41.554990+00:00,normalized_city,,LJUTOMER
472175,2026-03-19T17:43:41.554990+00:00,normalized_region,,POMURSKA
472171,2026-03-19T17:43:41.554990+00:00,normalized_city,,LJUBLJANA
472171,2026-03-19T17:43:41.554990+00:00,normalized_region,,OSREDNJESLOVENSKA
472169,2026-03-19T17:43:41.554990+00:00,normalized_city,,LJUBLJANA
472169,2026-03-19T17:43:41.554990+00:00,normalized_region,,OSREDNJESLOVENSKA
472159,2026-03-19T17:43:41.554990+00:00,normalized_city,,LJUBLJANA
472159,2026-03-19T17:43:41.554990+00:00,normalized_region,,OSREDNJESLOVENSKA
472157,2026-03-19T17:43:41.554990+00:00,normalized_city,,ŠENTRUPERT
472157,2026-03-19T17:43:41.554990+00:00,normalized_region,,JUGOVZHODNA SLOVENIJA
472156,2026-03-19T17:43:41.554990+00:00,normalized_city,,IZOLA/ISOLA
472156,2026-03-19T17:43:41.554990+00:00,normalized_region,,OBALNO-KRAŠKA
472145,2026-03-19T17:43:41.554990+00:00,normalized_city,,LJUBLJANA
472145,2026-03-19T17:43:41.554990+00:00,normalized_region,,OSREDNJESLOVENSKA
472143,2026-03-19T17:43:41.554990+00:00,normalized_city,,KRANJ
472143,2026-03-19T17:43:41.554990+00:00,normalized_region,,GORENJSKA
472139,2026-03-19T17:43:41.554990+00:00,normalized_city,,RIBNICA
472139,2026-03-19T17:43:41.554990+00:00,normalized_region,,JUGOVZHODNA SLOVENIJA
472137,2026-03-19T17:43:41.554990+00:00,normalized_city,,BEVKE
472137,2026-03-19T17:43:41.554990+00:00,normalized_region,,OSREDNJESLOVENSKA
472129,2026-03-19T17:43:41.554990+00:00,normalized_city,,POLJČANE
472129,2026-03-19T17:43:41.554990+00:00,normalized_region,,PODRAVSKA
472102,2026-03-19T17:43:41.554990+00:00,normalized_city,,DESTRNIK
472102,2026-03-19T17:43:41.554990+00:00,normalized_region,,PODRAVSKA
472093,2026-03-19T17:43:41.554990+00:00,normalized_city,,CELJE
472093,2026-03-19T17:43:41.554990+00:00,normalized_region,,SAVINJSKA
472090,2026-03-19T17:43:41.554990+00:00,normalized_city,,LJUBLJANA
472090,2026-03-19T17:43:41.554990+00:00,normalized_region,,OSREDNJESLOVENSKA
472067,2026-03-19T17:43:41.554990+00:00,normalized_city,,ROGAŠKA SLATINA
472067,2026-03-19T17:43:41.554990+00:00,normalized_region,,SAVINJSKA
472065,2026-03-19T17:43:41.554990+00:00,normalized_city,,KAMNIK
472065,2026-03-19T17:43:41.554990+00:00,normalized_region,,OSREDNJESLOVENSKA
472063,2026-03-19T17:43:41.554990+00:00,normalized_city,,KRANJ
472063,2026-03-19T17:43:41.554990+00:00,normalized_region,,GORENJSKA
472057,2026-03-19T17:43:41.554990+00:00,normalized_city,,ŠENTRUPERT
472057,2026-03-19T17:43:41.554990+00:00,normalized_region,,JUGOVZHODNA SLOVENIJA
472045,2026-03-19T17:43:41.554990+00:00,normalized_city,,KAMNIK
472045,2026-03-19T17:43:41.554990+00:00,normalized_region,,OSREDNJESLOVENSKA
472021,2026-03-19T17:43:41.554990+00:00,normalized_city,,LJUBLJANA
472021,2026-03-19T17:43:41.554990+00:00,normalized_region,,OSREDNJESLOVENSKA
472009,2026-03-19T17:43:41.554990+00:00,normalized_city,,ZBILJE
472009,2026-03-19T17:43:41.554990+00:00,normalized_region,,OSREDNJESLOVENSKA
472005,2026-03-19T17:43:41.554990+00:00,normalized_city,,KOMENDA
472005,2026-03-19T17:43:41.554990+00:00,normalized_region,,OSREDNJESLOVENSKA
471991,2026-03-19T17:43:41.554990+00:00,normalized_city,,MARIBOR
471991,2026-03-19T17:43:41.554990+00:00,normalized_region,,PODRAVSKA
471984,2026-03-19T17:43:41.554990+00:00,normalized_city,,MARIBOR
471984,2026-03-19T17:43:41.554990+00:00,normalized_region,,PODRAVSKA
471983,2026-03-19T17:43:41.554990+00:00,normalized_city,,CELJE
471983,2026-03-19T17:43:41.554990+00:00,normalized_region,,SAVINJSKA
471982,2026-03-19T17:43:41.554990+00:00,normalized_city,,NOVO MESTO
471982,2026-03-19T17:43:41.554990+00:00,normalized_region,,JUGOVZHODNA SLOVENIJA
471981,2026-03-19T17:43:41.554990+00:00,normalized_city,,KOPER/CAPODISTRIA
471981,2026-03-19T17:43:41.554990+00:00,normalized_region,,OBALNO-KRAŠKA
471980,2026-03-19T17:43:41.554990+00:00,normalized_city,,MURSKA SOBOTA
471980,2026-03-19T17:43:41.554990+00:00,normalized_region,,POMURSKA
471978,2026-03-19T17:43:41.554990+00:00,normalized_city,,NOVA GORICA
471978,2026-03-19T17:43:41.554990+00:00,normalized_region,,GORIŠKA
471977,2026-03-19T17:43:41.554990+00:00,normalized_city,,LJUBLJANA
471977,2026-03-19T17:43:41.554990+00:00,normalized_region,,OSREDNJESLOVENSKA
471975,2026-03-19T17:43:41.554990+00:00,normalized_city,,KRANJ
471975,2026-03-19T17:43:41.554990+00:00,normalized_region,,GORENJSKA
471974,2026-03-19T17:43:41.554990+00:00,normalized_city,,GROSUPLJE
471974,2026-03-19T17:43:41.554990+00:00,normalized_region,,OSREDNJESLOVENSKA
471971,2026-03-19T17:43:41.554990+00:00,normalized_city,,GROSUPLJE
471971,2026-03-19T17:43:41.554990+00:00,normalized_region,,OSREDNJESLOVENSKA
471966,2026-03-19T17:43:41.554990+00:00,normalized_city,,NOVO MESTO
471966,2026-03-19T17:43:41.554990+00:00,normalized_region,,JUGOVZHODNA SLOVENIJA
471964,2026-03-19T17:43:41.554990+00:00,normalized_city,,POSTOJNA
471964,2026-03-19T17:43:41.554990+00:00,normalized_region,,PRIMORSKO-NOTRANJSKA
471955,2026-03-19T17:43:41.554990+00:00,normalized_city,,LOGATEC
471955,2026-03-19T17:43:41.554990+00:00,normalized_region,,OSREDNJESLOVENSKA
471947,2026-03-19T17:43:41.554990+00:00,normalized_city,,LJUBLJANA
471947,2026-03-19T17:43:41.554990+00:00,normalized_region,,OSREDNJESLOVENSKA
471938,2026-03-19T17:43:41.554990+00:00,normalized_city,,BELTINCI
471938,2026-03-19T17:43:41.554990+00:00,normalized_region,,POMURSKA
471937,2026-03-19T17:43:41.554990+00:00,normalized_city,,VELENJE
471937,2026-03-19T17:43:41.554990+00:00,normalized_region,,SAVINJSKA
471933,2026-03-19T17:43:41.554990+00:00,normalized_city,,LJUBLJANA
471933,2026-03-19T17:43:41.554990+00:00,normalized_region,,OSREDNJESLOVENSKA
471925,2026-03-19T17:43:41.554990+00:00,normalized_city,,LJUBLJANA
471925,2026-03-19T17:43:41.554990+00:00,normalized_region,,OSREDNJESLOVENSKA
471924,2026-03-19T17:43:41.554990+00:00,normalized_city,,LJUBLJANA
471924,2026-03-19T17:43:41.554990+00:00,normalized_region,,OSREDNJESLOVENSKA
471923,2026-03-19T17:43:41.554990+00:00,normalized_city,,LJUBLJANA
471923,2026-03-19T17:43:41.554990+00:00,normalized_region,,OSREDNJESLOVENSKA
471922,2026-03-19T17:43:41.554990+00:00,normalized_city,,LJUBLJANA
471922,2026-03-19T17:43:41.554990+00:00,normalized_region,,OSREDNJESLOVENSKA
471910,2026-03-19T17:43:41.554990+00:00,normalized_city,,TRBOVLJE
471910,2026-03-19T17:43:41.554990+00:00,normalized_region,,ZASAVSKA
471906,2026-03-19T17:43:41.554990+00:00,normalized_city,,MENGEŠ
471906,2026-03-19T17:43:41.554990+00:00,normalized_region,,OSREDNJESLOVENSKA
471890,2026-03-19T17:43:41.554990+00:00,normalized_city,,LJUBLJANA
471890,2026-03-19T17:43:41.554990+00:00,normalized_region,,OSREDNJESLOVENSKA
471874,2026-03-19T17:43:41.554990+00:00,normalized_city,,ŽEJE PRI KOMENDI
471874,2026-03-19T17:43:41.554990+00:00,normalized_region,,OSREDNJESLOVENSKA
471863,2026-03-19T17:43:41.554990+00:00,normalized_city,,SEVNICA
471863,2026-03-19T17:43:41.554990+00:00,normalized_region,,POSAVSKA
471852,2026-03-19T17:43:41.554990+00:00,normalized_city,,LJUBNO OB SAVINJI
471852,2026-03-19T17:43:41.554990+00:00,normalized_region,,SAVINJSKA
471841,2026-03-19T17:43:41.554990+00:00,normalized_city,,DOMŽALE
471841,2026-03-19T17:43:41.554990+00:00,normalized_region,,OSREDNJESLOVENSKA
471836,2026-03-19T17:43:41.554990+00:00,normalized_city,,MEDVODE
471836,2026-03-19T17:43:41.554990+00:00,normalized_region,,OSREDNJESLOVENSKA
471830,2026-03-19T17:43:41.554990+00:00,normalized_city,,KOMENDA
471830,2026-03-19T17:43:41.554990+00:00,normalized_region,,OSREDNJESLOVENSKA
471800,2026-03-19T17:43:41.554990+00:00,normalized_city,,LJUBLJANA
471800,2026-03-19T17:43:41.554990+00:00,normalized_region,,OSREDNJESLOVENSKA
471782,2026-03-19T17:43:41.554990+00:00,normalized_city,,LJUBLJANA
471782,2026-03-19T17:43:41.554990+00:00,normalized_region,,OSREDNJESLOVENSKA
471777,2026-03-19T17:43:41.554990+00:00,normalized_city,,PTUJ
471777,2026-03-19T17:43:41.554990+00:00,normalized_region,,PODRAVSKA
471768,2026-03-19T17:43:41.554990+00:00,normalized_city,,NOVO MESTO
471768,2026-03-19T17:43:41.554990+00:00,normalized_region,,JUGOVZHODNA SLOVENIJA
471765,2026-03-19T17:43:41.554990+00:00,normalized_city,,LJUBLJANA
471765,2026-03-19T17:43:41.554990+00:00,normalized_region,,OSREDNJESLOVENSKA
471763,2026-03-19T17:43:41.554990+00:00,normalized_city,,ZAGORJE OB SAVI
471763,2026-03-19T17:43:41.554990+00:00,normalized_region,,ZASAVSKA
471728,2026-03-19T17:43:41.554990+00:00,normalized_city,,DOL PRI LJUBLJANI
471728,2026-03-19T17:43:41.554990+00:00,normalized_region,,OSREDNJESLOVENSKA
471727,2026-03-19T17:43:41.554990+00:00,normalized_city,,LJUBLJANA
471727,2026-03-19T17:43:41.554990+00:00,normalized_region,,OSREDNJESLOVENSKA
471724,2026-03-19T17:43:41.554990+00:00,normalized_city,,NAKLO
471724,2026-03-19T17:43:41.554990+00:00,normalized_region,,JUGOVZHODNA SLOVENIJA
471722,2026-03-19T17:43:41.554990+00:00,normalized_city,,DOMŽALE
471722,2026-03-19T17:43:41.554990+00:00,normalized_region,,OSREDNJESLOVENSKA
471721,2026-03-19T17:43:41.554990+00:00,normalized_city,,NAKLO
471721,2026-03-19T17:43:41.554990+00:00,normalized_region,,JUGOVZHODNA SLOVENIJA
471719,2026-03-19T17:43:41.554990+00:00,normalized_city,,NAKLO
471719,2026-03-19T17:43:41.554990+00:00,normalized_region,,JUGOVZHODNA SLOVENIJA
471718,2026-03-19T17:43:41.554990+00:00,normalized_city,,MARIBOR
471718,2026-03-19T17:43:41.554990+00:00,normalized_region,,PODRAVSKA
471708,2026-03-19T17:43:41.554990+00:00,normalized_city,,VOLČJA DRAGA
471708,2026-03-19T17:43:41.554990+00:00,normalized_region,,GORIŠKA
471707,2026-03-19T17:43:41.554990+00:00,normalized_city,,VOLČJA DRAGA
471707,2026-03-19T17:43:41.554990+00:00,normalized_region,,GORIŠKA
471699,2026-03-19T17:43:41.554990+00:00,normalized_city,,LJUBLJANA
471699,2026-03-19T17:43:41.554990+00:00,normalized_region,,OSREDNJESLOVENSKA
471693,2026-03-19T17:43:41.554990+00:00,normalized_city,,LJUBLJANA
471693,2026-03-19T17:43:41.554990+00:00,normalized_region,,OSREDNJESLOVENSKA
471687,2026-03-19T17:43:41.554990+00:00,normalized_city,,CELJE
471687,2026-03-19T17:43:41.554990+00:00,normalized_region,,SAVINJSKA
471684,2026-03-19T17:43:41.554990+00:00,normalized_city,,LJUBLJANA
471684,2026-03-19T17:43:41.554990+00:00,normalized_region,,OSREDNJESLOVENSKA
471682,2026-03-19T17:43:41.554990+00:00,normalized_city,,CELJE
471682,2026-03-19T17:43:41.554990+00:00,normalized_region,,SAVINJSKA
471649,2026-03-19T17:43:41.554990+00:00,normalized_city,,LJUBLJANA
471649,2026-03-19T17:43:41.554990+00:00,normalized_region,,OSREDNJESLOVENSKA
471646,2026-03-19T17:43:41.554990+00:00,normalized_city,,NOVO MESTO
471646,2026-03-19T17:43:41.554990+00:00,normalized_region,,JUGOVZHODNA SLOVENIJA
471643,2026-03-19T17:43:41.554990+00:00,normalized_city,,PODČETRTEK
471643,2026-03-19T17:43:41.554990+00:00,normalized_region,,SAVINJSKA
471634,2026-03-19T17:43:41.554990+00:00,normalized_city,,LJUBLJANA
471634,2026-03-19T17:43:41.554990+00:00,normalized_region,,OSREDNJESLOVENSKA
471632,2026-03-19T17:43:41.554990+00:00,normalized_city,,ŠENTJUR
471632,2026-03-19T17:43:41.554990+00:00,normalized_region,,SAVINJSKA
471627,2026-03-19T17:43:41.554990+00:00,normalized_city,,DOMŽALE
471627,2026-03-19T17:43:41.554990+00:00,normalized_region,,OSREDNJESLOVENSKA
471623,2026-03-19T17:43:41.554990+00:00,normalized_city,,LJUBLJANA
471623,2026-03-19T17:43:41.554990+00:00,normalized_region,,OSREDNJESLOVENSKA
471615,2026-03-19T17:43:41.554990+00:00,normalized_city,,MARIBOR
471615,2026-03-19T17:43:41.554990+00:00,normalized_region,,PODRAVSKA
471610,2026-03-19T17:43:41.554990+00:00,normalized_city,,MENGEŠ
471610,2026-03-19T17:43:41.554990+00:00,normalized_region,,OSREDNJESLOVENSKA
471586,2026-03-19T17:43:41.554990+00:00,normalized_city,,LJUBLJANA
471586,2026-03-19T17:43:41.554990+00:00,normalized_region,,OSREDNJESLOVENSKA
471545,2026-03-19T17:43:41.554990+00:00,normalized_city,,ŠMARTNO PRI LITIJI
471545,2026-03-19T17:43:41.554990+00:00,normalized_region,,OSREDNJESLOVENSKA
471544,2026-03-19T17:43:41.554990+00:00,normalized_city,,NAKLO
471544,2026-03-19T17:43:41.554990+00:00,normalized_region,,JUGOVZHODNA SLOVENIJA
471537,2026-03-19T17:43:41.554990+00:00,normalized_city,,DOMŽALE
471537,2026-03-19T17:43:41.554990+00:00,normalized_region,,OSREDNJESLOVENSKA
471513,2026-03-19T17:43:41.554990+00:00,normalized_city,,LJUBLJANA
471513,2026-03-19T17:43:41.554990+00:00,normalized_region,,OSREDNJESLOVENSKA
471498,2026-03-19T17:43:41.554990+00:00,normalized_city,,MARIBOR
471498,2026-03-19T17:43:41.554990+00:00,normalized_region,,PODRAVSKA
471489,2026-03-19T17:43:41.554990+00:00,normalized_city,,TRZIN
471489,2026-03-19T17:43:41.554990+00:00,normalized_region,,OSREDNJESLOVENSKA
471485,2026-03-19T17:43:41.554990+00:00,normalized_city,,LJUBLJANA
471485,2026-03-19T17:43:41.554990+00:00,normalized_region,,OSREDNJESLOVENSKA
471484,2026-03-19T17:43:41.554990+00:00,normalized_city,,GROSUPLJE
471484,2026-03-19T17:43:41.554990+00:00,normalized_region,,OSREDNJESLOVENSKA
471459,2026-03-19T17:43:41.554990+00:00,normalized_city,,HRUŠEVJE
471459,2026-03-19T17:43:41.554990+00:00,normalized_region,,PRIMORSKO-NOTRANJSKA
471458,2026-03-19T17:43:41.554990+00:00,normalized_city,,ČRNOMELJ
471458,2026-03-19T17:43:41.554990+00:00,normalized_region,,JUGOVZHODNA SLOVENIJA
471454,2026-03-19T17:43:41.554990+00:00,normalized_city,,PODČETRTEK
471454,2026-03-19T17:43:41.554990+00:00,normalized_region,,SAVINJSKA
471453,2026-03-19T17:43:41.554990+00:00,normalized_city,,KOMENDA
471453,2026-03-19T17:43:41.554990+00:00,normalized_region,,OSREDNJESLOVENSKA
471435,2026-03-19T17:43:41.554990+00:00,normalized_city,,VELIKI GABER
471435,2026-03-19T17:43:41.554990+00:00,normalized_region,,JUGOVZHODNA SLOVENIJA
471429,2026-03-19T17:43:41.554990+00:00,normalized_city,,MURSKA SOBOTA
471429,2026-03-19T17:43:41.554990+00:00,normalized_region,,POMURSKA
471428,2026-03-19T17:43:41.554990+00:00,normalized_city,,NOVA GORICA
471428,2026-03-19T17:43:41.554990+00:00,normalized_region,,GORIŠKA
471417,2026-03-19T17:43:41.554990+00:00,normalized_city,,LJUBLJANA
471417,2026-03-19T17:43:41.554990+00:00,normalized_region,,OSREDNJESLOVENSKA
471413,2026-03-19T17:43:41.554990+00:00,normalized_city,,ŠKOFJA LOKA
471413,2026-03-19T17:43:41.554990+00:00,normalized_region,,GORENJSKA
471402,2026-03-19T17:43:41.554990+00:00,normalized_city,,LJUBLJANA
471402,2026-03-19T17:43:41.554990+00:00,normalized_region,,OSREDNJESLOVENSKA
471381,2026-03-19T17:43:41.554990+00:00,normalized_city,,KRANJ
471381,2026-03-19T17:43:41.554990+00:00,normalized_region,,GORENJSKA
471360,2026-03-19T17:43:41.554990+00:00,subtitle,DELO S STRANKAMI,DELO V RESTAVRACIJI S HITRO PREHRANO
471360,2026-03-19T17:43:41.554990+00:00,normalized_city,,LESCE
471360,2026-03-19T17:43:41.554990+00:00,normalized_region,,GORENJSKA
471358,2026-03-19T17:43:41.554990+00:00,subtitle,,DELO V RESTAVRACIJI S HITRO PREHRANO
471358,2026-03-19T17:43:41.554990+00:00,normalized_city,,LESCE
471358,2026-03-19T17:43:41.554990+00:00,normalized_region,,GORENJSKA
471356,2026-03-19T17:43:41.554990+00:00,normalized_city,,APAČE
471356,2026-03-19T17:43:41.554990+00:00,normalized_region,,PODRAVSKA
471355,2026-03-19T17:43:41.554990+00:00,normalized_city,,POTOK PRI KOMENDI
471355,2026-03-19T17:43:41.554990+00:00,normalized_region,,OSREDNJESLOVENSKA
471277,2026-03-19T17:43:41.554990+00:00,normalized_city,,CELJE
471277,2026-03-19T17:43:41.554990+00:00,normalized_region,,SAVINJSKA
471265,2026-03-19T17:43:41.554990+00:00,normalized_city,,GROSUPLJE
471265,2026-03-19T17:43:41.554990+00:00,normalized_region,,OSREDNJESLOVENSKA
471238,2026-03-19T17:43:41.554990+00:00,normalized_city,,NOVO MESTO
471238,2026-03-19T17:43:41.554990+00:00,normalized_region,,JUGOVZHODNA SLOVENIJA
471224,2026-03-19T17:43:41.554990+00:00,normalized_city,,LJUBLJANA
471224,2026-03-19T17:43:41.554990+00:00,normalized_region,,OSREDNJESLOVENSKA
471216,2026-03-19T17:43:41.554990+00:00,normalized_city,,VIŠNJA GORA
471216,2026-03-19T17:43:41.554990+00:00,normalized_region,,OSREDNJESLOVENSKA
471212,2026-03-19T17:43:41.554990+00:00,normalized_city,,LJUBLJANA
471212,2026-03-19T17:43:41.554990+00:00,normalized_region,,OSREDNJESLOVENSKA
471206,2026-03-19T17:43:41.554990+00:00,normalized_city,,LJUBLJANA
471206,2026-03-19T17:43:41.554990+00:00,normalized_region,,OSREDNJESLOVENSKA
471202,2026-03-19T17:43:41.554990+00:00,normalized_city,,LJUBLJANA
471202,2026-03-19T17:43:41.554990+00:00,normalized_region,,OSREDNJESLOVENSKA
471180,2026-03-19T17:43:41.554990+00:00,normalized_city,,SELCA
471180,2026-03-19T17:43:41.554990+00:00,normalized_region,,GORENJSKA
471179,2026-03-19T17:43:41.554990+00:00,normalized_city,,SELCA
471179,2026-03-19T17:43:41.554990+00:00,normalized_region,,GORENJSKA
471170,2026-03-19T17:43:41.554990+00:00,normalized_city,,HRASTNIK
471170,2026-03-19T17:43:41.554990+00:00,normalized_region,,SAVINJSKA
471123,2026-03-19T17:43:41.554990+00:00,normalized_city,,CELJE
471123,2026-03-19T17:43:41.554990+00:00,normalized_region,,SAVINJSKA
471115,2026-03-19T17:43:41.554990+00:00,normalized_city,,PTUJ
471115,2026-03-19T17:43:41.554990+00:00,normalized_region,,PODRAVSKA
471101,2026-03-19T17:43:41.554990+00:00,normalized_city,,MARIBOR
471101,2026-03-19T17:43:41.554990+00:00,normalized_region,,PODRAVSKA
471099,2026-03-19T17:43:41.554990+00:00,normalized_city,,MARIBOR
471099,2026-03-19T17:43:41.554990+00:00,normalized_region,,PODRAVSKA
471097,2026-03-19T17:43:41.554990+00:00,normalized_city,,CERKNO
471097,2026-03-19T17:43:41.554990+00:00,normalized_region,,GORIŠKA
471096,2026-03-19T17:43:41.554990+00:00,normalized_city,,ŽELEZNIKI
471096,2026-03-19T17:43:41.554990+00:00,normalized_region,,GORENJSKA
471089,2026-03-19T17:43:41.554990+00:00,normalized_city,,POLJČANE
471089,2026-03-19T17:43:41.554990+00:00,normalized_region,,PODRAVSKA
471083,2026-03-19T17:43:41.554990+00:00,normalized_city,,PTUJ
471083,2026-03-19T17:43:41.554990+00:00,normalized_region,,PODRAVSKA
471024,2026-03-19T17:43:41.554990+00:00,normalized_city,,SLOVENJ GRADEC
471024,2026-03-19T17:43:41.554990+00:00,normalized_region,,KOROŠKA
470995,2026-03-19T17:43:41.554990+00:00,normalized_city,,MOZIRJE
470995,2026-03-19T17:43:41.554990+00:00,normalized_region,,SAVINJSKA
470992,2026-03-19T17:43:41.554990+00:00,normalized_city,,LOGATEC
470992,2026-03-19T17:43:41.554990+00:00,normalized_region,,OSREDNJESLOVENSKA
470981,2026-03-19T17:43:41.554990+00:00,normalized_city,,LJUTOMER
470981,2026-03-19T17:43:41.554990+00:00,normalized_region,,POMURSKA
470966,2026-03-19T17:43:41.554990+00:00,normalized_city,,SLOVENJ GRADEC
470966,2026-03-19T17:43:41.554990+00:00,normalized_region,,KOROŠKA
470964,2026-03-19T17:43:41.554990+00:00,normalized_city,,GORIŠNICA
470964,2026-03-19T17:43:41.554990+00:00,normalized_region,,PODRAVSKA
470951,2026-03-19T17:43:41.554990+00:00,normalized_city,,PETROVČE
470951,2026-03-19T17:43:41.554990+00:00,normalized_region,,SAVINJSKA
470947,2026-03-19T17:43:41.554990+00:00,normalized_city,,LJUBLJANA
470947,2026-03-19T17:43:41.554990+00:00,normalized_region,,OSREDNJESLOVENSKA
470925,2026-03-19T17:43:41.554990+00:00,normalized_city,,DOB
470925,2026-03-19T17:43:41.554990+00:00,normalized_region,,OSREDNJESLOVENSKA
470921,2026-03-19T17:43:41.554990+00:00,normalized_city,,LJUBLJANA
470921,2026-03-19T17:43:41.554990+00:00,normalized_region,,OSREDNJESLOVENSKA
470918,2026-03-19T17:43:41.554990+00:00,normalized_city,,TRBOVLJE
470918,2026-03-19T17:43:41.554990+00:00,normalized_region,,ZASAVSKA
470903,2026-03-19T17:43:41.554990+00:00,normalized_city,,ŠKOFJA LOKA
470903,2026-03-19T17:43:41.554990+00:00,normalized_region,,GORENJSKA
470900,2026-03-19T17:43:41.554990+00:00,normalized_city,,LJUBLJANA
470900,2026-03-19T17:43:41.554990+00:00,normalized_region,,OSREDNJESLOVENSKA
470886,2026-03-19T17:43:41.554990+00:00,normalized_city,,MUTA
470886,2026-03-19T17:43:41.554990+00:00,normalized_region,,KOROŠKA
470885,2026-03-19T17:43:41.554990+00:00,normalized_city,,KRANJSKA GORA
470885,2026-03-19T17:43:41.554990+00:00,normalized_region,,GORENJSKA
470866,2026-03-19T17:43:41.554990+00:00,normalized_region,,GORENJSKA
470844,2026-03-19T17:43:41.554990+00:00,normalized_city,,MIKLAVŽ PRI ORMOŽU
470844,2026-03-19T17:43:41.554990+00:00,normalized_region,,PODRAVSKA
470833,2026-03-19T17:43:41.554990+00:00,normalized_city,,KRANJ
470833,2026-03-19T17:43:41.554990+00:00,normalized_region,,GORENJSKA
470818,2026-03-19T17:43:41.554990+00:00,normalized_city,,DESKLE
470818,2026-03-19T17:43:41.554990+00:00,normalized_region,,GORIŠKA
470809,2026-03-19T17:43:41.554990+00:00,normalized_city,,KRŠKO
470809,2026-03-19T17:43:41.554990+00:00,normalized_region,,POSAVSKA
470807,2026-03-19T17:43:41.554990+00:00,normalized_city,,OPLOTNICA
470807,2026-03-19T17:43:41.554990+00:00,normalized_region,,PODRAVSKA
470787,2026-03-19T17:43:41.554990+00:00,normalized_city,,SENOŽETI
470787,2026-03-19T17:43:41.554990+00:00,normalized_region,,ZASAVSKA
470783,2026-03-19T17:43:41.554990+00:00,normalized_city,,KOPER/CAPODISTRIA
470783,2026-03-19T17:43:41.554990+00:00,normalized_region,,OBALNO-KRAŠKA
470782,2026-03-19T17:43:41.554990+00:00,normalized_city,,SENČAK
470782,2026-03-19T17:43:41.554990+00:00,normalized_region,,PODRAVSKA
470775,2026-03-19T17:43:41.554990+00:00,normalized_city,,LJUBLJANA
470775,2026-03-19T17:43:41.554990+00:00,normalized_region,,OSREDNJESLOVENSKA
470769,2026-03-19T17:43:41.554990+00:00,normalized_city,,VRHNIKA
470769,2026-03-19T17:43:41.554990+00:00,normalized_region,,OSREDNJESLOVENSKA
470757,2026-03-19T17:43:41.554990+00:00,normalized_city,,LJUBLJANA
470757,2026-03-19T17:43:41.554990+00:00,normalized_region,,OSREDNJESLOVENSKA
470748,2026-03-19T17:43:41.554990+00:00,normalized_city,,RIBNICA
470748,2026-03-19T17:43:41.554990+00:00,normalized_region,,JUGOVZHODNA SLOVENIJA
470742,2026-03-19T17:43:41.554990+00:00,normalized_city,,MARIBOR
470742,2026-03-19T17:43:41.554990+00:00,normalized_region,,PODRAVSKA
470737,2026-03-19T17:43:41.554990+00:00,normalized_city,,LITIJA
470737,2026-03-19T17:43:41.554990+00:00,normalized_region,,ZASAVSKA
470702,2026-03-19T17:43:41.554990+00:00,normalized_city,,LJUBLJANA
470702,2026-03-19T17:43:41.554990+00:00,normalized_region,,OSREDNJESLOVENSKA
470680,2026-03-19T17:43:41.554990+00:00,normalized_city,,LJUBLJANA
470680,2026-03-19T17:43:41.554990+00:00,normalized_region,,OSREDNJESLOVENSKA
470622,2026-03-19T17:43:41.554990+00:00,normalized_city,,LJUBLJANA
470622,2026-03-19T17:43:41.554990+00:00,normalized_region,,OSREDNJESLOVENSKA
470618,2026-03-19T17:43:41.554990+00:00,normalized_city,,ŠENTRUPERT
470618,2026-03-19T17:43:41.554990+00:00,normalized_region,,JUGOVZHODNA SLOVENIJA
470612,2026-03-19T17:43:41.554990+00:00,normalized_city,,PREBOLD
470612,2026-03-19T17:43:41.554990+00:00,normalized_region,,SAVINJSKA
470577,2026-03-19T17:43:41.554990+00:00,normalized_city,,RIBNICA
470577,2026-03-19T17:43:41.554990+00:00,normalized_region,,JUGOVZHODNA SLOVENIJA
470575,2026-03-19T17:43:41.554990+00:00,normalized_city,,LJUBLJANA
470575,2026-03-19T17:43:41.554990+00:00,normalized_region,,OSREDNJESLOVENSKA
470565,2026-03-19T17:43:41.554990+00:00,normalized_city,,KOSTANJEVICA NA KRKI
470565,2026-03-19T17:43:41.554990+00:00,normalized_region,,POSAVSKA
470544,2026-03-19T17:43:41.554990+00:00,normalized_city,,LOGATEC
470544,2026-03-19T17:43:41.554990+00:00,normalized_region,,OSREDNJESLOVENSKA
470543,2026-03-19T17:43:41.554990+00:00,normalized_city,,NAKLO
470543,2026-03-19T17:43:41.554990+00:00,normalized_region,,JUGOVZHODNA SLOVENIJA
470521,2026-03-19T17:43:41.554990+00:00,normalized_city,,RIBNICA
470521,2026-03-19T17:43:41.554990+00:00,normalized_region,,JUGOVZHODNA SLOVENIJA
470497,2026-03-19T17:43:41.554990+00:00,normalized_city,,LJUBLJANA
470497,2026-03-19T17:43:41.554990+00:00,normalized_region,,OSREDNJESLOVENSKA
470469,2026-03-19T17:43:41.554990+00:00,normalized_city,,KOPER/CAPODISTRIA
470469,2026-03-19T17:43:41.554990+00:00,normalized_region,,OBALNO-KRAŠKA
470463,2026-03-19T17:43:41.554990+00:00,normalized_city,,LJUBLJANA
470463,2026-03-19T17:43:41.554990+00:00,normalized_region,,OSREDNJESLOVENSKA
470419,2026-03-19T17:43:41.554990+00:00,normalized_city,,PRESERJE PRI RADOMLJAH
470419,2026-03-19T17:43:41.554990+00:00,normalized_region,,OSREDNJESLOVENSKA
470413,2026-03-19T17:43:41.554990+00:00,normalized_city,,NOVO MESTO
470413,2026-03-19T17:43:41.554990+00:00,normalized_region,,JUGOVZHODNA SLOVENIJA
470399,2026-03-19T17:43:41.554990+00:00,normalized_city,,LJUBLJANA
470399,2026-03-19T17:43:41.554990+00:00,normalized_region,,OSREDNJESLOVENSKA
470372,2026-03-19T17:43:41.554990+00:00,normalized_city,,NOVO MESTO
470372,2026-03-19T17:43:41.554990+00:00,normalized_region,,JUGOVZHODNA SLOVENIJA
470363,2026-03-19T17:43:41.554990+00:00,normalized_city,,LJUBLJANA
470363,2026-03-19T17:43:41.554990+00:00,normalized_region,,OSREDNJESLOVENSKA
470354,2026-03-19T17:43:41.554990+00:00,normalized_city,,VRHNIKA
470354,2026-03-19T17:43:41.554990+00:00,normalized_region,,OSREDNJESLOVENSKA
470331,2026-03-19T17:43:41.554990+00:00,normalized_city,,CERKLJE OB KRKI
470331,2026-03-19T17:43:41.554990+00:00,normalized_region,,POSAVSKA
470311,2026-03-19T17:43:41.554990+00:00,normalized_city,,NOVO MESTO
470311,2026-03-19T17:43:41.554990+00:00,normalized_region,,JUGOVZHODNA SLOVENIJA
470269,2026-03-19T17:43:41.554990+00:00,normalized_city,,CERKNO
470269,2026-03-19T17:43:41.554990+00:00,normalized_region,,GORIŠKA
470250,2026-03-19T17:43:41.554990+00:00,normalized_city,,MARIBOR
470250,2026-03-19T17:43:41.554990+00:00,normalized_region,,PODRAVSKA
470244,2026-03-19T17:43:41.554990+00:00,normalized_city,,MARIBOR
470244,2026-03-19T17:43:41.554990+00:00,normalized_region,,PODRAVSKA
470238,2026-03-19T17:43:41.554990+00:00,normalized_city,,LJUBLJANA
470238,2026-03-19T17:43:41.554990+00:00,normalized_region,,OSREDNJESLOVENSKA
470235,2026-03-19T17:43:41.554990+00:00,normalized_city,,LJUBLJANA
470235,2026-03-19T17:43:41.554990+00:00,normalized_region,,OSREDNJESLOVENSKA
470184,2026-03-19T17:43:41.554990+00:00,normalized_city,,LJUBLJANA
470184,2026-03-19T17:43:41.554990+00:00,normalized_region,,OSREDNJESLOVENSKA
470182,2026-03-19T17:43:41.554990+00:00,normalized_city,,DOB
470182,2026-03-19T17:43:41.554990+00:00,normalized_region,,OSREDNJESLOVENSKA
470165,2026-03-19T17:43:41.554990+00:00,normalized_city,,ŠENTJERNEJ
470165,2026-03-19T17:43:41.554990+00:00,normalized_region,,JUGOVZHODNA SLOVENIJA
470163,2026-03-19T17:43:41.554990+00:00,normalized_city,,ŽALEC
470163,2026-03-19T17:43:41.554990+00:00,normalized_region,,SAVINJSKA
470152,2026-03-19T17:43:41.554990+00:00,normalized_city,,LJUBLJANA
470152,2026-03-19T17:43:41.554990+00:00,normalized_region,,OSREDNJESLOVENSKA
470131,2026-03-19T17:43:41.554990+00:00,normalized_city,,LJUBLJANA
470131,2026-03-19T17:43:41.554990+00:00,normalized_region,,OSREDNJESLOVENSKA
470110,2026-03-19T17:43:41.554990+00:00,normalized_city,,SEVNICA
470110,2026-03-19T17:43:41.554990+00:00,normalized_region,,POSAVSKA
470098,2026-03-19T17:43:41.554990+00:00,normalized_city,,TURNIŠČE
470098,2026-03-19T17:43:41.554990+00:00,normalized_region,,POMURSKA
470083,2026-03-19T17:43:41.554990+00:00,subtitle,,DELO V RESTAVRACIJI S HITRO PREHRANO
470083,2026-03-19T17:43:41.554990+00:00,normalized_city,,LJUBLJANA
470083,2026-03-19T17:43:41.554990+00:00,normalized_region,,OSREDNJESLOVENSKA
470082,2026-03-19T17:43:41.554990+00:00,subtitle,,DELO V RESTAVRACIJI S HITRO PREHRANO
470082,2026-03-19T17:43:41.554990+00:00,normalized_city,,LJUBLJANA
470082,2026-03-19T17:43:41.554990+00:00,normalized_region,,OSREDNJESLOVENSKA
470081,2026-03-19T17:43:41.554990+00:00,subtitle,,DELO V RESTAVRACIJI S HITRO PREHRANO
470081,2026-03-19T17:43:41.554990+00:00,normalized_city,,LJUBLJANA
470081,2026-03-19T17:43:41.554990+00:00,normalized_region,,OSREDNJESLOVENSKA
470079,2026-03-19T17:43:41.554990+00:00,normalized_city,,PESNICA PRI MARIBORU
470079,2026-03-19T17:43:41.554990+00:00,normalized_region,,PODRAVSKA
470058,2026-03-19T17:43:41.554990+00:00,normalized_city,,MARIBOR
470058,2026-03-19T17:43:41.554990+00:00,normalized_region,,PODRAVSKA
470053,2026-03-19T17:43:41.554990+00:00,normalized_city,,CELJE
470053,2026-03-19T17:43:41.554990+00:00,normalized_region,,SAVINJSKA
470019,2026-03-19T17:43:41.554990+00:00,normalized_city,,TRZIN
470019,2026-03-19T17:43:41.554990+00:00,normalized_region,,OSREDNJESLOVENSKA
469993,2026-03-19T17:43:41.554990+00:00,normalized_city,,DOMŽALE
469993,2026-03-19T17:43:41.554990+00:00,normalized_region,,OSREDNJESLOVENSKA
469977,2026-03-19T17:43:41.554990+00:00,normalized_city,,LJUBLJANA
469977,2026-03-19T17:43:41.554990+00:00,normalized_region,,OSREDNJESLOVENSKA
469935,2026-03-19T17:43:41.554990+00:00,normalized_city,,LJUBLJANA
469935,2026-03-19T17:43:41.554990+00:00,normalized_region,,OSREDNJESLOVENSKA
469909,2026-03-19T17:43:41.554990+00:00,normalized_city,,DOMŽALE
469909,2026-03-19T17:43:41.554990+00:00,normalized_region,,OSREDNJESLOVENSKA
469893,2026-03-19T17:43:41.554990+00:00,normalized_city,,DEŽNO PRI PODLEHNIKU
469893,2026-03-19T17:43:41.554990+00:00,normalized_region,,PODRAVSKA
469892,2026-03-19T17:43:41.554990+00:00,normalized_city,,LOGATEC
469892,2026-03-19T17:43:41.554990+00:00,normalized_region,,OSREDNJESLOVENSKA
469863,2026-03-19T17:43:41.554990+00:00,normalized_city,,KAMNIK
469863,2026-03-19T17:43:41.554990+00:00,normalized_region,,OSREDNJESLOVENSKA
469862,2026-03-19T17:43:41.554990+00:00,normalized_city,,MORAVČE
469862,2026-03-19T17:43:41.554990+00:00,normalized_region,,OSREDNJESLOVENSKA
469844,2026-03-19T17:43:41.554990+00:00,subtitle,,DELO V RESTAVRACIJI S HITRO PREHRANO
469844,2026-03-19T17:43:41.554990+00:00,normalized_city,,LJUBLJANA
469844,2026-03-19T17:43:41.554990+00:00,normalized_region,,OSREDNJESLOVENSKA
469809,2026-03-19T17:43:41.554990+00:00,normalized_city,,ŠENTJUR
469809,2026-03-19T17:43:41.554990+00:00,normalized_region,,SAVINJSKA
469798,2026-03-19T17:43:41.554990+00:00,normalized_city,,KRŠKO
469798,2026-03-19T17:43:41.554990+00:00,normalized_region,,POSAVSKA
469796,2026-03-19T17:43:41.554990+00:00,normalized_city,,LJUBLJANA
469796,2026-03-19T17:43:41.554990+00:00,normalized_region,,OSREDNJESLOVENSKA
469794,2026-03-19T17:43:41.554990+00:00,normalized_city,,LJUBLJANA
469794,2026-03-19T17:43:41.554990+00:00,normalized_region,,OSREDNJESLOVENSKA
469783,2026-03-19T17:43:41.554990+00:00,normalized_city,,SELNICA OB DRAVI
469783,2026-03-19T17:43:41.554990+00:00,normalized_region,,PODRAVSKA
469770,2026-03-19T17:43:41.554990+00:00,normalized_city,,MARIBOR
469770,2026-03-19T17:43:41.554990+00:00,normalized_region,,PODRAVSKA
469761,2026-03-19T17:43:41.554990+00:00,subtitle,,DELO V RESTAVRACIJI S HITRO PREHRANO
469761,2026-03-19T17:43:41.554990+00:00,normalized_city,,LJUBLJANA
469761,2026-03-19T17:43:41.554990+00:00,normalized_region,,OSREDNJESLOVENSKA
469760,2026-03-19T17:43:41.554990+00:00,subtitle,,DELO V RESTAVRACIJI S HITRO PREHRANO
469760,2026-03-19T17:43:41.554990+00:00,normalized_city,,LJUBLJANA
469760,2026-03-19T17:43:41.554990+00:00,normalized_region,,OSREDNJESLOVENSKA
469756,2026-03-19T17:43:41.554990+00:00,normalized_city,,MARIBOR
469756,2026-03-19T17:43:41.554990+00:00,normalized_region,,PODRAVSKA
469704,2026-03-19T17:43:41.554990+00:00,normalized_city,,PODČETRTEK
469704,2026-03-19T17:43:41.554990+00:00,normalized_region,,SAVINJSKA
469703,2026-03-19T17:43:41.554990+00:00,normalized_city,,ILIRSKA BISTRICA
469703,2026-03-19T17:43:41.554990+00:00,normalized_region,,PRIMORSKO-NOTRANJSKA
469647,2026-03-19T17:43:41.554990+00:00,normalized_city,,ŽELEZNIKI
469647,2026-03-19T17:43:41.554990+00:00,normalized_region,,GORENJSKA
469644,2026-03-19T17:43:41.554990+00:00,normalized_city,,ANKARAN/ANCARANO
469644,2026-03-19T17:43:41.554990+00:00,normalized_region,,OBALNO-KRAŠKA
469643,2026-03-19T17:43:41.554990+00:00,normalized_city,,PORTOROŽ/PORTOROSE
469643,2026-03-19T17:43:41.554990+00:00,normalized_region,,OBALNO-KRAŠKA
469634,2026-03-19T17:43:41.554990+00:00,normalized_city,,LJUBLJANA
469634,2026-03-19T17:43:41.554990+00:00,normalized_region,,OSREDNJESLOVENSKA
469581,2026-03-19T17:43:41.554990+00:00,normalized_city,,LJUBLJANA
469581,2026-03-19T17:43:41.554990+00:00,normalized_region,,OSREDNJESLOVENSKA
469580,2026-03-19T17:43:41.554990+00:00,normalized_city,,DOMŽALE
469580,2026-03-19T17:43:41.554990+00:00,normalized_region,,OSREDNJESLOVENSKA
469576,2026-03-19T17:43:41.554990+00:00,normalized_city,,RADOVLJICA
469576,2026-03-19T17:43:41.554990+00:00,normalized_region,,GORENJSKA
469534,2026-03-19T17:43:41.554990+00:00,normalized_city,,LJUBLJANA
469534,2026-03-19T17:43:41.554990+00:00,normalized_region,,OSREDNJESLOVENSKA
469523,2026-03-19T17:43:41.554990+00:00,normalized_city,,TRBOVLJE
469523,2026-03-19T17:43:41.554990+00:00,normalized_region,,ZASAVSKA
469488,2026-03-19T17:43:41.554990+00:00,normalized_city,,LJUBLJANA
469488,2026-03-19T17:43:41.554990+00:00,normalized_region,,OSREDNJESLOVENSKA
469475,2026-03-19T17:43:41.554990+00:00,normalized_city,,ŽIRI
469475,2026-03-19T17:43:41.554990+00:00,normalized_region,,GORENJSKA
469443,2026-03-19T17:43:41.554990+00:00,normalized_city,,STARŠE
469443,2026-03-19T17:43:41.554990+00:00,normalized_region,,PODRAVSKA
469442,2026-03-19T17:43:41.554990+00:00,normalized_city,,LJUBLJANA
469442,2026-03-19T17:43:41.554990+00:00,normalized_region,,OSREDNJESLOVENSKA
469438,2026-03-19T17:43:41.554990+00:00,normalized_city,,CELJE
469438,2026-03-19T17:43:41.554990+00:00,normalized_region,,SAVINJSKA
469424,2026-03-19T17:43:41.554990+00:00,normalized_city,,RIBNICA
469424,2026-03-19T17:43:41.554990+00:00,normalized_region,,JUGOVZHODNA SLOVENIJA
469420,2026-03-19T17:43:41.554990+00:00,normalized_city,,MOKRONOG
469420,2026-03-19T17:43:41.554990+00:00,normalized_region,,JUGOVZHODNA SLOVENIJA
469416,2026-03-19T17:43:41.554990+00:00,normalized_city,,TRŽIČ
469416,2026-03-19T17:43:41.554990+00:00,normalized_region,,GORENJSKA
469384,2026-03-19T17:43:41.554990+00:00,normalized_city,,TURNIŠČE
469384,2026-03-19T17:43:41.554990+00:00,normalized_region,,POMURSKA
469364,2026-03-19T17:43:41.554990+00:00,normalized_city,,PODČETRTEK
469364,2026-03-19T17:43:41.554990+00:00,normalized_region,,SAVINJSKA
469354,2026-03-19T17:43:41.554990+00:00,normalized_city,,POLJANE NAD ŠKOFJO LOKO
469354,2026-03-19T17:43:41.554990+00:00,normalized_region,,GORENJSKA
469348,2026-03-19T17:43:41.554990+00:00,normalized_city,,LJUBLJANA
469348,2026-03-19T17:43:41.554990+00:00,normalized_region,,OSREDNJESLOVENSKA
469347,2026-03-19T17:43:41.554990+00:00,normalized_city,,NOVO MESTO
469347,2026-03-19T17:43:41.554990+00:00,normalized_region,,JUGOVZHODNA SLOVENIJA
469338,2026-03-19T17:43:41.554990+00:00,normalized_city,,LJUBLJANA
469338,2026-03-19T17:43:41.554990+00:00,normalized_region,,OSREDNJESLOVENSKA
469328,2026-03-19T17:43:41.554990+00:00,normalized_city,,LJUBLJANA
469328,2026-03-19T17:43:41.554990+00:00,normalized_region,,OSREDNJESLOVENSKA
469279,2026-03-19T17:43:41.554990+00:00,normalized_city,,LJUBLJANA
469279,2026-03-19T17:43:41.554990+00:00,normalized_region,,OSREDNJESLOVENSKA
469262,2026-03-19T17:43:41.554990+00:00,normalized_city,,MOZIRJE
469262,2026-03-19T17:43:41.554990+00:00,normalized_region,,SAVINJSKA
469249,2026-03-19T17:43:41.554990+00:00,normalized_city,,ŠKOFJA LOKA
469249,2026-03-19T17:43:41.554990+00:00,normalized_region,,GORENJSKA
469221,2026-03-19T17:43:41.554990+00:00,normalized_city,,VELIKA LOKA
469221,2026-03-19T17:43:41.554990+00:00,normalized_region,,JUGOVZHODNA SLOVENIJA
469196,2026-03-19T17:43:41.554990+00:00,normalized_city,,MAJŠPERK
469196,2026-03-19T17:43:41.554990+00:00,normalized_region,,PODRAVSKA
469158,2026-03-19T17:43:41.554990+00:00,normalized_city,,LJUBLJANA
469158,2026-03-19T17:43:41.554990+00:00,normalized_region,,OSREDNJESLOVENSKA
469150,2026-03-19T17:43:41.554990+00:00,normalized_city,,LJUBLJANA
469150,2026-03-19T17:43:41.554990+00:00,normalized_region,,OSREDNJESLOVENSKA
469133,2026-03-19T17:43:41.554990+00:00,normalized_city,,HRPELJE
469133,2026-03-19T17:43:41.554990+00:00,normalized_region,,OBALNO-KRAŠKA
469086,2026-03-19T17:43:41.554990+00:00,normalized_city,,LOGATEC
469086,2026-03-19T17:43:41.554990+00:00,normalized_region,,OSREDNJESLOVENSKA
469067,2026-03-19T17:43:41.554990+00:00,normalized_city,,LJUBLJANA
469067,2026-03-19T17:43:41.554990+00:00,normalized_region,,OSREDNJESLOVENSKA
469062,2026-03-19T17:43:41.554990+00:00,normalized_city,,TRZIN
469062,2026-03-19T17:43:41.554990+00:00,normalized_region,,OSREDNJESLOVENSKA
469015,2026-03-19T17:43:41.554990+00:00,normalized_city,,TRZIN
469015,2026-03-19T17:43:41.554990+00:00,normalized_region,,OSREDNJESLOVENSKA
469009,2026-03-19T17:43:41.554990+00:00,normalized_city,,LJUBLJANA
469009,2026-03-19T17:43:41.554990+00:00,normalized_region,,OSREDNJESLOVENSKA
468987,2026-03-19T17:43:41.554990+00:00,normalized_city,,BOROVNICA
468987,2026-03-19T17:43:41.554990+00:00,normalized_region,,OSREDNJESLOVENSKA
468959,2026-03-19T17:43:41.554990+00:00,normalized_city,,LJUBLJANA
468959,2026-03-19T17:43:41.554990+00:00,normalized_region,,OSREDNJESLOVENSKA
468956,2026-03-19T17:43:41.554990+00:00,normalized_city,,PREDDVOR
468956,2026-03-19T17:43:41.554990+00:00,normalized_region,,GORENJSKA
468947,2026-03-19T17:43:41.554990+00:00,normalized_city,,PODSMREKA PRI VIŠNJI GORI
468947,2026-03-19T17:43:41.554990+00:00,normalized_region,,OSREDNJESLOVENSKA
468946,2026-03-19T17:43:41.554990+00:00,normalized_city,,LJUBLJANA
468946,2026-03-19T17:43:41.554990+00:00,normalized_region,,OSREDNJESLOVENSKA
468937,2026-03-19T17:43:41.554990+00:00,normalized_city,,LOGATEC
468937,2026-03-19T17:43:41.554990+00:00,normalized_region,,OSREDNJESLOVENSKA
468930,2026-03-19T17:43:41.554990+00:00,normalized_city,,JURŠINCI
468930,2026-03-19T17:43:41.554990+00:00,normalized_region,,PODRAVSKA
468921,2026-03-19T17:43:41.554990+00:00,normalized_city,,LJUBLJANA
468921,2026-03-19T17:43:41.554990+00:00,normalized_region,,OSREDNJESLOVENSKA
468905,2026-03-19T17:43:41.554990+00:00,normalized_city,,MEDVODE
468905,2026-03-19T17:43:41.554990+00:00,normalized_region,,OSREDNJESLOVENSKA
468873,2026-03-19T17:43:41.554990+00:00,normalized_city,,LJUBLJANA
468873,2026-03-19T17:43:41.554990+00:00,normalized_region,,OSREDNJESLOVENSKA
468859,2026-03-19T17:43:41.554990+00:00,normalized_city,,MARIBOR
468859,2026-03-19T17:43:41.554990+00:00,normalized_region,,PODRAVSKA
468858,2026-03-19T17:43:41.554990+00:00,normalized_city,,MURSKA SOBOTA
468858,2026-03-19T17:43:41.554990+00:00,normalized_region,,POMURSKA
468847,2026-03-19T17:43:41.554990+00:00,normalized_city,,GROSUPLJE
468847,2026-03-19T17:43:41.554990+00:00,normalized_region,,OSREDNJESLOVENSKA
468821,2026-03-19T17:43:41.554990+00:00,normalized_city,,LJUBLJANA
468821,2026-03-19T17:43:41.554990+00:00,normalized_region,,OSREDNJESLOVENSKA
468807,2026-03-19T17:43:41.554990+00:00,normalized_city,,LJUBLJANA
468807,2026-03-19T17:43:41.554990+00:00,normalized_region,,OSREDNJESLOVENSKA
468790,2026-03-19T17:43:41.554990+00:00,normalized_city,,LJUBLJANA
468790,2026-03-19T17:43:41.554990+00:00,normalized_region,,OSREDNJESLOVENSKA
468742,2026-03-19T17:43:41.554990+00:00,normalized_city,,CERKLJE NA GORENJSKEM
468742,2026-03-19T17:43:41.554990+00:00,normalized_region,,GORENJSKA
468741,2026-03-19T17:43:41.554990+00:00,normalized_city,,LJUBLJANA
468741,2026-03-19T17:43:41.554990+00:00,normalized_region,,OSREDNJESLOVENSKA
468705,2026-03-19T17:43:41.554990+00:00,normalized_city,,KRMELJ
468705,2026-03-19T17:43:41.554990+00:00,normalized_region,,POSAVSKA
468702,2026-03-19T17:43:41.554990+00:00,normalized_city,,DOLENJSKE TOPLICE
468702,2026-03-19T17:43:41.554990+00:00,normalized_region,,JUGOVZHODNA SLOVENIJA
468615,2026-03-19T17:43:41.554990+00:00,normalized_city,,RIMSKE TOPLICE
468615,2026-03-19T17:43:41.554990+00:00,normalized_region,,SAVINJSKA
468602,2026-03-19T17:43:41.554990+00:00,normalized_city,,LJUBLJANA
468602,2026-03-19T17:43:41.554990+00:00,normalized_region,,OSREDNJESLOVENSKA
468587,2026-03-19T17:43:41.554990+00:00,normalized_city,,LJUBLJANA
468587,2026-03-19T17:43:41.554990+00:00,normalized_region,,OSREDNJESLOVENSKA
468569,2026-03-19T17:43:41.554990+00:00,normalized_city,,LJUBLJANA
468569,2026-03-19T17:43:41.554990+00:00,normalized_region,,OSREDNJESLOVENSKA
468509,2026-03-19T17:43:41.554990+00:00,normalized_city,,KAMNIK
468509,2026-03-19T17:43:41.554990+00:00,normalized_region,,OSREDNJESLOVENSKA
468504,2026-03-19T17:43:41.554990+00:00,normalized_city,,LJUBLJANA
468504,2026-03-19T17:43:41.554990+00:00,normalized_region,,OSREDNJESLOVENSKA
468500,2026-03-19T17:43:41.554990+00:00,normalized_city,,LJUBLJANA
468500,2026-03-19T17:43:41.554990+00:00,normalized_region,,OSREDNJESLOVENSKA
468497,2026-03-19T17:43:41.554990+00:00,subtitle,,DELO V RESTAVRACIJI S HITRO PREHRANO
468497,2026-03-19T17:43:41.554990+00:00,normalized_city,,VELENJE
468497,2026-03-19T17:43:41.554990+00:00,normalized_region,,SAVINJSKA
468438,2026-03-19T17:43:41.554990+00:00,normalized_city,,LJUBLJANA
468438,2026-03-19T17:43:41.554990+00:00,normalized_region,,OSREDNJESLOVENSKA
468348,2026-03-19T17:43:41.554990+00:00,normalized_city,,NOVO MESTO
468348,2026-03-19T17:43:41.554990+00:00,normalized_region,,JUGOVZHODNA SLOVENIJA
468290,2026-03-19T17:43:41.554990+00:00,normalized_city,,LJUBLJANA
468290,2026-03-19T17:43:41.554990+00:00,normalized_region,,OSREDNJESLOVENSKA
468241,2026-03-19T17:43:41.554990+00:00,normalized_city,,KOZINA
468241,2026-03-19T17:43:41.554990+00:00,normalized_region,,OBALNO-KRAŠKA
468237,2026-03-19T17:43:41.554990+00:00,normalized_city,,LJUBLJANA
468237,2026-03-19T17:43:41.554990+00:00,normalized_region,,OSREDNJESLOVENSKA
468175,2026-03-19T17:43:41.554990+00:00,normalized_city,,GROSUPLJE
468175,2026-03-19T17:43:41.554990+00:00,normalized_region,,OSREDNJESLOVENSKA
468112,2026-03-19T17:43:41.554990+00:00,normalized_city,,LJUBLJANA
468112,2026-03-19T17:43:41.554990+00:00,normalized_region,,OSREDNJESLOVENSKA
468081,2026-03-19T17:43:41.554990+00:00,normalized_city,,SODRAŽICA
468081,2026-03-19T17:43:41.554990+00:00,normalized_region,,JUGOVZHODNA SLOVENIJA
468031,2026-03-19T17:43:41.554990+00:00,normalized_city,,DRAVOGRAD
468031,2026-03-19T17:43:41.554990+00:00,normalized_region,,KOROŠKA
467999,2026-03-19T17:43:41.554990+00:00,normalized_city,,LJUBLJANA
467999,2026-03-19T17:43:41.554990+00:00,normalized_region,,OSREDNJESLOVENSKA
467946,2026-03-19T17:43:41.554990+00:00,normalized_city,,POVIR
467946,2026-03-19T17:43:41.554990+00:00,normalized_region,,OBALNO-KRAŠKA
467934,2026-03-19T17:43:41.554990+00:00,normalized_city,,ŠKOFLJICA
467934,2026-03-19T17:43:41.554990+00:00,normalized_region,,OSREDNJESLOVENSKA
467878,2026-03-19T17:43:41.554990+00:00,normalized_city,,KOMENDA
467878,2026-03-19T17:43:41.554990+00:00,normalized_region,,OSREDNJESLOVENSKA
467849,2026-03-19T17:43:41.554990+00:00,normalized_city,,SODRAŽICA
467849,2026-03-19T17:43:41.554990+00:00,normalized_region,,JUGOVZHODNA SLOVENIJA
467842,2026-03-19T17:43:41.554990+00:00,normalized_city,,SEŽANA
467842,2026-03-19T17:43:41.554990+00:00,normalized_region,,OBALNO-KRAŠKA
467791,2026-03-19T17:43:41.554990+00:00,normalized_city,,LJUBLJANA
467791,2026-03-19T17:43:41.554990+00:00,normalized_region,,OSREDNJESLOVENSKA
467790,2026-03-19T17:43:41.554990+00:00,normalized_city,,KOMENDA
467790,2026-03-19T17:43:41.554990+00:00,normalized_region,,OSREDNJESLOVENSKA
467781,2026-03-19T17:43:41.554990+00:00,normalized_city,,PTUJ
467781,2026-03-19T17:43:41.554990+00:00,normalized_region,,PODRAVSKA
467694,2026-03-19T17:43:41.554990+00:00,normalized_city,,CELJE
467694,2026-03-19T17:43:41.554990+00:00,normalized_region,,SAVINJSKA
467672,2026-03-19T17:43:41.554990+00:00,normalized_city,,DOMŽALE
467672,2026-03-19T17:43:41.554990+00:00,normalized_region,,OSREDNJESLOVENSKA
467603,2026-03-19T17:43:41.554990+00:00,normalized_city,,LJUBLJANA
467603,2026-03-19T17:43:41.554990+00:00,normalized_region,,OSREDNJESLOVENSKA
467589,2026-03-19T17:43:41.554990+00:00,normalized_city,,BOROVNICA
467589,2026-03-19T17:43:41.554990+00:00,normalized_region,,OSREDNJESLOVENSKA
467577,2026-03-19T17:43:41.554990+00:00,normalized_city,,MENGEŠ
467577,2026-03-19T17:43:41.554990+00:00,normalized_region,,OSREDNJESLOVENSKA
467568,2026-03-19T17:43:41.554990+00:00,normalized_city,,KOČEVJE
467568,2026-03-19T17:43:41.554990+00:00,normalized_region,,JUGOVZHODNA SLOVENIJA
467554,2026-03-19T17:43:41.554990+00:00,normalized_city,,LJUBLJANA
467554,2026-03-19T17:43:41.554990+00:00,normalized_region,,OSREDNJESLOVENSKA
467551,2026-03-19T17:43:41.554990+00:00,normalized_city,,LJUBLJANA
467551,2026-03-19T17:43:41.554990+00:00,normalized_region,,OSREDNJESLOVENSKA
467538,2026-03-19T17:43:41.554990+00:00,normalized_city,,LJUBLJANA
467538,2026-03-19T17:43:41.554990+00:00,normalized_region,,OSREDNJESLOVENSKA
467527,2026-03-19T17:43:41.554990+00:00,normalized_city,,PREBOLD
467527,2026-03-19T17:43:41.554990+00:00,normalized_region,,SAVINJSKA
467393,2026-03-19T17:43:41.554990+00:00,normalized_city,,RAVNE NA KOROŠKEM
467393,2026-03-19T17:43:41.554990+00:00,normalized_region,,KOROŠKA
467371,2026-03-19T17:43:41.554990+00:00,normalized_city,,LJUBLJANA
467371,2026-03-19T17:43:41.554990+00:00,normalized_region,,OSREDNJESLOVENSKA
467368,2026-03-19T17:43:41.554990+00:00,normalized_city,,LJUBLJANA
467368,2026-03-19T17:43:41.554990+00:00,normalized_region,,OSREDNJESLOVENSKA
467288,2026-03-19T17:43:41.554990+00:00,normalized_city,,DRENOV GRIČ
467288,2026-03-19T17:43:41.554990+00:00,normalized_region,,OSREDNJESLOVENSKA
467280,2026-03-19T17:43:41.554990+00:00,normalized_city,,DRAVOGRAD
467280,2026-03-19T17:43:41.554990+00:00,normalized_region,,KOROŠKA
467276,2026-03-19T17:43:41.554990+00:00,normalized_city,,LJUBLJANA
467276,2026-03-19T17:43:41.554990+00:00,normalized_region,,OSREDNJESLOVENSKA
467263,2026-03-19T17:43:41.554990+00:00,normalized_city,,VELENJE
467263,2026-03-19T17:43:41.554990+00:00,normalized_region,,SAVINJSKA
467243,2026-03-19T17:43:41.554990+00:00,normalized_city,,LOGATEC
467243,2026-03-19T17:43:41.554990+00:00,normalized_region,,OSREDNJESLOVENSKA
467240,2026-03-19T17:43:41.554990+00:00,normalized_city,,LJUBLJANA
467240,2026-03-19T17:43:41.554990+00:00,normalized_region,,OSREDNJESLOVENSKA
467229,2026-03-19T17:43:41.554990+00:00,normalized_city,,VRHNIKA
467229,2026-03-19T17:43:41.554990+00:00,normalized_region,,OSREDNJESLOVENSKA
467169,2026-03-19T17:43:41.554990+00:00,normalized_city,,LJUBLJANA
467169,2026-03-19T17:43:41.554990+00:00,normalized_region,,OSREDNJESLOVENSKA
467092,2026-03-19T17:43:41.554990+00:00,normalized_city,,NOVO MESTO
467092,2026-03-19T17:43:41.554990+00:00,normalized_region,,JUGOVZHODNA SLOVENIJA
467091,2026-03-19T17:43:41.554990+00:00,normalized_city,,LJUBLJANA
467091,2026-03-19T17:43:41.554990+00:00,normalized_region,,OSREDNJESLOVENSKA
467066,2026-03-19T17:43:41.554990+00:00,normalized_city,,MARIBOR
467066,2026-03-19T17:43:41.554990+00:00,normalized_region,,PODRAVSKA
467017,2026-03-19T17:43:41.554990+00:00,normalized_city,,KOPER/CAPODISTRIA
467017,2026-03-19T17:43:41.554990+00:00,normalized_region,,OBALNO-KRAŠKA
466948,2026-03-19T17:43:41.554990+00:00,normalized_city,,LOGATEC
466948,2026-03-19T17:43:41.554990+00:00,normalized_region,,OSREDNJESLOVENSKA
466945,2026-03-19T17:43:41.554990+00:00,normalized_city,,KAMNIK
466945,2026-03-19T17:43:41.554990+00:00,normalized_region,,OSREDNJESLOVENSKA
466896,2026-03-19T17:43:41.554990+00:00,normalized_city,,KAMNIK
466896,2026-03-19T17:43:41.554990+00:00,normalized_region,,OSREDNJESLOVENSKA
466879,2026-03-19T17:43:41.554990+00:00,normalized_city,,JESENICE
466879,2026-03-19T17:43:41.554990+00:00,normalized_region,,GORENJSKA
466834,2026-03-19T17:43:41.554990+00:00,normalized_city,,VOJNIK
466834,2026-03-19T17:43:41.554990+00:00,normalized_region,,SAVINJSKA
466768,2026-03-19T17:43:41.554990+00:00,normalized_city,,CELJE
466768,2026-03-19T17:43:41.554990+00:00,normalized_region,,SAVINJSKA
466764,2026-03-19T17:43:41.554990+00:00,normalized_city,,MENGEŠ
466764,2026-03-19T17:43:41.554990+00:00,normalized_region,,OSREDNJESLOVENSKA
466758,2026-03-19T17:43:41.554990+00:00,normalized_city,,KRŠKO
466758,2026-03-19T17:43:41.554990+00:00,normalized_region,,POSAVSKA
466755,2026-03-19T17:43:41.554990+00:00,normalized_city,,VELENJE
466755,2026-03-19T17:43:41.554990+00:00,normalized_region,,SAVINJSKA
466731,2026-03-19T17:43:41.554990+00:00,normalized_city,,LJUBLJANA
466731,2026-03-19T17:43:41.554990+00:00,normalized_region,,OSREDNJESLOVENSKA
466725,2026-03-19T17:43:41.554990+00:00,normalized_city,,LJUBLJANA
466725,2026-03-19T17:43:41.554990+00:00,normalized_region,,OSREDNJESLOVENSKA
466674,2026-03-19T17:43:41.554990+00:00,normalized_city,,MUTA
466674,2026-03-19T17:43:41.554990+00:00,normalized_region,,KOROŠKA
466497,2026-03-19T17:43:41.554990+00:00,normalized_city,,SEVNICA
466497,2026-03-19T17:43:41.554990+00:00,normalized_region,,POSAVSKA
466496,2026-03-19T17:43:41.554990+00:00,normalized_city,,KOZINA
466496,2026-03-19T17:43:41.554990+00:00,normalized_region,,OBALNO-KRAŠKA
466490,2026-03-19T17:43:41.554990+00:00,normalized_city,,PORTOROŽ/PORTOROSE
466490,2026-03-19T17:43:41.554990+00:00,normalized_region,,OBALNO-KRAŠKA
466486,2026-03-19T17:43:41.554990+00:00,normalized_city,,LITIJA
466486,2026-03-19T17:43:41.554990+00:00,normalized_region,,ZASAVSKA
466483,2026-03-19T17:43:41.554990+00:00,normalized_city,,LESKOVEC PRI KRŠKEM
466483,2026-03-19T17:43:41.554990+00:00,normalized_region,,POSAVSKA
466428,2026-03-19T17:43:41.554990+00:00,subtitle,,DELO V RESTAVRACIJI S HITRO PREHRANO
466428,2026-03-19T17:43:41.554990+00:00,normalized_city,,LJUBLJANA
466428,2026-03-19T17:43:41.554990+00:00,normalized_region,,OSREDNJESLOVENSKA
466420,2026-03-19T17:43:41.554990+00:00,normalized_city,,LJUBLJANA
466420,2026-03-19T17:43:41.554990+00:00,normalized_region,,OSREDNJESLOVENSKA
466401,2026-03-19T17:43:41.554990+00:00,normalized_city,,HRIB
466401,2026-03-19T17:43:41.554990+00:00,normalized_region,,JUGOVZHODNA SLOVENIJA
466349,2026-03-19T17:43:41.554990+00:00,normalized_city,,TEHARJE
466349,2026-03-19T17:43:41.554990+00:00,normalized_region,,SAVINJSKA
466331,2026-03-19T17:43:41.554990+00:00,normalized_city,,KOPER/CAPODISTRIA
466331,2026-03-19T17:43:41.554990+00:00,normalized_region,,OBALNO-KRAŠKA
466259,2026-03-19T17:43:41.554990+00:00,normalized_city,,RADOVLJICA
466259,2026-03-19T17:43:41.554990+00:00,normalized_region,,GORENJSKA
466251,2026-03-19T17:43:41.554990+00:00,normalized_city,,NOVO MESTO
466251,2026-03-19T17:43:41.554990+00:00,normalized_region,,JUGOVZHODNA SLOVENIJA
466243,2026-03-19T17:43:41.554990+00:00,normalized_city,,CELJE
466243,2026-03-19T17:43:41.554990+00:00,normalized_region,,SAVINJSKA
466232,2026-03-19T17:43:41.554990+00:00,normalized_city,,ŠENČUR
466232,2026-03-19T17:43:41.554990+00:00,normalized_region,,GORENJSKA
466077,2026-03-19T17:43:41.554990+00:00,normalized_city,,NOVA GORICA
466077,2026-03-19T17:43:41.554990+00:00,normalized_region,,GORIŠKA
466072,2026-03-19T17:43:41.554990+00:00,normalized_city,,LJUBLJANA
466072,2026-03-19T17:43:41.554990+00:00,normalized_region,,OSREDNJESLOVENSKA
466069,2026-03-19T17:43:41.554990+00:00,normalized_city,,MARIBOR
466069,2026-03-19T17:43:41.554990+00:00,normalized_region,,PODRAVSKA
466066,2026-03-19T17:43:41.554990+00:00,normalized_city,,KOZJE
466066,2026-03-19T17:43:41.554990+00:00,normalized_region,,SAVINJSKA
465939,2026-03-19T17:43:41.554990+00:00,normalized_city,,LJUBLJANA
465939,2026-03-19T17:43:41.554990+00:00,normalized_region,,OSREDNJESLOVENSKA
465840,2026-03-19T17:43:41.554990+00:00,normalized_city,,VRHNIKA
465840,2026-03-19T17:43:41.554990+00:00,normalized_region,,OSREDNJESLOVENSKA
465830,2026-03-19T17:43:41.554990+00:00,normalized_city,,PIVKA
465830,2026-03-19T17:43:41.554990+00:00,normalized_region,,PRIMORSKO-NOTRANJSKA
465828,2026-03-19T17:43:41.554990+00:00,normalized_city,,PIVKA
465828,2026-03-19T17:43:41.554990+00:00,normalized_region,,PRIMORSKO-NOTRANJSKA
465826,2026-03-19T17:43:41.554990+00:00,normalized_city,,PIVKA
465826,2026-03-19T17:43:41.554990+00:00,normalized_region,,PRIMORSKO-NOTRANJSKA
465822,2026-03-19T17:43:41.554990+00:00,normalized_city,,SELNICA OB DRAVI
465822,2026-03-19T17:43:41.554990+00:00,normalized_region,,PODRAVSKA
465816,2026-03-19T17:43:41.554990+00:00,normalized_city,,LJUBLJANA
465816,2026-03-19T17:43:41.554990+00:00,normalized_region,,OSREDNJESLOVENSKA
465773,2026-03-19T17:43:41.554990+00:00,normalized_city,,ŽUŽEMBERK
465773,2026-03-19T17:43:41.554990+00:00,normalized_region,,JUGOVZHODNA SLOVENIJA
465763,2026-03-19T17:43:41.554990+00:00,normalized_city,,ŽUŽEMBERK
465763,2026-03-19T17:43:41.554990+00:00,normalized_region,,JUGOVZHODNA SLOVENIJA
465762,2026-03-19T17:43:41.554990+00:00,normalized_city,,ŠMARTNO PRI LITIJI
465762,2026-03-19T17:43:41.554990+00:00,normalized_region,,OSREDNJESLOVENSKA
465744,2026-03-19T17:43:41.554990+00:00,normalized_city,,SEVNICA
465744,2026-03-19T17:43:41.554990+00:00,normalized_region,,POSAVSKA
465742,2026-03-19T17:43:41.554990+00:00,normalized_city,,MENGEŠ
465742,2026-03-19T17:43:41.554990+00:00,normalized_region,,OSREDNJESLOVENSKA
465706,2026-03-19T17:43:41.554990+00:00,normalized_city,,LJUBLJANA
465706,2026-03-19T17:43:41.554990+00:00,normalized_region,,OSREDNJESLOVENSKA
465673,2026-03-19T17:43:41.554990+00:00,normalized_city,,ŽIRI
465673,2026-03-19T17:43:41.554990+00:00,normalized_region,,GORENJSKA
465590,2026-03-19T17:43:41.554990+00:00,subtitle,DELO V KUHINJI,DELO V RESTAVRACIJI S HITRO PREHRANO
465590,2026-03-19T17:43:41.554990+00:00,normalized_city,,NOVA GORICA
465590,2026-03-19T17:43:41.554990+00:00,normalized_region,,GORIŠKA
465571,2026-03-19T17:43:41.554990+00:00,normalized_city,,KRŠKO
465571,2026-03-19T17:43:41.554990+00:00,normalized_region,,POSAVSKA
465565,2026-03-19T17:43:41.554990+00:00,normalized_city,,TREBNJE
465565,2026-03-19T17:43:41.554990+00:00,normalized_region,,JUGOVZHODNA SLOVENIJA
465538,2026-03-19T17:43:41.554990+00:00,normalized_city,,MARIBOR
465538,2026-03-19T17:43:41.554990+00:00,normalized_region,,PODRAVSKA
465529,2026-03-19T17:43:41.554990+00:00,normalized_city,,RIMSKE TOPLICE
465529,2026-03-19T17:43:41.554990+00:00,normalized_region,,SAVINJSKA
465495,2026-03-19T17:43:41.554990+00:00,normalized_city,,RADOMLJE
465495,2026-03-19T17:43:41.554990+00:00,normalized_region,,OSREDNJESLOVENSKA
465488,2026-03-19T17:43:41.554990+00:00,normalized_city,,ŠALOVCI
465488,2026-03-19T17:43:41.554990+00:00,normalized_region,,POMURSKA
465483,2026-03-19T17:43:41.554990+00:00,normalized_city,,LJUBLJANA
465483,2026-03-19T17:43:41.554990+00:00,normalized_region,,OSREDNJESLOVENSKA
465406,2026-03-19T17:43:41.554990+00:00,normalized_city,,LJUBEČNA
465406,2026-03-19T17:43:41.554990+00:00,normalized_region,,SAVINJSKA
465397,2026-03-19T17:43:41.554990+00:00,normalized_city,,ŠENČUR
465397,2026-03-19T17:43:41.554990+00:00,normalized_region,,GORENJSKA
465390,2026-03-19T17:43:41.554990+00:00,normalized_city,,KRANJ
465390,2026-03-19T17:43:41.554990+00:00,normalized_region,,GORENJSKA
465389,2026-03-19T17:43:41.554990+00:00,normalized_city,,LENDAVA/LENDVA
465389,2026-03-19T17:43:41.554990+00:00,normalized_region,,POMURSKA
465364,2026-03-19T17:43:41.554990+00:00,normalized_city,,CELJE
465364,2026-03-19T17:43:41.554990+00:00,normalized_region,,SAVINJSKA
465329,2026-03-19T17:43:41.554990+00:00,normalized_city,,BREŽICE
465329,2026-03-19T17:43:41.554990+00:00,normalized_region,,POSAVSKA
465194,2026-03-19T17:43:41.554990+00:00,normalized_city,,LJUBLJANA
465194,2026-03-19T17:43:41.554990+00:00,normalized_region,,OSREDNJESLOVENSKA
465190,2026-03-19T17:43:41.554990+00:00,normalized_city,,LJUBLJANA
465190,2026-03-19T17:43:41.554990+00:00,normalized_region,,OSREDNJESLOVENSKA
465135,2026-03-19T17:43:41.554990+00:00,normalized_city,,ANKARAN/ANCARANO
465135,2026-03-19T17:43:41.554990+00:00,normalized_region,,OBALNO-KRAŠKA
465103,2026-03-19T17:43:41.554990+00:00,normalized_city,,ŠENČUR
465103,2026-03-19T17:43:41.554990+00:00,normalized_region,,GORENJSKA
465094,2026-03-19T17:43:41.554990+00:00,normalized_city,,IVANČNA GORICA
465094,2026-03-19T17:43:41.554990+00:00,normalized_region,,OSREDNJESLOVENSKA
465078,2026-03-19T17:43:41.554990+00:00,normalized_city,,LJUBLJANA
465078,2026-03-19T17:43:41.554990+00:00,normalized_region,,OSREDNJESLOVENSKA
465038,2026-03-19T17:43:41.554990+00:00,normalized_city,,TEHARJE
465038,2026-03-19T17:43:41.554990+00:00,normalized_region,,SAVINJSKA
465009,2026-03-19T17:43:41.554990+00:00,normalized_city,,NAKLO
465009,2026-03-19T17:43:41.554990+00:00,normalized_region,,JUGOVZHODNA SLOVENIJA
464998,2026-03-19T17:43:41.554990+00:00,normalized_city,,ZBILJE
464998,2026-03-19T17:43:41.554990+00:00,normalized_region,,OSREDNJESLOVENSKA
464988,2026-03-19T17:43:41.554990+00:00,normalized_city,,KAMNIK
464988,2026-03-19T17:43:41.554990+00:00,normalized_region,,OSREDNJESLOVENSKA
464941,2026-03-19T17:43:41.554990+00:00,subtitle,,DELO V RESTAVRACIJI S HITRO PREHRANO
464941,2026-03-19T17:43:41.554990+00:00,normalized_city,,KRANJ
464941,2026-03-19T17:43:41.554990+00:00,normalized_region,,GORENJSKA
464940,2026-03-19T17:43:41.554990+00:00,subtitle,,DELO V RESTAVRACIJI S HITRO PREHRANO
464940,2026-03-19T17:43:41.554990+00:00,normalized_city,,KRANJ
464940,2026-03-19T17:43:41.554990+00:00,normalized_region,,GORENJSKA
464939,2026-03-19T17:43:41.554990+00:00,subtitle,,DELO V RESTAVRACIJI S HITRO PREHRANO
464939,2026-03-19T17:43:41.554990+00:00,normalized_city,,KRANJ
464939,2026-03-19T17:43:41.554990+00:00,normalized_region,,GORENJSKA
464882,2026-03-19T17:43:41.554990+00:00,normalized_city,,KRANJ
464882,2026-03-19T17:43:41.554990+00:00,normalized_region,,GORENJSKA
464846,2026-03-19T17:43:41.554990+00:00,normalized_city,,MENGEŠ
464846,2026-03-19T17:43:41.554990+00:00,normalized_region,,OSREDNJESLOVENSKA
464802,2026-03-19T17:43:41.554990+00:00,normalized_city,,LJUBLJANA
464802,2026-03-19T17:43:41.554990+00:00,normalized_region,,OSREDNJESLOVENSKA
464785,2026-03-19T17:43:41.554990+00:00,normalized_city,,ANKARAN/ANCARANO
464785,2026-03-19T17:43:41.554990+00:00,normalized_region,,OBALNO-KRAŠKA
464775,2026-03-19T17:43:41.554990+00:00,normalized_city,,DRAVOGRAD
464775,2026-03-19T17:43:41.554990+00:00,normalized_region,,KOROŠKA
464774,2026-03-19T17:43:41.554990+00:00,normalized_city,,SEŽANA
464774,2026-03-19T17:43:41.554990+00:00,normalized_region,,OBALNO-KRAŠKA
464773,2026-03-19T17:43:41.554990+00:00,normalized_city,,NOVA GORICA
464773,2026-03-19T17:43:41.554990+00:00,normalized_region,,GORIŠKA
464772,2026-03-19T17:43:41.554990+00:00,normalized_city,,MURSKA SOBOTA
464772,2026-03-19T17:43:41.554990+00:00,normalized_region,,POMURSKA
464771,2026-03-19T17:43:41.554990+00:00,normalized_city,,JESENICE
464771,2026-03-19T17:43:41.554990+00:00,normalized_region,,GORENJSKA
464770,2026-03-19T17:43:41.554990+00:00,normalized_city,,ŠKOFJA LOKA
464770,2026-03-19T17:43:41.554990+00:00,normalized_region,,GORENJSKA
464768,2026-03-19T17:43:41.554990+00:00,normalized_city,,DOMŽALE
464768,2026-03-19T17:43:41.554990+00:00,normalized_region,,OSREDNJESLOVENSKA
464758,2026-03-19T17:43:41.554990+00:00,normalized_city,,RADENCI
464758,2026-03-19T17:43:41.554990+00:00,normalized_region,,POMURSKA
464724,2026-03-19T17:43:41.554990+00:00,normalized_city,,BOŠTANJ
464724,2026-03-19T17:43:41.554990+00:00,normalized_region,,POSAVSKA
464665,2026-03-19T17:43:41.554990+00:00,normalized_city,,LOGATEC
464665,2026-03-19T17:43:41.554990+00:00,normalized_region,,OSREDNJESLOVENSKA
464635,2026-03-19T17:43:41.554990+00:00,subtitle,,DELO V RESTAVRACIJI S HITRO PREHRANO
464635,2026-03-19T17:43:41.554990+00:00,normalized_city,,VELENJE
464635,2026-03-19T17:43:41.554990+00:00,normalized_region,,SAVINJSKA
464632,2026-03-19T17:43:41.554990+00:00,subtitle,,DELO V RESTAVRACIJI S HITRO PREHRANO
464632,2026-03-19T17:43:41.554990+00:00,normalized_city,,VELENJE
464632,2026-03-19T17:43:41.554990+00:00,normalized_region,,SAVINJSKA
464617,2026-03-19T17:43:41.554990+00:00,normalized_city,,LOGATEC
464617,2026-03-19T17:43:41.554990+00:00,normalized_region,,OSREDNJESLOVENSKA
464612,2026-03-19T17:43:41.554990+00:00,normalized_city,,KOZINA
464612,2026-03-19T17:43:41.554990+00:00,normalized_region,,OBALNO-KRAŠKA
464576,2026-03-19T17:43:41.554990+00:00,normalized_city,,IHAN
464576,2026-03-19T17:43:41.554990+00:00,normalized_region,,OSREDNJESLOVENSKA
464567,2026-03-19T17:43:41.554990+00:00,normalized_city,,KRANJSKA GORA
464567,2026-03-19T17:43:41.554990+00:00,normalized_region,,GORENJSKA
464565,2026-03-19T17:43:41.554990+00:00,normalized_city,,KRANJ
464565,2026-03-19T17:43:41.554990+00:00,normalized_region,,GORENJSKA
464552,2026-03-19T17:43:41.554990+00:00,normalized_city,,NAZARJE
464552,2026-03-19T17:43:41.554990+00:00,normalized_region,,SAVINJSKA
464531,2026-03-19T17:43:41.554990+00:00,normalized_city,,MIRNA
464531,2026-03-19T17:43:41.554990+00:00,normalized_region,,JUGOVZHODNA SLOVENIJA
464474,2026-03-19T17:43:41.554990+00:00,normalized_city,,MARIBOR
464474,2026-03-19T17:43:41.554990+00:00,normalized_region,,PODRAVSKA
464473,2026-03-19T17:43:41.554990+00:00,normalized_city,,KRANJ
464473,2026-03-19T17:43:41.554990+00:00,normalized_region,,GORENJSKA
464424,2026-03-19T17:43:41.554990+00:00,subtitle,,DELO V RESTAVRACIJI S HITRO PREHRANO
464424,2026-03-19T17:43:41.554990+00:00,normalized_city,,LJUBLJANA
464424,2026-03-19T17:43:41.554990+00:00,normalized_region,,OSREDNJESLOVENSKA
464423,2026-03-19T17:43:41.554990+00:00,normalized_city,,RADEČE
464423,2026-03-19T17:43:41.554990+00:00,normalized_region,,POSAVSKA
464422,2026-03-19T17:43:41.554990+00:00,subtitle,BLAGAJNIK,DELO V RESTAVRACIJI S HITRO PREHRANO
464422,2026-03-19T17:43:41.554990+00:00,normalized_city,,LJUBLJANA
464422,2026-03-19T17:43:41.554990+00:00,normalized_region,,OSREDNJESLOVENSKA
464419,2026-03-19T17:43:41.554990+00:00,normalized_city,,MURSKA SOBOTA
464419,2026-03-19T17:43:41.554990+00:00,normalized_region,,POMURSKA
464418,2026-03-19T17:43:41.554990+00:00,normalized_city,,MARIBOR
464418,2026-03-19T17:43:41.554990+00:00,normalized_region,,PODRAVSKA
464414,2026-03-19T17:43:41.554990+00:00,normalized_city,,ŽIRI
464414,2026-03-19T17:43:41.554990+00:00,normalized_region,,GORENJSKA
464392,2026-03-19T17:43:41.554990+00:00,normalized_city,,LJUBLJANA
464392,2026-03-19T17:43:41.554990+00:00,normalized_region,,OSREDNJESLOVENSKA
464381,2026-03-19T17:43:41.554990+00:00,normalized_city,,LJUBLJANA
464381,2026-03-19T17:43:41.554990+00:00,normalized_region,,OSREDNJESLOVENSKA
464365,2026-03-19T17:43:41.554990+00:00,normalized_city,,IVANČNA GORICA
464365,2026-03-19T17:43:41.554990+00:00,normalized_region,,OSREDNJESLOVENSKA
464325,2026-03-19T17:43:41.554990+00:00,normalized_city,,LJUBLJANA
464325,2026-03-19T17:43:41.554990+00:00,normalized_region,,OSREDNJESLOVENSKA
464315,2026-03-19T17:43:41.554990+00:00,normalized_city,,KRANJSKA GORA
464315,2026-03-19T17:43:41.554990+00:00,normalized_region,,GORENJSKA
464293,2026-03-19T17:43:41.554990+00:00,normalized_city,,LJUBLJANA
464293,2026-03-19T17:43:41.554990+00:00,normalized_region,,OSREDNJESLOVENSKA
464287,2026-03-19T17:43:41.554990+00:00,normalized_city,,BLED
464287,2026-03-19T17:43:41.554990+00:00,normalized_region,,GORENJSKA
464233,2026-03-19T17:43:41.554990+00:00,normalized_city,,LJUBLJANA
464233,2026-03-19T17:43:41.554990+00:00,normalized_region,,OSREDNJESLOVENSKA
464230,2026-03-19T17:43:41.554990+00:00,normalized_city,,KRŠKO
464230,2026-03-19T17:43:41.554990+00:00,normalized_region,,POSAVSKA
464189,2026-03-19T17:43:41.554990+00:00,normalized_city,,JARŠE
464189,2026-03-19T17:43:41.554990+00:00,normalized_region,,ZASAVSKA
464111,2026-03-19T17:43:41.554990+00:00,normalized_city,,ZAGORJE
464111,2026-03-19T17:43:41.554990+00:00,normalized_region,,PODRAVSKA
464110,2026-03-19T17:43:41.554990+00:00,normalized_city,,LJUBLJANA
464110,2026-03-19T17:43:41.554990+00:00,normalized_region,,OSREDNJESLOVENSKA
464100,2026-03-19T17:43:41.554990+00:00,normalized_city,,TRNOVSKA VAS
464100,2026-03-19T17:43:41.554990+00:00,normalized_region,,PODRAVSKA
464034,2026-03-19T17:43:41.554990+00:00,normalized_city,,CERKNICA
464034,2026-03-19T17:43:41.554990+00:00,normalized_region,,PRIMORSKO-NOTRANJSKA
464027,2026-03-19T17:43:41.554990+00:00,normalized_city,,LJUBLJANA
464027,2026-03-19T17:43:41.554990+00:00,normalized_region,,OSREDNJESLOVENSKA
464007,2026-03-19T17:43:41.554990+00:00,normalized_city,,TRŽIČ
464007,2026-03-19T17:43:41.554990+00:00,normalized_region,,GORENJSKA
464001,2026-03-19T17:43:41.554990+00:00,normalized_city,,SLOVENSKA BISTRICA
464001,2026-03-19T17:43:41.554990+00:00,normalized_region,,PODRAVSKA
463997,2026-03-19T17:43:41.554990+00:00,normalized_city,,KRANJ
463997,2026-03-19T17:43:41.554990+00:00,normalized_region,,GORENJSKA
463961,2026-03-19T17:43:41.554990+00:00,normalized_city,,LJUBLJANA
463961,2026-03-19T17:43:41.554990+00:00,normalized_region,,OSREDNJESLOVENSKA
463893,2026-03-19T17:43:41.554990+00:00,normalized_city,,TOLMIN
463893,2026-03-19T17:43:41.554990+00:00,normalized_region,,GORIŠKA
463818,2026-03-19T17:43:41.554990+00:00,normalized_city,,KAMNIK
463818,2026-03-19T17:43:41.554990+00:00,normalized_region,,OSREDNJESLOVENSKA
463814,2026-03-19T17:43:41.554990+00:00,normalized_city,,PODPEČ
463814,2026-03-19T17:43:41.554990+00:00,normalized_region,,OBALNO-KRAŠKA
463806,2026-03-19T17:43:41.554990+00:00,normalized_city,,BREZOVICA
463806,2026-03-19T17:43:41.554990+00:00,normalized_region,,JUGOVZHODNA SLOVENIJA
463794,2026-03-19T17:43:41.554990+00:00,normalized_city,,LJUBLJANA
463794,2026-03-19T17:43:41.554990+00:00,normalized_region,,OSREDNJESLOVENSKA
463751,2026-03-19T17:43:41.554990+00:00,normalized_city,,KRANJSKA GORA
463751,2026-03-19T17:43:41.554990+00:00,normalized_region,,GORENJSKA
463708,2026-03-19T17:43:41.554990+00:00,normalized_city,,DOMŽALE
463708,2026-03-19T17:43:41.554990+00:00,normalized_region,,OSREDNJESLOVENSKA
463647,2026-03-19T17:43:41.554990+00:00,normalized_city,,ŠKOFJA LOKA
463647,2026-03-19T17:43:41.554990+00:00,normalized_region,,GORENJSKA
463646,2026-03-19T17:43:41.554990+00:00,normalized_city,,TRŽIČ
463646,2026-03-19T17:43:41.554990+00:00,normalized_region,,GORENJSKA
463645,2026-03-19T17:43:41.554990+00:00,normalized_city,,TRŽIČ
463645,2026-03-19T17:43:41.554990+00:00,normalized_region,,GORENJSKA
463638,2026-03-19T17:43:41.554990+00:00,normalized_city,,LESCE
463638,2026-03-19T17:43:41.554990+00:00,normalized_region,,GORENJSKA
463637,2026-03-19T17:43:41.554990+00:00,normalized_city,,RADOVLJICA
463637,2026-03-19T17:43:41.554990+00:00,normalized_region,,GORENJSKA
463635,2026-03-19T17:43:41.554990+00:00,normalized_city,,ŽIROVNICA
463635,2026-03-19T17:43:41.554990+00:00,normalized_region,,GORENJSKA
463629,2026-03-19T17:43:41.554990+00:00,normalized_city,,KRANJSKA GORA
463629,2026-03-19T17:43:41.554990+00:00,normalized_region,,GORENJSKA
463589,2026-03-19T17:43:41.554990+00:00,normalized_city,,LJUBLJANA
463589,2026-03-19T17:43:41.554990+00:00,normalized_region,,OSREDNJESLOVENSKA
463556,2026-03-19T17:43:41.554990+00:00,normalized_city,,LJUBLJANA
463556,2026-03-19T17:43:41.554990+00:00,normalized_region,,OSREDNJESLOVENSKA
463554,2026-03-19T17:43:41.554990+00:00,normalized_city,,MENGEŠ
463554,2026-03-19T17:43:41.554990+00:00,normalized_region,,OSREDNJESLOVENSKA
463553,2026-03-19T17:43:41.554990+00:00,normalized_city,,SLOVENSKA BISTRICA
463553,2026-03-19T17:43:41.554990+00:00,normalized_region,,PODRAVSKA
463551,2026-03-19T17:43:41.554990+00:00,normalized_city,,DOMŽALE
463551,2026-03-19T17:43:41.554990+00:00,normalized_region,,OSREDNJESLOVENSKA
463550,2026-03-19T17:43:41.554990+00:00,normalized_city,,TRZIN
463550,2026-03-19T17:43:41.554990+00:00,normalized_region,,OSREDNJESLOVENSKA
463548,2026-03-19T17:43:41.554990+00:00,normalized_city,,MENGEŠ
463548,2026-03-19T17:43:41.554990+00:00,normalized_region,,OSREDNJESLOVENSKA
463546,2026-03-19T17:43:41.554990+00:00,normalized_city,,KAMNIK
463546,2026-03-19T17:43:41.554990+00:00,normalized_region,,OSREDNJESLOVENSKA
463542,2026-03-19T17:43:41.554990+00:00,normalized_city,,DOMŽALE
463542,2026-03-19T17:43:41.554990+00:00,normalized_region,,OSREDNJESLOVENSKA
463540,2026-03-19T17:43:41.554990+00:00,normalized_city,,DOMŽALE
463540,2026-03-19T17:43:41.554990+00:00,normalized_region,,OSREDNJESLOVENSKA
463519,2026-03-19T17:43:41.554990+00:00,normalized_city,,ŠKOFJA LOKA
463519,2026-03-19T17:43:41.554990+00:00,normalized_region,,GORENJSKA
463515,2026-03-19T17:43:41.554990+00:00,normalized_city,,KRANJ
463515,2026-03-19T17:43:41.554990+00:00,normalized_region,,GORENJSKA
463483,2026-03-19T17:43:41.554990+00:00,normalized_city,,VISOKO
463483,2026-03-19T17:43:41.554990+00:00,normalized_region,,GORENJSKA
463482,2026-03-19T17:43:41.554990+00:00,normalized_city,,ŠENČUR
463482,2026-03-19T17:43:41.554990+00:00,normalized_region,,GORENJSKA
463475,2026-03-19T17:43:41.554990+00:00,normalized_city,,ŽIROVNICA
463475,2026-03-19T17:43:41.554990+00:00,normalized_region,,GORENJSKA
463473,2026-03-19T17:43:41.554990+00:00,normalized_city,,BEGUNJE NA GORENJSKEM
463473,2026-03-19T17:43:41.554990+00:00,normalized_region,,GORENJSKA
463467,2026-03-19T17:43:41.554990+00:00,normalized_city,,JESENICE
463467,2026-03-19T17:43:41.554990+00:00,normalized_region,,GORENJSKA
463463,2026-03-19T17:43:41.554990+00:00,normalized_city,,JESENICE
463463,2026-03-19T17:43:41.554990+00:00,normalized_region,,GORENJSKA
463456,2026-03-19T17:43:41.554990+00:00,normalized_city,,GOLNIK
463456,2026-03-19T17:43:41.554990+00:00,normalized_region,,GORENJSKA
463440,2026-03-19T17:43:41.554990+00:00,normalized_city,,METLIKA
463440,2026-03-19T17:43:41.554990+00:00,normalized_region,,JUGOVZHODNA SLOVENIJA
463436,2026-03-19T17:43:41.554990+00:00,normalized_city,,JESENICE
463436,2026-03-19T17:43:41.554990+00:00,normalized_region,,GORENJSKA
463432,2026-03-19T17:43:41.554990+00:00,normalized_city,,LESCE
463432,2026-03-19T17:43:41.554990+00:00,normalized_region,,GORENJSKA
463430,2026-03-19T17:43:41.554990+00:00,normalized_city,,KRANJ
463430,2026-03-19T17:43:41.554990+00:00,normalized_region,,GORENJSKA
463429,2026-03-19T17:43:41.554990+00:00,normalized_city,,PODNART
463429,2026-03-19T17:43:41.554990+00:00,normalized_region,,GORENJSKA
463428,2026-03-19T17:43:41.554990+00:00,normalized_city,,TRŽIČ
463428,2026-03-19T17:43:41.554990+00:00,normalized_region,,GORENJSKA
463427,2026-03-19T17:43:41.554990+00:00,normalized_city,,TRŽIČ
463427,2026-03-19T17:43:41.554990+00:00,normalized_region,,GORENJSKA
463424,2026-03-19T17:43:41.554990+00:00,normalized_city,,KRIŽE
463424,2026-03-19T17:43:41.554990+00:00,normalized_region,,GORENJSKA
463423,2026-03-19T17:43:41.554990+00:00,normalized_city,,NAKLO
463423,2026-03-19T17:43:41.554990+00:00,normalized_region,,JUGOVZHODNA SLOVENIJA
463421,2026-03-19T17:43:41.554990+00:00,normalized_city,,GOLNIK
463421,2026-03-19T17:43:41.554990+00:00,normalized_region,,GORENJSKA
463420,2026-03-19T17:43:41.554990+00:00,normalized_city,,KRANJ
463420,2026-03-19T17:43:41.554990+00:00,normalized_region,,GORENJSKA
463419,2026-03-19T17:43:41.554990+00:00,normalized_city,,KRANJ
463419,2026-03-19T17:43:41.554990+00:00,normalized_region,,GORENJSKA
463417,2026-03-19T17:43:41.554990+00:00,normalized_city,,TRŽIČ
463417,2026-03-19T17:43:41.554990+00:00,normalized_region,,GORENJSKA
463414,2026-03-19T17:43:41.554990+00:00,normalized_city,,BLANCA
463414,2026-03-19T17:43:41.554990+00:00,normalized_region,,POSAVSKA
463411,2026-03-19T17:43:41.554990+00:00,normalized_city,,MOJSTRANA
463411,2026-03-19T17:43:41.554990+00:00,normalized_region,,GORENJSKA
463410,2026-03-19T17:43:41.554990+00:00,normalized_city,,MOJSTRANA
463410,2026-03-19T17:43:41.554990+00:00,normalized_region,,GORENJSKA
463408,2026-03-19T17:43:41.554990+00:00,normalized_city,,KRANJSKA GORA
463408,2026-03-19T17:43:41.554990+00:00,normalized_region,,GORENJSKA
463402,2026-03-19T17:43:41.554990+00:00,normalized_city,,KRANJSKA GORA
463402,2026-03-19T17:43:41.554990+00:00,normalized_region,,GORENJSKA
463401,2026-03-19T17:43:41.554990+00:00,normalized_city,,PTUJ
463401,2026-03-19T17:43:41.554990+00:00,normalized_region,,PODRAVSKA
463326,2026-03-19T17:43:41.554990+00:00,normalized_city,,LJUBLJANA
463326,2026-03-19T17:43:41.554990+00:00,normalized_region,,OSREDNJESLOVENSKA
463314,2026-03-19T17:43:41.554990+00:00,normalized_city,,LJUBLJANA
463314,2026-03-19T17:43:41.554990+00:00,normalized_region,,OSREDNJESLOVENSKA
463312,2026-03-19T17:43:41.554990+00:00,normalized_city,,LJUBLJANA
463312,2026-03-19T17:43:41.554990+00:00,normalized_region,,OSREDNJESLOVENSKA
463311,2026-03-19T17:43:41.554990+00:00,normalized_city,,LJUBLJANA
463311,2026-03-19T17:43:41.554990+00:00,normalized_region,,OSREDNJESLOVENSKA
463310,2026-03-19T17:43:41.554990+00:00,normalized_city,,LJUBLJANA
463310,2026-03-19T17:43:41.554990+00:00,normalized_region,,OSREDNJESLOVENSKA
463308,2026-03-19T17:43:41.554990+00:00,normalized_city,,IZOLA/ISOLA
463308,2026-03-19T17:43:41.554990+00:00,normalized_region,,OBALNO-KRAŠKA
463230,2026-03-19T17:43:41.554990+00:00,normalized_city,,VELENJE
463230,2026-03-19T17:43:41.554990+00:00,normalized_region,,SAVINJSKA
463213,2026-03-19T17:43:41.554990+00:00,normalized_city,,KAMNIK
463213,2026-03-19T17:43:41.554990+00:00,normalized_region,,OSREDNJESLOVENSKA
463189,2026-03-19T17:43:41.554990+00:00,normalized_city,,HORJUL
463189,2026-03-19T17:43:41.554990+00:00,normalized_region,,OSREDNJESLOVENSKA
463186,2026-03-19T17:43:41.554990+00:00,normalized_city,,KRANJ
463186,2026-03-19T17:43:41.554990+00:00,normalized_region,,GORENJSKA
463139,2026-03-19T17:43:41.554990+00:00,normalized_city,,LJUBLJANA
463139,2026-03-19T17:43:41.554990+00:00,normalized_region,,OSREDNJESLOVENSKA
463100,2026-03-19T17:43:41.554990+00:00,normalized_city,,NOVO MESTO
463100,2026-03-19T17:43:41.554990+00:00,normalized_region,,JUGOVZHODNA SLOVENIJA
463070,2026-03-19T17:43:41.554990+00:00,normalized_city,,KAMNIK
463070,2026-03-19T17:43:41.554990+00:00,normalized_region,,OSREDNJESLOVENSKA
463060,2026-03-19T17:43:41.554990+00:00,normalized_city,,KRANJSKA GORA
463060,2026-03-19T17:43:41.554990+00:00,normalized_region,,GORENJSKA
463059,2026-03-19T17:43:41.554990+00:00,normalized_city,,IDRIJA
463059,2026-03-19T17:43:41.554990+00:00,normalized_region,,GORIŠKA
463037,2026-03-19T17:43:41.554990+00:00,normalized_city,,LJUBLJANA
463037,2026-03-19T17:43:41.554990+00:00,normalized_region,,OSREDNJESLOVENSKA
462912,2026-03-19T17:43:41.554990+00:00,normalized_city,,KOPER/CAPODISTRIA
462912,2026-03-19T17:43:41.554990+00:00,normalized_region,,OBALNO-KRAŠKA
462895,2026-03-19T17:43:41.554990+00:00,normalized_city,,LJUBLJANA
462895,2026-03-19T17:43:41.554990+00:00,normalized_region,,OSREDNJESLOVENSKA
462894,2026-03-19T17:43:41.554990+00:00,normalized_city,,LJUBLJANA
462894,2026-03-19T17:43:41.554990+00:00,normalized_region,,OSREDNJESLOVENSKA
462841,2026-03-19T17:43:41.554990+00:00,normalized_city,,LJUBLJANA
462841,2026-03-19T17:43:41.554990+00:00,normalized_region,,OSREDNJESLOVENSKA
462781,2026-03-19T17:43:41.554990+00:00,normalized_city,,MEDVODE
462781,2026-03-19T17:43:41.554990+00:00,normalized_region,,OSREDNJESLOVENSKA
462780,2026-03-19T17:43:41.554990+00:00,normalized_city,,LAŠKO
462780,2026-03-19T17:43:41.554990+00:00,normalized_region,,SAVINJSKA
462690,2026-03-19T17:43:41.554990+00:00,normalized_city,,ŽALEC
462690,2026-03-19T17:43:41.554990+00:00,normalized_region,,SAVINJSKA
462660,2026-03-19T17:43:41.554990+00:00,normalized_city,,ŽIROVNICA
462660,2026-03-19T17:43:41.554990+00:00,normalized_region,,GORENJSKA
462588,2026-03-19T17:43:41.554990+00:00,normalized_city,,LJUBLJANA
462588,2026-03-19T17:43:41.554990+00:00,normalized_region,,OSREDNJESLOVENSKA
462587,2026-03-19T17:43:41.554990+00:00,normalized_city,,LJUBLJANA
462587,2026-03-19T17:43:41.554990+00:00,normalized_region,,OSREDNJESLOVENSKA
462551,2026-03-19T17:43:41.554990+00:00,normalized_city,,LJUBLJANA
462551,2026-03-19T17:43:41.554990+00:00,normalized_region,,OSREDNJESLOVENSKA
462512,2026-03-19T17:43:41.554990+00:00,normalized_city,,VIDEM
462512,2026-03-19T17:43:41.554990+00:00,normalized_region,,POSAVSKA
462496,2026-03-19T17:43:41.554990+00:00,normalized_city,,LJUBLJANA
462496,2026-03-19T17:43:41.554990+00:00,normalized_region,,OSREDNJESLOVENSKA
462361,2026-03-19T17:43:41.554990+00:00,normalized_city,,TRŽIČ
462361,2026-03-19T17:43:41.554990+00:00,normalized_region,,GORENJSKA
462314,2026-03-19T17:43:41.554990+00:00,normalized_city,,PONIKVA
462314,2026-03-19T17:43:41.554990+00:00,normalized_region,,SAVINJSKA
462242,2026-03-19T17:43:41.554990+00:00,normalized_city,,KOPER/CAPODISTRIA
462242,2026-03-19T17:43:41.554990+00:00,normalized_region,,OBALNO-KRAŠKA
462123,2026-03-19T17:43:41.554990+00:00,normalized_city,,DOMŽALE
462123,2026-03-19T17:43:41.554990+00:00,normalized_region,,OSREDNJESLOVENSKA
462086,2026-03-19T17:43:41.554990+00:00,normalized_city,,GORNJA RADGONA
462086,2026-03-19T17:43:41.554990+00:00,normalized_region,,POMURSKA
462070,2026-03-19T17:43:41.554990+00:00,normalized_city,,ŠKOFJA VAS
462070,2026-03-19T17:43:41.554990+00:00,normalized_region,,SAVINJSKA
461967,2026-03-19T17:43:41.554990+00:00,normalized_region,,OBALNO-KRAŠKA
461946,2026-03-19T17:43:41.554990+00:00,normalized_city,,LJUBLJANA
461946,2026-03-19T17:43:41.554990+00:00,normalized_region,,OSREDNJESLOVENSKA
461940,2026-03-19T17:43:41.554990+00:00,normalized_city,,LJUBLJANA
461940,2026-03-19T17:43:41.554990+00:00,normalized_region,,OSREDNJESLOVENSKA
461895,2026-03-19T17:43:41.554990+00:00,normalized_city,,LJUBLJANA
461895,2026-03-19T17:43:41.554990+00:00,normalized_region,,OSREDNJESLOVENSKA
461892,2026-03-19T17:43:41.554990+00:00,normalized_city,,VUZENICA
461892,2026-03-19T17:43:41.554990+00:00,normalized_region,,KOROŠKA
461883,2026-03-19T17:43:41.554990+00:00,normalized_city,,RADOVLJICA
461883,2026-03-19T17:43:41.554990+00:00,normalized_region,,GORENJSKA
461882,2026-03-19T17:43:41.554990+00:00,normalized_city,,RADOVLJICA
461882,2026-03-19T17:43:41.554990+00:00,normalized_region,,GORENJSKA
461808,2026-03-19T17:43:41.554990+00:00,normalized_city,,SOLČAVA
461808,2026-03-19T17:43:41.554990+00:00,normalized_region,,SAVINJSKA
461806,2026-03-19T17:43:41.554990+00:00,normalized_city,,SOLČAVA
461806,2026-03-19T17:43:41.554990+00:00,normalized_region,,SAVINJSKA
461800,2026-03-19T17:43:41.554990+00:00,normalized_city,,BREZJE
461800,2026-03-19T17:43:41.554990+00:00,normalized_region,,ZASAVSKA
461760,2026-03-19T17:43:41.554990+00:00,normalized_city,,MARIBOR
461760,2026-03-19T17:43:41.554990+00:00,normalized_region,,PODRAVSKA
461728,2026-03-19T17:43:41.554990+00:00,normalized_city,,PTUJ
461728,2026-03-19T17:43:41.554990+00:00,normalized_region,,PODRAVSKA
461723,2026-03-19T17:43:41.554990+00:00,normalized_city,,LIPICA
461723,2026-03-19T17:43:41.554990+00:00,normalized_region,,GORENJSKA
461700,2026-03-19T17:43:41.554990+00:00,normalized_city,,LIPICA
461700,2026-03-19T17:43:41.554990+00:00,normalized_region,,GORENJSKA
461679,2026-03-19T17:43:41.554990+00:00,normalized_city,,CELJE
461679,2026-03-19T17:43:41.554990+00:00,normalized_region,,SAVINJSKA
461621,2026-03-19T17:43:41.554990+00:00,normalized_city,,LJUBLJANA
461621,2026-03-19T17:43:41.554990+00:00,normalized_region,,OSREDNJESLOVENSKA
461508,2026-03-19T17:43:41.554990+00:00,normalized_city,,DEKANI
461508,2026-03-19T17:43:41.554990+00:00,normalized_region,,OBALNO-KRAŠKA
461493,2026-03-19T17:43:41.554990+00:00,normalized_city,,KRANJ
461493,2026-03-19T17:43:41.554990+00:00,normalized_region,,GORENJSKA
461402,2026-03-19T17:43:41.554990+00:00,normalized_city,,DOMŽALE
461402,2026-03-19T17:43:41.554990+00:00,normalized_region,,OSREDNJESLOVENSKA
461398,2026-03-19T17:43:41.554990+00:00,normalized_city,,LEVEC
461398,2026-03-19T17:43:41.554990+00:00,normalized_region,,SAVINJSKA
461340,2026-03-19T17:43:41.554990+00:00,normalized_city,,LJUBLJANA
461340,2026-03-19T17:43:41.554990+00:00,normalized_region,,OSREDNJESLOVENSKA
461338,2026-03-19T17:43:41.554990+00:00,normalized_city,,KRANJSKA GORA
461338,2026-03-19T17:43:41.554990+00:00,normalized_region,,GORENJSKA
461280,2026-03-19T17:43:41.554990+00:00,normalized_city,,POLJČANE
461280,2026-03-19T17:43:41.554990+00:00,normalized_region,,PODRAVSKA
461238,2026-03-19T17:43:41.554990+00:00,normalized_city,,LJUBLJANA
461238,2026-03-19T17:43:41.554990+00:00,normalized_region,,OSREDNJESLOVENSKA
461223,2026-03-19T17:43:41.554990+00:00,normalized_city,,ŠKOFJA LOKA
461223,2026-03-19T17:43:41.554990+00:00,normalized_region,,GORENJSKA
461189,2026-03-19T17:43:41.554990+00:00,normalized_city,,PREBOLD
461189,2026-03-19T17:43:41.554990+00:00,normalized_region,,SAVINJSKA
461142,2026-03-19T17:43:41.554990+00:00,normalized_city,,DOMŽALE
461142,2026-03-19T17:43:41.554990+00:00,normalized_region,,OSREDNJESLOVENSKA
461100,2026-03-19T17:43:41.554990+00:00,normalized_city,,BREG
461100,2026-03-19T17:43:41.554990+00:00,normalized_region,,GORENJSKA
460987,2026-03-19T17:43:41.554990+00:00,normalized_city,,RIBNICA
460987,2026-03-19T17:43:41.554990+00:00,normalized_region,,JUGOVZHODNA SLOVENIJA
460986,2026-03-19T17:43:41.554990+00:00,normalized_city,,RIBNICA
460986,2026-03-19T17:43:41.554990+00:00,normalized_region,,JUGOVZHODNA SLOVENIJA
460836,2026-03-19T17:43:41.554990+00:00,normalized_city,,CELJE
460836,2026-03-19T17:43:41.554990+00:00,normalized_region,,SAVINJSKA
460654,2026-03-19T17:43:41.554990+00:00,normalized_city,,LJUBLJANA
460654,2026-03-19T17:43:41.554990+00:00,normalized_region,,OSREDNJESLOVENSKA
460653,2026-03-19T17:43:41.554990+00:00,normalized_city,,LJUBLJANA
460653,2026-03-19T17:43:41.554990+00:00,normalized_region,,OSREDNJESLOVENSKA
460540,2026-03-19T17:43:41.554990+00:00,normalized_city,,LJUBLJANA
460540,2026-03-19T17:43:41.554990+00:00,normalized_region,,OSREDNJESLOVENSKA
460319,2026-03-19T17:43:41.554990+00:00,normalized_city,,LJUBLJANA
460319,2026-03-19T17:43:41.554990+00:00,normalized_region,,OSREDNJESLOVENSKA
460237,2026-03-19T17:43:41.554990+00:00,normalized_city,,LJUBLJANA
460237,2026-03-19T17:43:41.554990+00:00,normalized_region,,OSREDNJESLOVENSKA
460210,2026-03-19T17:43:41.554990+00:00,normalized_city,,LJUBLJANA
460210,2026-03-19T17:43:41.554990+00:00,normalized_region,,OSREDNJESLOVENSKA
460206,2026-03-19T17:43:41.554990+00:00,normalized_city,,SLOVENJ GRADEC
460206,2026-03-19T17:43:41.554990+00:00,normalized_region,,KOROŠKA
460033,2026-03-19T17:43:41.554990+00:00,normalized_city,,PIRAN/PIRANO
460033,2026-03-19T17:43:41.554990+00:00,normalized_region,,OBALNO-KRAŠKA
459997,2026-03-19T17:43:41.554990+00:00,normalized_city,,ŠMARJEŠKE TOPLICE
459997,2026-03-19T17:43:41.554990+00:00,normalized_region,,JUGOVZHODNA SLOVENIJA
459964,2026-03-19T17:43:41.554990+00:00,normalized_city,,MARIBOR
459964,2026-03-19T17:43:41.554990+00:00,normalized_region,,PODRAVSKA
459948,2026-03-19T17:43:41.554990+00:00,normalized_city,,LJUBLJANA
459948,2026-03-19T17:43:41.554990+00:00,normalized_region,,OSREDNJESLOVENSKA
459918,2026-03-19T17:43:41.554990+00:00,normalized_city,,VELENJE
459918,2026-03-19T17:43:41.554990+00:00,normalized_region,,SAVINJSKA
459914,2026-03-19T17:43:41.554990+00:00,normalized_city,,LJUBLJANA
459914,2026-03-19T17:43:41.554990+00:00,normalized_region,,OSREDNJESLOVENSKA
459763,2026-03-19T17:43:41.554990+00:00,normalized_city,,MARIBOR
459763,2026-03-19T17:43:41.554990+00:00,normalized_region,,PODRAVSKA
459652,2026-03-19T17:43:41.554990+00:00,normalized_city,,LJUBLJANA
459652,2026-03-19T17:43:41.554990+00:00,normalized_region,,OSREDNJESLOVENSKA
459587,2026-03-19T17:43:41.554990+00:00,normalized_city,,MURSKA SOBOTA
459587,2026-03-19T17:43:41.554990+00:00,normalized_region,,POMURSKA
459553,2026-03-19T17:43:41.554990+00:00,normalized_city,,LJUBLJANA
459553,2026-03-19T17:43:41.554990+00:00,normalized_region,,OSREDNJESLOVENSKA
459549,2026-03-19T17:43:41.554990+00:00,normalized_city,,VELENJE
459549,2026-03-19T17:43:41.554990+00:00,normalized_region,,SAVINJSKA
459548,2026-03-19T17:43:41.554990+00:00,normalized_city,,PORTOROŽ/PORTOROSE
459548,2026-03-19T17:43:41.554990+00:00,normalized_region,,OBALNO-KRAŠKA
459497,2026-03-19T17:43:41.554990+00:00,normalized_city,,LJUBLJANA
459497,2026-03-19T17:43:41.554990+00:00,normalized_region,,OSREDNJESLOVENSKA
459419,2026-03-19T17:43:41.554990+00:00,normalized_city,,HOČKO POHORJE
459419,2026-03-19T17:43:41.554990+00:00,normalized_region,,PODRAVSKA
459330,2026-03-19T17:43:41.554990+00:00,normalized_city,,LJUBLJANA
459330,2026-03-19T17:43:41.554990+00:00,normalized_region,,OSREDNJESLOVENSKA
459276,2026-03-19T17:43:41.554990+00:00,normalized_city,,VELIKE LAŠČE
459276,2026-03-19T17:43:41.554990+00:00,normalized_region,,OSREDNJESLOVENSKA
459267,2026-03-19T17:43:41.554990+00:00,normalized_city,,LJUBLJANA
459267,2026-03-19T17:43:41.554990+00:00,normalized_region,,OSREDNJESLOVENSKA
459249,2026-03-19T17:43:41.554990+00:00,normalized_city,,RADOMLJE
459249,2026-03-19T17:43:41.554990+00:00,normalized_region,,OSREDNJESLOVENSKA
459228,2026-03-19T17:43:41.554990+00:00,normalized_city,,LJUBLJANA
459228,2026-03-19T17:43:41.554990+00:00,normalized_region,,OSREDNJESLOVENSKA
459131,2026-03-19T17:43:41.554990+00:00,normalized_city,,LJUBLJANA
459131,2026-03-19T17:43:41.554990+00:00,normalized_region,,OSREDNJESLOVENSKA
459113,2026-03-19T17:43:41.554990+00:00,normalized_city,,LJUBLJANA
459113,2026-03-19T17:43:41.554990+00:00,normalized_region,,OSREDNJESLOVENSKA
459082,2026-03-19T17:43:41.554990+00:00,normalized_city,,ŠKOFJA LOKA
459082,2026-03-19T17:43:41.554990+00:00,normalized_region,,GORENJSKA
458992,2026-03-19T17:43:41.554990+00:00,normalized_city,,LJUBLJANA
458992,2026-03-19T17:43:41.554990+00:00,normalized_region,,OSREDNJESLOVENSKA
458987,2026-03-19T17:43:41.554990+00:00,normalized_city,,SEŽANA
458987,2026-03-19T17:43:41.554990+00:00,normalized_region,,OBALNO-KRAŠKA
458936,2026-03-19T17:43:41.554990+00:00,normalized_city,,GROSUPLJE
458936,2026-03-19T17:43:41.554990+00:00,normalized_region,,OSREDNJESLOVENSKA
458853,2026-03-19T17:43:41.554990+00:00,normalized_city,,PREBOLD
458853,2026-03-19T17:43:41.554990+00:00,normalized_region,,SAVINJSKA
458837,2026-03-19T17:43:41.554990+00:00,normalized_city,,LJUBLJANA
458837,2026-03-19T17:43:41.554990+00:00,normalized_region,,OSREDNJESLOVENSKA
458768,2026-03-19T17:43:41.554990+00:00,normalized_city,,LJUBLJANA
458768,2026-03-19T17:43:41.554990+00:00,normalized_region,,OSREDNJESLOVENSKA
458692,2026-03-19T17:43:41.554990+00:00,normalized_city,,KUZMA
458692,2026-03-19T17:43:41.554990+00:00,normalized_region,,POMURSKA
458611,2026-03-19T17:43:41.554990+00:00,normalized_city,,TRBOJE
458611,2026-03-19T17:43:41.554990+00:00,normalized_region,,GORENJSKA
458576,2026-03-19T17:43:41.554990+00:00,normalized_city,,LJUBLJANA
458576,2026-03-19T17:43:41.554990+00:00,normalized_region,,OSREDNJESLOVENSKA
458555,2026-03-19T17:43:41.554990+00:00,normalized_city,,ŽUŽEMBERK
458555,2026-03-19T17:43:41.554990+00:00,normalized_region,,JUGOVZHODNA SLOVENIJA
458537,2026-03-19T17:43:41.554990+00:00,normalized_city,,IZOLA/ISOLA
458537,2026-03-19T17:43:41.554990+00:00,normalized_region,,OBALNO-KRAŠKA
458334,2026-03-19T17:43:41.554990+00:00,normalized_city,,KRANJ
458334,2026-03-19T17:43:41.554990+00:00,normalized_region,,GORENJSKA
458148,2026-03-19T17:43:41.554990+00:00,normalized_city,,KOPER/CAPODISTRIA
458148,2026-03-19T17:43:41.554990+00:00,normalized_region,,OBALNO-KRAŠKA
457942,2026-03-19T17:43:41.554990+00:00,normalized_city,,BOŠTANJ
457942,2026-03-19T17:43:41.554990+00:00,normalized_region,,POSAVSKA
457931,2026-03-19T17:43:41.554990+00:00,normalized_city,,IZOLA/ISOLA
457931,2026-03-19T17:43:41.554990+00:00,normalized_region,,OBALNO-KRAŠKA
457746,2026-03-19T17:43:41.554990+00:00,normalized_city,,MARIBOR
457746,2026-03-19T17:43:41.554990+00:00,normalized_region,,PODRAVSKA
457745,2026-03-19T17:43:41.554990+00:00,normalized_city,,MARIBOR
457745,2026-03-19T17:43:41.554990+00:00,normalized_region,,PODRAVSKA
457744,2026-03-19T17:43:41.554990+00:00,normalized_city,,MARIBOR
457744,2026-03-19T17:43:41.554990+00:00,normalized_region,,PODRAVSKA
457743,2026-03-19T17:43:41.554990+00:00,normalized_city,,MARIBOR
457743,2026-03-19T17:43:41.554990+00:00,normalized_region,,PODRAVSKA
457653,2026-03-19T17:43:41.554990+00:00,subtitle,,DELO V RESTAVRACIJI S HITRO PREHRANO
457653,2026-03-19T17:43:41.554990+00:00,normalized_city,,LJUBLJANA
457653,2026-03-19T17:43:41.554990+00:00,normalized_region,,OSREDNJESLOVENSKA
457616,2026-03-19T17:43:41.554990+00:00,normalized_city,,LJUBLJANA
457616,2026-03-19T17:43:41.554990+00:00,normalized_region,,OSREDNJESLOVENSKA
457583,2026-03-19T17:43:41.554990+00:00,subtitle,,DELO V RESTAVRACIJI S HITRO PREHRANO
457583,2026-03-19T17:43:41.554990+00:00,normalized_city,,LJUBLJANA
457583,2026-03-19T17:43:41.554990+00:00,normalized_region,,OSREDNJESLOVENSKA
457582,2026-03-19T17:43:41.554990+00:00,subtitle,,DELO V RESTAVRACIJI S HITRO PREHRANO
457582,2026-03-19T17:43:41.554990+00:00,normalized_city,,LJUBLJANA
457582,2026-03-19T17:43:41.554990+00:00,normalized_region,,OSREDNJESLOVENSKA
457465,2026-03-19T17:43:41.554990+00:00,normalized_city,,LJUBLJANA
457465,2026-03-19T17:43:41.554990+00:00,normalized_region,,OSREDNJESLOVENSKA
457450,2026-03-19T17:43:41.554990+00:00,normalized_city,,MAJŠPERK
457450,2026-03-19T17:43:41.554990+00:00,normalized_region,,PODRAVSKA
457442,2026-03-19T17:43:41.554990+00:00,normalized_city,,LJUBLJANA
457442,2026-03-19T17:43:41.554990+00:00,normalized_region,,OSREDNJESLOVENSKA
457420,2026-03-19T17:43:41.554990+00:00,normalized_city,,LJUBLJANA
457420,2026-03-19T17:43:41.554990+00:00,normalized_region,,OSREDNJESLOVENSKA
457366,2026-03-19T17:43:41.554990+00:00,normalized_city,,PODPEČ
457366,2026-03-19T17:43:41.554990+00:00,normalized_region,,OBALNO-KRAŠKA
457356,2026-03-19T17:43:41.554990+00:00,normalized_city,,MARIBOR
457356,2026-03-19T17:43:41.554990+00:00,normalized_region,,PODRAVSKA
457340,2026-03-19T17:43:41.554990+00:00,subtitle,,DELO V RESTAVRACIJI S HITRO PREHRANO
457340,2026-03-19T17:43:41.554990+00:00,normalized_city,,MARIBOR
457340,2026-03-19T17:43:41.554990+00:00,normalized_region,,PODRAVSKA
457258,2026-03-19T17:43:41.554990+00:00,normalized_city,,MARIBOR
457258,2026-03-19T17:43:41.554990+00:00,normalized_region,,PODRAVSKA
457120,2026-03-19T17:43:41.554990+00:00,normalized_city,,LJUBLJANA
457120,2026-03-19T17:43:41.554990+00:00,normalized_region,,OSREDNJESLOVENSKA
457098,2026-03-19T17:43:41.554990+00:00,normalized_city,,VODICE
457098,2026-03-19T17:43:41.554990+00:00,normalized_region,,OSREDNJESLOVENSKA
457003,2026-03-19T17:43:41.554990+00:00,normalized_city,,LJUBLJANA
457003,2026-03-19T17:43:41.554990+00:00,normalized_region,,OSREDNJESLOVENSKA
456918,2026-03-19T17:43:41.554990+00:00,normalized_city,,ŠKOFJA LOKA
456918,2026-03-19T17:43:41.554990+00:00,normalized_region,,GORENJSKA
456877,2026-03-19T17:43:41.554990+00:00,normalized_city,,SEVNICA
456877,2026-03-19T17:43:41.554990+00:00,normalized_region,,POSAVSKA
456860,2026-03-19T17:43:41.554990+00:00,normalized_city,,LJUBNO OB SAVINJI
456860,2026-03-19T17:43:41.554990+00:00,normalized_region,,SAVINJSKA
456850,2026-03-19T17:43:41.554990+00:00,normalized_city,,MIKLAVŽ NA DRAVSKEM POLJU
456850,2026-03-19T17:43:41.554990+00:00,normalized_region,,PODRAVSKA
456849,2026-03-19T17:43:41.554990+00:00,normalized_city,,MARIBOR
456849,2026-03-19T17:43:41.554990+00:00,normalized_region,,PODRAVSKA
456847,2026-03-19T17:43:41.554990+00:00,normalized_city,,SLOVENSKA BISTRICA
456847,2026-03-19T17:43:41.554990+00:00,normalized_region,,PODRAVSKA
456783,2026-03-19T17:43:41.554990+00:00,normalized_city,,LENDAVA/LENDVA
456783,2026-03-19T17:43:41.554990+00:00,normalized_region,,POMURSKA
456689,2026-03-19T17:43:41.554990+00:00,normalized_city,,DOMŽALE
456689,2026-03-19T17:43:41.554990+00:00,normalized_region,,OSREDNJESLOVENSKA
456383,2026-03-19T17:43:41.554990+00:00,normalized_city,,NOVO MESTO
456383,2026-03-19T17:43:41.554990+00:00,normalized_region,,JUGOVZHODNA SLOVENIJA
456381,2026-03-19T17:43:41.554990+00:00,normalized_city,,LESKOVEC PRI KRŠKEM
456381,2026-03-19T17:43:41.554990+00:00,normalized_region,,POSAVSKA
456380,2026-03-19T17:43:41.554990+00:00,normalized_city,,DOL PRI LJUBLJANI
456380,2026-03-19T17:43:41.554990+00:00,normalized_region,,OSREDNJESLOVENSKA
456361,2026-03-19T17:43:41.554990+00:00,normalized_city,,LJUBLJANA
456361,2026-03-19T17:43:41.554990+00:00,normalized_region,,OSREDNJESLOVENSKA
456342,2026-03-19T17:43:41.554990+00:00,normalized_city,,GROSUPLJE
456342,2026-03-19T17:43:41.554990+00:00,normalized_region,,OSREDNJESLOVENSKA
456291,2026-03-19T17:43:41.554990+00:00,normalized_city,,KRANJ
456291,2026-03-19T17:43:41.554990+00:00,normalized_region,,GORENJSKA
456287,2026-03-19T17:43:41.554990+00:00,normalized_city,,KRANJ
456287,2026-03-19T17:43:41.554990+00:00,normalized_region,,GORENJSKA
456286,2026-03-19T17:43:41.554990+00:00,normalized_city,,KRANJ
456286,2026-03-19T17:43:41.554990+00:00,normalized_region,,GORENJSKA
456192,2026-03-19T17:43:41.554990+00:00,normalized_city,,MARKOVCI
456192,2026-03-19T17:43:41.554990+00:00,normalized_region,,POMURSKA
456172,2026-03-19T17:43:41.554990+00:00,normalized_city,,CERKNICA
456172,2026-03-19T17:43:41.554990+00:00,normalized_region,,PRIMORSKO-NOTRANJSKA
456126,2026-03-19T17:43:41.554990+00:00,normalized_city,,LJUBLJANA
456126,2026-03-19T17:43:41.554990+00:00,normalized_region,,OSREDNJESLOVENSKA
456034,2026-03-19T17:43:41.554990+00:00,normalized_city,,VIDEM
456034,2026-03-19T17:43:41.554990+00:00,normalized_region,,POSAVSKA
456020,2026-03-19T17:43:41.554990+00:00,normalized_city,,KRANJSKA GORA
456020,2026-03-19T17:43:41.554990+00:00,normalized_region,,GORENJSKA
455973,2026-03-19T17:43:41.554990+00:00,normalized_city,,DOMŽALE
455973,2026-03-19T17:43:41.554990+00:00,normalized_region,,OSREDNJESLOVENSKA
455969,2026-03-19T17:43:41.554990+00:00,normalized_city,,CERKNICA
455969,2026-03-19T17:43:41.554990+00:00,normalized_region,,PRIMORSKO-NOTRANJSKA
455966,2026-03-19T17:43:41.554990+00:00,normalized_city,,ADLEŠIČI
455966,2026-03-19T17:43:41.554990+00:00,normalized_region,,JUGOVZHODNA SLOVENIJA
455954,2026-03-19T17:43:41.554990+00:00,normalized_city,,LJUBLJANA
455954,2026-03-19T17:43:41.554990+00:00,normalized_region,,OSREDNJESLOVENSKA
455905,2026-03-19T17:43:41.554990+00:00,normalized_city,,VIDEM
455905,2026-03-19T17:43:41.554990+00:00,normalized_region,,POSAVSKA
455892,2026-03-19T17:43:41.554990+00:00,normalized_city,,LJUBLJANA
455892,2026-03-19T17:43:41.554990+00:00,normalized_region,,OSREDNJESLOVENSKA
455670,2026-03-19T17:43:41.554990+00:00,normalized_city,,OLIMJE
455670,2026-03-19T17:43:41.554990+00:00,normalized_region,,SAVINJSKA
455669,2026-03-19T17:43:41.554990+00:00,normalized_city,,OLIMJE
455669,2026-03-19T17:43:41.554990+00:00,normalized_region,,SAVINJSKA
455659,2026-03-19T17:43:41.554990+00:00,normalized_city,,OLIMJE
455659,2026-03-19T17:43:41.554990+00:00,normalized_region,,SAVINJSKA
455658,2026-03-19T17:43:41.554990+00:00,normalized_city,,OLIMJE
455658,2026-03-19T17:43:41.554990+00:00,normalized_region,,SAVINJSKA
455563,2026-03-19T17:43:41.554990+00:00,normalized_city,,LJUBLJANA
455563,2026-03-19T17:43:41.554990+00:00,normalized_region,,OSREDNJESLOVENSKA
455528,2026-03-19T17:43:41.554990+00:00,normalized_city,,DRAVOGRAD
455528,2026-03-19T17:43:41.554990+00:00,normalized_region,,KOROŠKA
455190,2026-03-19T17:43:41.554990+00:00,normalized_city,,KOPER/CAPODISTRIA
455190,2026-03-19T17:43:41.554990+00:00,normalized_region,,OBALNO-KRAŠKA
455178,2026-03-19T17:43:41.554990+00:00,normalized_city,,TREBNJE
455178,2026-03-19T17:43:41.554990+00:00,normalized_region,,JUGOVZHODNA SLOVENIJA
455071,2026-03-19T17:43:41.554990+00:00,normalized_city,,KOPER/CAPODISTRIA
455071,2026-03-19T17:43:41.554990+00:00,normalized_region,,OBALNO-KRAŠKA
454947,2026-03-19T17:43:41.554990+00:00,normalized_city,,KRANJ
454947,2026-03-19T17:43:41.554990+00:00,normalized_region,,GORENJSKA
454829,2026-03-19T17:43:41.554990+00:00,normalized_city,,DOL PRI LJUBLJANI
454829,2026-03-19T17:43:41.554990+00:00,normalized_region,,OSREDNJESLOVENSKA
454790,2026-03-19T17:43:41.554990+00:00,normalized_city,,SLOVENSKA BISTRICA
454790,2026-03-19T17:43:41.554990+00:00,normalized_region,,PODRAVSKA
454775,2026-03-19T17:43:41.554990+00:00,normalized_city,,LJUBLJANA
454775,2026-03-19T17:43:41.554990+00:00,normalized_region,,OSREDNJESLOVENSKA
454725,2026-03-19T17:43:41.554990+00:00,normalized_city,,LJUBLJANA
454725,2026-03-19T17:43:41.554990+00:00,normalized_region,,OSREDNJESLOVENSKA
454662,2026-03-19T17:43:41.554990+00:00,normalized_city,,ČRNOMELJ
454662,2026-03-19T17:43:41.554990+00:00,normalized_region,,JUGOVZHODNA SLOVENIJA
454624,2026-03-19T17:43:41.554990+00:00,normalized_city,,GROSUPLJE
454624,2026-03-19T17:43:41.554990+00:00,normalized_region,,OSREDNJESLOVENSKA
454601,2026-03-19T17:43:41.554990+00:00,normalized_city,,LESCE
454601,2026-03-19T17:43:41.554990+00:00,normalized_region,,GORENJSKA
454588,2026-03-19T17:43:41.554990+00:00,normalized_city,,MOKRONOG
454588,2026-03-19T17:43:41.554990+00:00,normalized_region,,JUGOVZHODNA SLOVENIJA
454359,2026-03-19T17:43:41.554990+00:00,normalized_city,,LENDAVA/LENDVA
454359,2026-03-19T17:43:41.554990+00:00,normalized_region,,POMURSKA
454161,2026-03-19T17:43:41.554990+00:00,subtitle,,DELO V RESTAVRACIJI S HITRO PREHRANO
454161,2026-03-19T17:43:41.554990+00:00,normalized_city,,MARIBOR
454161,2026-03-19T17:43:41.554990+00:00,normalized_region,,PODRAVSKA
454160,2026-03-19T17:43:41.554990+00:00,subtitle,PRIPRAVA HRANE,DELO V RESTAVRACIJI S HITRO PREHRANO
454160,2026-03-19T17:43:41.554990+00:00,normalized_city,,MARIBOR
454160,2026-03-19T17:43:41.554990+00:00,normalized_region,,PODRAVSKA
454060,2026-03-19T17:43:41.554990+00:00,normalized_city,,LJUBLJANA
454060,2026-03-19T17:43:41.554990+00:00,normalized_region,,OSREDNJESLOVENSKA
453934,2026-03-19T17:43:41.554990+00:00,normalized_city,,MARIBOR
453934,2026-03-19T17:43:41.554990+00:00,normalized_region,,PODRAVSKA
453897,2026-03-19T17:43:41.554990+00:00,normalized_city,,KRANJSKA GORA
453897,2026-03-19T17:43:41.554990+00:00,normalized_region,,GORENJSKA
453841,2026-03-19T17:43:41.554990+00:00,normalized_city,,LOGATEC
453841,2026-03-19T17:43:41.554990+00:00,normalized_region,,OSREDNJESLOVENSKA
453688,2026-03-19T17:43:41.554990+00:00,normalized_city,,LJUBLJANA
453688,2026-03-19T17:43:41.554990+00:00,normalized_region,,OSREDNJESLOVENSKA
453473,2026-03-19T17:43:41.554990+00:00,normalized_city,,AJDOVŠČINA
453473,2026-03-19T17:43:41.554990+00:00,normalized_region,,GORIŠKA
453472,2026-03-19T17:43:41.554990+00:00,normalized_city,,TRBOVLJE
453472,2026-03-19T17:43:41.554990+00:00,normalized_region,,ZASAVSKA
453455,2026-03-19T17:43:41.554990+00:00,normalized_city,,LJUBLJANA
453455,2026-03-19T17:43:41.554990+00:00,normalized_region,,OSREDNJESLOVENSKA
453414,2026-03-19T17:43:41.554990+00:00,normalized_city,,LJUBLJANA
453414,2026-03-19T17:43:41.554990+00:00,normalized_region,,OSREDNJESLOVENSKA
453358,2026-03-19T17:43:41.554990+00:00,subtitle,,DELO V RESTAVRACIJI S HITRO PREHRANO
453358,2026-03-19T17:43:41.554990+00:00,normalized_city,,KOPER/CAPODISTRIA
453358,2026-03-19T17:43:41.554990+00:00,normalized_region,,OBALNO-KRAŠKA
453356,2026-03-19T17:43:41.554990+00:00,subtitle,,DELO V RESTAVRACIJI S HITRO PREHRANO
453356,2026-03-19T17:43:41.554990+00:00,normalized_city,,KOPER/CAPODISTRIA
453356,2026-03-19T17:43:41.554990+00:00,normalized_region,,OBALNO-KRAŠKA
453355,2026-03-19T17:43:41.554990+00:00,subtitle,,DELO V RESTAVRACIJI S HITRO PREHRANO
453355,2026-03-19T17:43:41.554990+00:00,normalized_city,,KOPER/CAPODISTRIA
453355,2026-03-19T17:43:41.554990+00:00,normalized_region,,OBALNO-KRAŠKA
453354,2026-03-19T17:43:41.554990+00:00,subtitle,,DELO V RESTAVRACIJI S HITRO PREHRANO
453354,2026-03-19T17:43:41.554990+00:00,normalized_city,,KOPER/CAPODISTRIA
453354,2026-03-19T17:43:41.554990+00:00,normalized_region,,OBALNO-KRAŠKA
453225,2026-03-19T17:43:41.554990+00:00,normalized_city,,TRŽIČ
453225,2026-03-19T17:43:41.554990+00:00,normalized_region,,GORENJSKA
452834,2026-03-19T17:43:41.554990+00:00,normalized_city,,LJUBLJANA
452834,2026-03-19T17:43:41.554990+00:00,normalized_region,,OSREDNJESLOVENSKA
452789,2026-03-19T17:43:41.554990+00:00,normalized_city,,LJUBLJANA
452789,2026-03-19T17:43:41.554990+00:00,normalized_region,,OSREDNJESLOVENSKA
452742,2026-03-19T17:43:41.554990+00:00,subtitle,,DELO V RESTAVRACIJI S HITRO PREHRANO
452742,2026-03-19T17:43:41.554990+00:00,normalized_city,,MARIBOR
452742,2026-03-19T17:43:41.554990+00:00,normalized_region,,PODRAVSKA
452684,2026-03-19T17:43:41.554990+00:00,normalized_city,,KRTINA
452684,2026-03-19T17:43:41.554990+00:00,normalized_region,,JUGOVZHODNA SLOVENIJA
452647,2026-03-19T17:43:41.554990+00:00,normalized_city,,LJUBLJANA
452647,2026-03-19T17:43:41.554990+00:00,normalized_region,,OSREDNJESLOVENSKA
452640,2026-03-19T17:43:41.554990+00:00,normalized_city,,LJUBLJANA
452640,2026-03-19T17:43:41.554990+00:00,normalized_region,,OSREDNJESLOVENSKA
452614,2026-03-19T17:43:41.554990+00:00,normalized_city,,IZLAKE
452614,2026-03-19T17:43:41.554990+00:00,normalized_region,,ZASAVSKA
452533,2026-03-19T17:43:41.554990+00:00,normalized_city,,ZREČE
452533,2026-03-19T17:43:41.554990+00:00,normalized_region,,SAVINJSKA
452459,2026-03-19T17:43:41.554990+00:00,normalized_city,,POLJČANE
452459,2026-03-19T17:43:41.554990+00:00,normalized_region,,PODRAVSKA
452410,2026-03-19T17:43:41.554990+00:00,normalized_city,,RUŠE
452410,2026-03-19T17:43:41.554990+00:00,normalized_region,,SAVINJSKA
452388,2026-03-19T17:43:41.554990+00:00,normalized_city,,LJUBLJANA
452388,2026-03-19T17:43:41.554990+00:00,normalized_region,,OSREDNJESLOVENSKA
452307,2026-03-19T17:43:41.554990+00:00,normalized_city,,PORTOROŽ/PORTOROSE
452307,2026-03-19T17:43:41.554990+00:00,normalized_region,,OBALNO-KRAŠKA
452031,2026-03-19T17:43:41.554990+00:00,normalized_city,,KAMNIK
452031,2026-03-19T17:43:41.554990+00:00,normalized_region,,OSREDNJESLOVENSKA
452021,2026-03-19T17:43:41.554990+00:00,subtitle,,DELO V RESTAVRACIJI S HITRO PREHRANO
452021,2026-03-19T17:43:41.554990+00:00,normalized_city,,LJUBLJANA
452021,2026-03-19T17:43:41.554990+00:00,normalized_region,,OSREDNJESLOVENSKA
451967,2026-03-19T17:43:41.554990+00:00,normalized_city,,LJUBLJANA
451967,2026-03-19T17:43:41.554990+00:00,normalized_region,,OSREDNJESLOVENSKA
451936,2026-03-19T17:43:41.554990+00:00,normalized_city,,TRZIN
451936,2026-03-19T17:43:41.554990+00:00,normalized_region,,OSREDNJESLOVENSKA
451861,2026-03-19T17:43:41.554990+00:00,normalized_city,,LJUBLJANA
451861,2026-03-19T17:43:41.554990+00:00,normalized_region,,OSREDNJESLOVENSKA
451457,2026-03-19T17:43:41.554990+00:00,normalized_city,,CELJE
451457,2026-03-19T17:43:41.554990+00:00,normalized_region,,SAVINJSKA
451451,2026-03-19T17:43:41.554990+00:00,normalized_city,,BERTOKI/BERTOCCHI
451451,2026-03-19T17:43:41.554990+00:00,normalized_region,,OBALNO-KRAŠKA
451186,2026-03-19T17:43:41.554990+00:00,normalized_city,,ZGORNJE PIRNIČE
451186,2026-03-19T17:43:41.554990+00:00,normalized_region,,OSREDNJESLOVENSKA
451185,2026-03-19T17:43:41.554990+00:00,normalized_city,,ZGORNJE PIRNIČE
451185,2026-03-19T17:43:41.554990+00:00,normalized_region,,OSREDNJESLOVENSKA
451103,2026-03-19T17:43:41.554990+00:00,normalized_city,,KOPER/CAPODISTRIA
451103,2026-03-19T17:43:41.554990+00:00,normalized_region,,OBALNO-KRAŠKA
451086,2026-03-19T17:43:41.554990+00:00,normalized_city,,KRANJSKA GORA
451086,2026-03-19T17:43:41.554990+00:00,normalized_region,,GORENJSKA
451073,2026-03-19T17:43:41.554990+00:00,normalized_city,,LJUBLJANA
451073,2026-03-19T17:43:41.554990+00:00,normalized_region,,OSREDNJESLOVENSKA
451052,2026-03-19T17:43:41.554990+00:00,normalized_city,,TRŽIŠČE
451052,2026-03-19T17:43:41.554990+00:00,normalized_region,,POSAVSKA
450954,2026-03-19T17:43:41.554990+00:00,normalized_city,,BREZOVICA PRI LJUBLJANI
450954,2026-03-19T17:43:41.554990+00:00,normalized_region,,OSREDNJESLOVENSKA
450918,2026-03-19T17:43:41.554990+00:00,normalized_city,,GORIŠNICA
450918,2026-03-19T17:43:41.554990+00:00,normalized_region,,PODRAVSKA
450628,2026-03-19T17:43:41.554990+00:00,normalized_city,,BOHINJSKA BELA
450628,2026-03-19T17:43:41.554990+00:00,normalized_region,,GORENJSKA
450485,2026-03-19T17:43:41.554990+00:00,normalized_city,,LJUBLJANA
450485,2026-03-19T17:43:41.554990+00:00,normalized_region,,OSREDNJESLOVENSKA
450453,2026-03-19T17:43:41.554990+00:00,normalized_city,,ŠENČUR
450453,2026-03-19T17:43:41.554990+00:00,normalized_region,,GORENJSKA
450331,2026-03-19T17:43:41.554990+00:00,normalized_city,,KRŠKO
450331,2026-03-19T17:43:41.554990+00:00,normalized_region,,POSAVSKA
450330,2026-03-19T17:43:41.554990+00:00,normalized_city,,CELJE
450330,2026-03-19T17:43:41.554990+00:00,normalized_region,,SAVINJSKA
450329,2026-03-19T17:43:41.554990+00:00,normalized_city,,VELENJE
450329,2026-03-19T17:43:41.554990+00:00,normalized_region,,SAVINJSKA
450328,2026-03-19T17:43:41.554990+00:00,normalized_city,,KOPER/CAPODISTRIA
450328,2026-03-19T17:43:41.554990+00:00,normalized_region,,OBALNO-KRAŠKA
450327,2026-03-19T17:43:41.554990+00:00,normalized_city,,NOVO MESTO
450327,2026-03-19T17:43:41.554990+00:00,normalized_region,,JUGOVZHODNA SLOVENIJA
450325,2026-03-19T17:43:41.554990+00:00,normalized_city,,KRANJ
450325,2026-03-19T17:43:41.554990+00:00,normalized_region,,GORENJSKA
450236,2026-03-19T17:43:41.554990+00:00,normalized_city,,KOPER/CAPODISTRIA
450236,2026-03-19T17:43:41.554990+00:00,normalized_region,,OBALNO-KRAŠKA
450220,2026-03-19T17:43:41.554990+00:00,subtitle,,DELO V RESTAVRACIJI S HITRO PREHRANO
450220,2026-03-19T17:43:41.554990+00:00,normalized_city,,MURSKA SOBOTA
450220,2026-03-19T17:43:41.554990+00:00,normalized_region,,POMURSKA
450031,2026-03-19T17:43:41.554990+00:00,normalized_city,,BRASLOVČE
450031,2026-03-19T17:43:41.554990+00:00,normalized_region,,SAVINJSKA
450027,2026-03-19T17:43:41.554990+00:00,normalized_city,,BRASLOVČE
450027,2026-03-19T17:43:41.554990+00:00,normalized_region,,SAVINJSKA
449937,2026-03-19T17:43:41.554990+00:00,normalized_city,,MARIBOR
449937,2026-03-19T17:43:41.554990+00:00,normalized_region,,PODRAVSKA
449840,2026-03-19T17:43:41.554990+00:00,subtitle,,DELO V RESTAVRACIJI S HITRO PREHRANO
449840,2026-03-19T17:43:41.554990+00:00,normalized_city,,LJUBLJANA
449840,2026-03-19T17:43:41.554990+00:00,normalized_region,,OSREDNJESLOVENSKA
449810,2026-03-19T17:43:41.554990+00:00,normalized_city,,SPODNJA BESNICA
449810,2026-03-19T17:43:41.554990+00:00,normalized_region,,GORENJSKA
449753,2026-03-19T17:43:41.554990+00:00,normalized_city,,BOROVNICA
449753,2026-03-19T17:43:41.554990+00:00,normalized_region,,OSREDNJESLOVENSKA
449729,2026-03-19T17:43:41.554990+00:00,normalized_city,,CELJE
449729,2026-03-19T17:43:41.554990+00:00,normalized_region,,SAVINJSKA
449581,2026-03-19T17:43:41.554990+00:00,normalized_city,,ČRNOMELJ
449581,2026-03-19T17:43:41.554990+00:00,normalized_region,,JUGOVZHODNA SLOVENIJA
449559,2026-03-19T17:43:41.554990+00:00,normalized_city,,LJUBLJANA
449559,2026-03-19T17:43:41.554990+00:00,normalized_region,,OSREDNJESLOVENSKA
449536,2026-03-19T17:43:41.554990+00:00,normalized_city,,LJUBLJANA
449536,2026-03-19T17:43:41.554990+00:00,normalized_region,,OSREDNJESLOVENSKA
449514,2026-03-19T17:43:41.554990+00:00,normalized_city,,SEVNICA
449514,2026-03-19T17:43:41.554990+00:00,normalized_region,,POSAVSKA
449456,2026-03-19T17:43:41.554990+00:00,normalized_city,,ZALOG PRI CERKLJAH
449456,2026-03-19T17:43:41.554990+00:00,normalized_region,,GORENJSKA
449333,2026-03-19T17:43:41.554990+00:00,normalized_city,,DOMŽALE
449333,2026-03-19T17:43:41.554990+00:00,normalized_region,,OSREDNJESLOVENSKA
449276,2026-03-19T17:43:41.554990+00:00,normalized_city,,LJUBLJANA
449276,2026-03-19T17:43:41.554990+00:00,normalized_region,,OSREDNJESLOVENSKA
449225,2026-03-19T17:43:41.554990+00:00,normalized_city,,OLIMJE
449225,2026-03-19T17:43:41.554990+00:00,normalized_region,,SAVINJSKA
448895,2026-03-19T17:43:41.554990+00:00,normalized_city,,LJUBLJANA
448895,2026-03-19T17:43:41.554990+00:00,normalized_region,,OSREDNJESLOVENSKA
448779,2026-03-19T17:43:41.554990+00:00,normalized_city,,KAMNIK
448779,2026-03-19T17:43:41.554990+00:00,normalized_region,,OSREDNJESLOVENSKA
448748,2026-03-19T17:43:41.554990+00:00,normalized_city,,JESENICE
448748,2026-03-19T17:43:41.554990+00:00,normalized_region,,GORENJSKA
448666,2026-03-19T17:43:41.554990+00:00,normalized_city,,PODLEHNIK
448666,2026-03-19T17:43:41.554990+00:00,normalized_region,,PODRAVSKA
448626,2026-03-19T17:43:41.554990+00:00,normalized_city,,LJUBLJANA
448626,2026-03-19T17:43:41.554990+00:00,normalized_region,,OSREDNJESLOVENSKA
448522,2026-03-19T17:43:41.554990+00:00,normalized_city,,PODČETRTEK
448522,2026-03-19T17:43:41.554990+00:00,normalized_region,,SAVINJSKA
448437,2026-03-19T17:43:41.554990+00:00,normalized_city,,LJUBLJANA
448437,2026-03-19T17:43:41.554990+00:00,normalized_region,,OSREDNJESLOVENSKA
448077,2026-03-19T17:43:41.554990+00:00,normalized_city,,SLOVENJ GRADEC
448077,2026-03-19T17:43:41.554990+00:00,normalized_region,,KOROŠKA
447445,2026-03-19T17:43:41.554990+00:00,normalized_city,,LJUBLJANA
447445,2026-03-19T17:43:41.554990+00:00,normalized_region,,OSREDNJESLOVENSKA
447411,2026-03-19T17:43:41.554990+00:00,normalized_city,,PODČETRTEK
447411,2026-03-19T17:43:41.554990+00:00,normalized_region,,SAVINJSKA
447409,2026-03-19T17:43:41.554990+00:00,normalized_city,,LAVRICA
447409,2026-03-19T17:43:41.554990+00:00,normalized_region,,OSREDNJESLOVENSKA
447303,2026-03-19T17:43:41.554990+00:00,normalized_city,,LJUBLJANA
447303,2026-03-19T17:43:41.554990+00:00,normalized_region,,OSREDNJESLOVENSKA
447151,2026-03-19T17:43:41.554990+00:00,normalized_city,,LOKA PRI ZIDANEM MOSTU
447151,2026-03-19T17:43:41.554990+00:00,normalized_region,,POSAVSKA
446880,2026-03-19T17:43:41.554990+00:00,normalized_city,,LJUBLJANA
446880,2026-03-19T17:43:41.554990+00:00,normalized_region,,OSREDNJESLOVENSKA
446857,2026-03-19T17:43:41.554990+00:00,normalized_city,,LJUBLJANA
446857,2026-03-19T17:43:41.554990+00:00,normalized_region,,OSREDNJESLOVENSKA
446847,2026-03-19T17:43:41.554990+00:00,normalized_city,,LJUBLJANA
446847,2026-03-19T17:43:41.554990+00:00,normalized_region,,OSREDNJESLOVENSKA
446761,2026-03-19T17:43:41.554990+00:00,normalized_city,,KAMNIK
446761,2026-03-19T17:43:41.554990+00:00,normalized_region,,OSREDNJESLOVENSKA
446655,2026-03-19T17:43:41.554990+00:00,normalized_city,,RIBNICA
446655,2026-03-19T17:43:41.554990+00:00,normalized_region,,JUGOVZHODNA SLOVENIJA
446296,2026-03-19T17:43:41.554990+00:00,normalized_city,,BRASLOVČE
446296,2026-03-19T17:43:41.554990+00:00,normalized_region,,SAVINJSKA
446281,2026-03-19T17:43:41.554990+00:00,normalized_city,,ŽALEC
446281,2026-03-19T17:43:41.554990+00:00,normalized_region,,SAVINJSKA
446204,2026-03-19T17:43:41.554990+00:00,normalized_city,,DOMŽALE
446204,2026-03-19T17:43:41.554990+00:00,normalized_region,,OSREDNJESLOVENSKA
446190,2026-03-19T17:43:41.554990+00:00,normalized_city,,LJUBLJANA
446190,2026-03-19T17:43:41.554990+00:00,normalized_region,,OSREDNJESLOVENSKA
446186,2026-03-19T17:43:41.554990+00:00,normalized_city,,LJUBLJANA
446186,2026-03-19T17:43:41.554990+00:00,normalized_region,,OSREDNJESLOVENSKA
446163,2026-03-19T17:43:41.554990+00:00,normalized_city,,LJUBLJANA
446163,2026-03-19T17:43:41.554990+00:00,normalized_region,,OSREDNJESLOVENSKA
446014,2026-03-19T17:43:41.554990+00:00,normalized_city,,LJUBLJANA
446014,2026-03-19T17:43:41.554990+00:00,normalized_region,,OSREDNJESLOVENSKA
445829,2026-03-19T17:43:41.554990+00:00,normalized_city,,ILIRSKA BISTRICA
445829,2026-03-19T17:43:41.554990+00:00,normalized_region,,PRIMORSKO-NOTRANJSKA
445812,2026-03-19T17:43:41.554990+00:00,normalized_city,,IZOLA/ISOLA
445812,2026-03-19T17:43:41.554990+00:00,normalized_region,,OBALNO-KRAŠKA
445582,2026-03-19T17:43:41.554990+00:00,normalized_city,,CELJE
445582,2026-03-19T17:43:41.554990+00:00,normalized_region,,SAVINJSKA
445477,2026-03-19T17:43:41.554990+00:00,normalized_city,,KRANJSKA GORA
445477,2026-03-19T17:43:41.554990+00:00,normalized_region,,GORENJSKA
445264,2026-03-19T17:43:41.554990+00:00,normalized_city,,SLOVENSKE KONJICE
445264,2026-03-19T17:43:41.554990+00:00,normalized_region,,SAVINJSKA
445263,2026-03-19T17:43:41.554990+00:00,normalized_city,,SLOVENSKE KONJICE
445263,2026-03-19T17:43:41.554990+00:00,normalized_region,,SAVINJSKA
445050,2026-03-19T17:43:41.554990+00:00,normalized_city,,SEVNICA
445050,2026-03-19T17:43:41.554990+00:00,normalized_region,,POSAVSKA
444711,2026-03-19T17:43:41.554990+00:00,normalized_city,,LJUBLJANA
444711,2026-03-19T17:43:41.554990+00:00,normalized_region,,OSREDNJESLOVENSKA
444419,2026-03-19T17:43:41.554990+00:00,normalized_city,,MURSKA SOBOTA
444419,2026-03-19T17:43:41.554990+00:00,normalized_region,,POMURSKA
444369,2026-03-19T17:43:41.554990+00:00,subtitle,,DELO V RESTAVRACIJI S HITRO PREHRANO
444369,2026-03-19T17:43:41.554990+00:00,normalized_city,,CELJE
444369,2026-03-19T17:43:41.554990+00:00,normalized_region,,SAVINJSKA
444131,2026-03-19T17:43:41.554990+00:00,normalized_city,,LJUBLJANA
444131,2026-03-19T17:43:41.554990+00:00,normalized_region,,OSREDNJESLOVENSKA
444107,2026-03-19T17:43:41.554990+00:00,normalized_city,,LJUBLJANA
444107,2026-03-19T17:43:41.554990+00:00,normalized_region,,OSREDNJESLOVENSKA
443820,2026-03-19T17:43:41.554990+00:00,normalized_city,,LJUBLJANA
443820,2026-03-19T17:43:41.554990+00:00,normalized_region,,OSREDNJESLOVENSKA
443122,2026-03-19T17:43:41.554990+00:00,normalized_city,,LITIJA
443122,2026-03-19T17:43:41.554990+00:00,normalized_region,,ZASAVSKA
442956,2026-03-19T17:43:41.554990+00:00,normalized_city,,CELJE
442956,2026-03-19T17:43:41.554990+00:00,normalized_region,,SAVINJSKA
442955,2026-03-19T17:43:41.554990+00:00,normalized_city,,CELJE
442955,2026-03-19T17:43:41.554990+00:00,normalized_region,,SAVINJSKA
442925,2026-03-19T17:43:41.554990+00:00,normalized_city,,SOLČAVA
442925,2026-03-19T17:43:41.554990+00:00,normalized_region,,SAVINJSKA
442854,2026-03-19T17:43:41.554990+00:00,normalized_city,,LJUBLJANA
442854,2026-03-19T17:43:41.554990+00:00,normalized_region,,OSREDNJESLOVENSKA
442851,2026-03-19T17:43:41.554990+00:00,normalized_city,,BREZOVICA PRI LJUBLJANI
442851,2026-03-19T17:43:41.554990+00:00,normalized_region,,OSREDNJESLOVENSKA
442784,2026-03-19T17:43:41.554990+00:00,subtitle,,DELO V RESTAVRACIJI S HITRO PREHRANO
442784,2026-03-19T17:43:41.554990+00:00,normalized_city,,CELJE
442784,2026-03-19T17:43:41.554990+00:00,normalized_region,,SAVINJSKA
442605,2026-03-19T17:43:41.554990+00:00,normalized_city,,ŠTANJEL
442605,2026-03-19T17:43:41.554990+00:00,normalized_region,,OBALNO-KRAŠKA
442588,2026-03-19T17:43:41.554990+00:00,normalized_city,,VRHNIKA
442588,2026-03-19T17:43:41.554990+00:00,normalized_region,,OSREDNJESLOVENSKA
442553,2026-03-19T17:43:41.554990+00:00,normalized_city,,LJUBLJANA
442553,2026-03-19T17:43:41.554990+00:00,normalized_region,,OSREDNJESLOVENSKA
442472,2026-03-19T17:43:41.554990+00:00,normalized_city,,BISTRICA PRI TRŽIČU
442472,2026-03-19T17:43:41.554990+00:00,normalized_region,,GORENJSKA
442406,2026-03-19T17:43:41.554990+00:00,normalized_city,,VRHNIKA
442406,2026-03-19T17:43:41.554990+00:00,normalized_region,,OSREDNJESLOVENSKA
442403,2026-03-19T17:43:41.554990+00:00,normalized_city,,KOTREDEŽ
442403,2026-03-19T17:43:41.554990+00:00,normalized_region,,ZASAVSKA
442278,2026-03-19T17:43:41.554990+00:00,normalized_city,,LJUBLJANA
442278,2026-03-19T17:43:41.554990+00:00,normalized_region,,OSREDNJESLOVENSKA
442133,2026-03-19T17:43:41.554990+00:00,normalized_city,,KRANJ
442133,2026-03-19T17:43:41.554990+00:00,normalized_region,,GORENJSKA
442132,2026-03-19T17:43:41.554990+00:00,normalized_city,,SEŽANA
442132,2026-03-19T17:43:41.554990+00:00,normalized_region,,OBALNO-KRAŠKA
441956,2026-03-19T17:43:41.554990+00:00,normalized_city,,KRANJSKA GORA
441956,2026-03-19T17:43:41.554990+00:00,normalized_region,,GORENJSKA
441827,2026-03-19T17:43:41.554990+00:00,normalized_city,,IVANČNA GORICA
441827,2026-03-19T17:43:41.554990+00:00,normalized_region,,OSREDNJESLOVENSKA
441652,2026-03-19T17:43:41.554990+00:00,normalized_city,,TRBOVLJE
441652,2026-03-19T17:43:41.554990+00:00,normalized_region,,ZASAVSKA
441471,2026-03-19T17:43:41.554990+00:00,normalized_city,,LJUBLJANA
441471,2026-03-19T17:43:41.554990+00:00,normalized_region,,OSREDNJESLOVENSKA
441284,2026-03-19T17:43:41.554990+00:00,normalized_city,,CELJE
441284,2026-03-19T17:43:41.554990+00:00,normalized_region,,SAVINJSKA
440690,2026-03-19T17:43:41.554990+00:00,normalized_city,,ZAGORJE
440690,2026-03-19T17:43:41.554990+00:00,normalized_region,,PODRAVSKA
440669,2026-03-19T17:43:41.554990+00:00,normalized_city,,KOPER/CAPODISTRIA
440669,2026-03-19T17:43:41.554990+00:00,normalized_region,,OBALNO-KRAŠKA
440607,2026-03-19T17:43:41.554990+00:00,normalized_city,,OPLOTNICA
440607,2026-03-19T17:43:41.554990+00:00,normalized_region,,PODRAVSKA
440380,2026-03-19T17:43:41.554990+00:00,normalized_city,,RADEČE
440380,2026-03-19T17:43:41.554990+00:00,normalized_region,,POSAVSKA
440377,2026-03-19T17:43:41.554990+00:00,normalized_city,,DOMŽALE
440377,2026-03-19T17:43:41.554990+00:00,normalized_region,,OSREDNJESLOVENSKA
440117,2026-03-19T17:43:41.554990+00:00,normalized_city,,MEDVODE
440117,2026-03-19T17:43:41.554990+00:00,normalized_region,,OSREDNJESLOVENSKA
440077,2026-03-19T17:43:41.554990+00:00,normalized_city,,HORJUL
440077,2026-03-19T17:43:41.554990+00:00,normalized_region,,OSREDNJESLOVENSKA
439585,2026-03-19T17:43:41.554990+00:00,normalized_city,,KRTINA
439585,2026-03-19T17:43:41.554990+00:00,normalized_region,,JUGOVZHODNA SLOVENIJA
439570,2026-03-19T17:43:41.554990+00:00,normalized_city,,CELJE
439570,2026-03-19T17:43:41.554990+00:00,normalized_region,,SAVINJSKA
439506,2026-03-19T17:43:41.554990+00:00,normalized_city,,MEDVODE
439506,2026-03-19T17:43:41.554990+00:00,normalized_region,,OSREDNJESLOVENSKA
439288,2026-03-19T17:43:41.554990+00:00,normalized_city,,MISLINJA
439288,2026-03-19T17:43:41.554990+00:00,normalized_region,,KOROŠKA
439240,2026-03-19T17:43:41.554990+00:00,normalized_region,,SAVINJSKA
439237,2026-03-19T17:43:41.554990+00:00,normalized_city,,RADOMLJE
439237,2026-03-19T17:43:41.554990+00:00,normalized_region,,OSREDNJESLOVENSKA
439219,2026-03-19T17:43:41.554990+00:00,normalized_city,,LITIJA
439219,2026-03-19T17:43:41.554990+00:00,normalized_region,,ZASAVSKA
439215,2026-03-19T17:43:41.554990+00:00,normalized_city,,GROSUPLJE
439215,2026-03-19T17:43:41.554990+00:00,normalized_region,,OSREDNJESLOVENSKA
439214,2026-03-19T17:43:41.554990+00:00,normalized_city,,GROSUPLJE
439214,2026-03-19T17:43:41.554990+00:00,normalized_region,,OSREDNJESLOVENSKA
439210,2026-03-19T17:43:41.554990+00:00,normalized_city,,ŠKOFJA LOKA
439210,2026-03-19T17:43:41.554990+00:00,normalized_region,,GORENJSKA
439196,2026-03-19T17:43:41.554990+00:00,normalized_city,,KRANJSKA GORA
439196,2026-03-19T17:43:41.554990+00:00,normalized_region,,GORENJSKA
439165,2026-03-19T17:43:41.554990+00:00,normalized_city,,DOMŽALE
439165,2026-03-19T17:43:41.554990+00:00,normalized_region,,OSREDNJESLOVENSKA
439114,2026-03-19T17:43:41.554990+00:00,normalized_city,,TREBNJE
439114,2026-03-19T17:43:41.554990+00:00,normalized_region,,JUGOVZHODNA SLOVENIJA
439112,2026-03-19T17:43:41.554990+00:00,normalized_city,,TREBNJE
439112,2026-03-19T17:43:41.554990+00:00,normalized_region,,JUGOVZHODNA SLOVENIJA
439109,2026-03-19T17:43:41.554990+00:00,normalized_city,,NOVO MESTO
439109,2026-03-19T17:43:41.554990+00:00,normalized_region,,JUGOVZHODNA SLOVENIJA
439107,2026-03-19T17:43:41.554990+00:00,normalized_city,,TREBNJE
439107,2026-03-19T17:43:41.554990+00:00,normalized_region,,JUGOVZHODNA SLOVENIJA
438981,2026-03-19T17:43:41.554990+00:00,normalized_city,,GORENJA VAS
438981,2026-03-19T17:43:41.554990+00:00,normalized_region,,ZASAVSKA
438980,2026-03-19T17:43:41.554990+00:00,normalized_city,,CELJE
438980,2026-03-19T17:43:41.554990+00:00,normalized_region,,SAVINJSKA
438974,2026-03-19T17:43:41.554990+00:00,normalized_city,,DOMŽALE
438974,2026-03-19T17:43:41.554990+00:00,normalized_region,,OSREDNJESLOVENSKA
438969,2026-03-19T17:43:41.554990+00:00,normalized_city,,MENGEŠ
438969,2026-03-19T17:43:41.554990+00:00,normalized_region,,OSREDNJESLOVENSKA
438943,2026-03-19T17:43:41.554990+00:00,normalized_city,,JESENICE
438943,2026-03-19T17:43:41.554990+00:00,normalized_region,,GORENJSKA
438939,2026-03-19T17:43:41.554990+00:00,normalized_city,,RADOVLJICA
438939,2026-03-19T17:43:41.554990+00:00,normalized_region,,GORENJSKA
438936,2026-03-19T17:43:41.554990+00:00,normalized_city,,SMOKUČ
438936,2026-03-19T17:43:41.554990+00:00,normalized_region,,GORENJSKA
438931,2026-03-19T17:43:41.554990+00:00,normalized_city,,LJUBLJANA
438931,2026-03-19T17:43:41.554990+00:00,normalized_region,,OSREDNJESLOVENSKA
438930,2026-03-19T17:43:41.554990+00:00,normalized_city,,KRANJ
438930,2026-03-19T17:43:41.554990+00:00,normalized_region,,GORENJSKA
438900,2026-03-19T17:43:41.554990+00:00,normalized_city,,LJUBLJANA
438900,2026-03-19T17:43:41.554990+00:00,normalized_region,,OSREDNJESLOVENSKA
438898,2026-03-19T17:43:41.554990+00:00,normalized_city,,LJUBLJANA
438898,2026-03-19T17:43:41.554990+00:00,normalized_region,,OSREDNJESLOVENSKA
438849,2026-03-19T17:43:41.554990+00:00,normalized_city,,ŠKOFJA LOKA
438849,2026-03-19T17:43:41.554990+00:00,normalized_region,,GORENJSKA
438792,2026-03-19T17:43:41.554990+00:00,normalized_city,,VELENJE
438792,2026-03-19T17:43:41.554990+00:00,normalized_region,,SAVINJSKA
438346,2026-03-19T17:43:41.554990+00:00,normalized_city,,GROSUPLJE
438346,2026-03-19T17:43:41.554990+00:00,normalized_region,,OSREDNJESLOVENSKA
438075,2026-03-19T17:43:41.554990+00:00,normalized_city,,LJUBLJANA
438075,2026-03-19T17:43:41.554990+00:00,normalized_region,,OSREDNJESLOVENSKA
437801,2026-03-19T17:43:41.554990+00:00,normalized_city,,LJUBLJANA
437801,2026-03-19T17:43:41.554990+00:00,normalized_region,,OSREDNJESLOVENSKA
437511,2026-03-19T17:43:41.554990+00:00,normalized_city,,LJUBLJANA
437511,2026-03-19T17:43:41.554990+00:00,normalized_region,,OSREDNJESLOVENSKA
437510,2026-03-19T17:43:41.554990+00:00,normalized_city,,LJUBLJANA
437510,2026-03-19T17:43:41.554990+00:00,normalized_region,,OSREDNJESLOVENSKA
437479,2026-03-19T17:43:41.554990+00:00,normalized_city,,LJUBLJANA
437479,2026-03-19T17:43:41.554990+00:00,normalized_region,,OSREDNJESLOVENSKA
437478,2026-03-19T17:43:41.554990+00:00,normalized_city,,LJUBLJANA
437478,2026-03-19T17:43:41.554990+00:00,normalized_region,,OSREDNJESLOVENSKA
437463,2026-03-19T17:43:41.554990+00:00,normalized_city,,ROGAŠKA SLATINA
437463,2026-03-19T17:43:41.554990+00:00,normalized_region,,SAVINJSKA
437350,2026-03-19T17:43:41.554990+00:00,normalized_city,,CERKVENJAK
437350,2026-03-19T17:43:41.554990+00:00,normalized_region,,PODRAVSKA
437331,2026-03-19T17:43:41.554990+00:00,normalized_city,,LJUBLJANA
437331,2026-03-19T17:43:41.554990+00:00,normalized_region,,OSREDNJESLOVENSKA
437139,2026-03-19T17:43:41.554990+00:00,normalized_city,,DOMŽALE
437139,2026-03-19T17:43:41.554990+00:00,normalized_region,,OSREDNJESLOVENSKA
436917,2026-03-19T17:43:41.554990+00:00,normalized_city,,KOPER/CAPODISTRIA
436917,2026-03-19T17:43:41.554990+00:00,normalized_region,,OBALNO-KRAŠKA
436864,2026-03-19T17:43:41.554990+00:00,normalized_city,,ILIRSKA BISTRICA
436864,2026-03-19T17:43:41.554990+00:00,normalized_region,,PRIMORSKO-NOTRANJSKA
436812,2026-03-19T17:43:41.554990+00:00,normalized_city,,KRANJ
436812,2026-03-19T17:43:41.554990+00:00,normalized_region,,GORENJSKA
436276,2026-03-19T17:43:41.554990+00:00,normalized_city,,LJUBLJANA
436276,2026-03-19T17:43:41.554990+00:00,normalized_region,,OSREDNJESLOVENSKA
436218,2026-03-19T17:43:41.554990+00:00,normalized_city,,LJUBLJANA
436218,2026-03-19T17:43:41.554990+00:00,normalized_region,,OSREDNJESLOVENSKA
436034,2026-03-19T17:43:41.554990+00:00,normalized_city,,CELJE
436034,2026-03-19T17:43:41.554990+00:00,normalized_region,,SAVINJSKA
435874,2026-03-19T17:43:41.554990+00:00,normalized_city,,LJUBLJANA
435874,2026-03-19T17:43:41.554990+00:00,normalized_region,,OSREDNJESLOVENSKA
435638,2026-03-19T17:43:41.554990+00:00,normalized_city,,DVOR
435638,2026-03-19T17:43:41.554990+00:00,normalized_region,,JUGOVZHODNA SLOVENIJA
435609,2026-03-19T17:43:41.554990+00:00,subtitle,,DELO V RESTAVRACIJI S HITRO PREHRANO
435609,2026-03-19T17:43:41.554990+00:00,normalized_city,,MARIBOR
435609,2026-03-19T17:43:41.554990+00:00,normalized_region,,PODRAVSKA
435524,2026-03-19T17:43:41.554990+00:00,normalized_city,,LJUBLJANA
435524,2026-03-19T17:43:41.554990+00:00,normalized_region,,OSREDNJESLOVENSKA
435145,2026-03-19T17:43:41.554990+00:00,normalized_city,,PREVALJE
435145,2026-03-19T17:43:41.554990+00:00,normalized_region,,KOROŠKA
435144,2026-03-19T17:43:41.554990+00:00,normalized_city,,CELJE
435144,2026-03-19T17:43:41.554990+00:00,normalized_region,,SAVINJSKA
435143,2026-03-19T17:43:41.554990+00:00,normalized_city,,ŽALEC
435143,2026-03-19T17:43:41.554990+00:00,normalized_region,,SAVINJSKA
434915,2026-03-19T17:43:41.554990+00:00,normalized_city,,RADLJE OB DRAVI
434915,2026-03-19T17:43:41.554990+00:00,normalized_region,,KOROŠKA
434599,2026-03-19T17:43:41.554990+00:00,normalized_city,,MEDVODE
434599,2026-03-19T17:43:41.554990+00:00,normalized_region,,OSREDNJESLOVENSKA
434535,2026-03-19T17:43:41.554990+00:00,normalized_city,,LJUBLJANA
434535,2026-03-19T17:43:41.554990+00:00,normalized_region,,OSREDNJESLOVENSKA
434491,2026-03-19T17:43:41.554990+00:00,normalized_city,,VITOMARCI
434491,2026-03-19T17:43:41.554990+00:00,normalized_region,,PODRAVSKA
434147,2026-03-19T17:43:41.554990+00:00,normalized_city,,LJUBLJANA
434147,2026-03-19T17:43:41.554990+00:00,normalized_region,,OSREDNJESLOVENSKA
434080,2026-03-19T17:43:41.554990+00:00,normalized_city,,MARIBOR
434080,2026-03-19T17:43:41.554990+00:00,normalized_region,,PODRAVSKA
433748,2026-03-19T17:43:41.554990+00:00,normalized_city,,KRANJ
433748,2026-03-19T17:43:41.554990+00:00,normalized_region,,GORENJSKA
433262,2026-03-19T17:43:41.554990+00:00,normalized_city,,ZGORNJA LOŽNICA
433262,2026-03-19T17:43:41.554990+00:00,normalized_region,,PODRAVSKA
433181,2026-03-19T17:43:41.554990+00:00,normalized_city,,CERKLJE NA GORENJSKEM
433181,2026-03-19T17:43:41.554990+00:00,normalized_region,,GORENJSKA
433000,2026-03-19T17:43:41.554990+00:00,normalized_city,,ČRNOMELJ
433000,2026-03-19T17:43:41.554990+00:00,normalized_region,,JUGOVZHODNA SLOVENIJA
432904,2026-03-19T17:43:41.554990+00:00,normalized_city,,BELTINCI
432904,2026-03-19T17:43:41.554990+00:00,normalized_region,,POMURSKA
432701,2026-03-19T17:43:41.554990+00:00,normalized_city,,LJUBLJANA
432701,2026-03-19T17:43:41.554990+00:00,normalized_region,,OSREDNJESLOVENSKA
432457,2026-03-19T17:43:41.554990+00:00,normalized_city,,LJUBLJANA
432457,2026-03-19T17:43:41.554990+00:00,normalized_region,,OSREDNJESLOVENSKA
432050,2026-03-19T17:43:41.554990+00:00,normalized_city,,MARIBOR
432050,2026-03-19T17:43:41.554990+00:00,normalized_region,,PODRAVSKA
431974,2026-03-19T17:43:41.554990+00:00,normalized_city,,MARIBOR
431974,2026-03-19T17:43:41.554990+00:00,normalized_region,,PODRAVSKA
431973,2026-03-19T17:43:41.554990+00:00,normalized_city,,MARIBOR
431973,2026-03-19T17:43:41.554990+00:00,normalized_region,,PODRAVSKA
431971,2026-03-19T17:43:41.554990+00:00,normalized_city,,MARIBOR
431971,2026-03-19T17:43:41.554990+00:00,normalized_region,,PODRAVSKA
431620,2026-03-19T17:43:41.554990+00:00,normalized_city,,SLOVENJ GRADEC
431620,2026-03-19T17:43:41.554990+00:00,normalized_region,,KOROŠKA
431490,2026-03-19T17:43:41.554990+00:00,normalized_city,,SEVNICA
431490,2026-03-19T17:43:41.554990+00:00,normalized_region,,POSAVSKA
431443,2026-03-19T17:43:41.554990+00:00,normalized_city,,ŠENČUR
431443,2026-03-19T17:43:41.554990+00:00,normalized_region,,GORENJSKA
431149,2026-03-19T17:43:41.554990+00:00,normalized_city,,LJUBLJANA
431149,2026-03-19T17:43:41.554990+00:00,normalized_region,,OSREDNJESLOVENSKA
430980,2026-03-19T17:43:41.554990+00:00,normalized_city,,LJUBLJANA
430980,2026-03-19T17:43:41.554990+00:00,normalized_region,,OSREDNJESLOVENSKA
430775,2026-03-19T17:43:41.554990+00:00,normalized_city,,NOTRANJE GORICE
430775,2026-03-19T17:43:41.554990+00:00,normalized_region,,OSREDNJESLOVENSKA
430542,2026-03-19T17:43:41.554990+00:00,normalized_city,,KRANJ
430542,2026-03-19T17:43:41.554990+00:00,normalized_region,,GORENJSKA
430368,2026-03-19T17:43:41.554990+00:00,normalized_city,,KRANJ
430368,2026-03-19T17:43:41.554990+00:00,normalized_region,,GORENJSKA
429997,2026-03-19T17:43:41.554990+00:00,normalized_city,,KOZINA
429997,2026-03-19T17:43:41.554990+00:00,normalized_region,,OBALNO-KRAŠKA
429895,2026-03-19T17:43:41.554990+00:00,normalized_city,,GROSUPLJE
429895,2026-03-19T17:43:41.554990+00:00,normalized_region,,OSREDNJESLOVENSKA
429550,2026-03-19T17:43:41.554990+00:00,normalized_city,,LJUBLJANA
429550,2026-03-19T17:43:41.554990+00:00,normalized_region,,OSREDNJESLOVENSKA
429391,2026-03-19T17:43:41.554990+00:00,normalized_city,,ARTIČE
429391,2026-03-19T17:43:41.554990+00:00,normalized_region,,POSAVSKA
429144,2026-03-19T17:43:41.554990+00:00,normalized_city,,LJUBLJANA
429144,2026-03-19T17:43:41.554990+00:00,normalized_region,,OSREDNJESLOVENSKA
429094,2026-03-19T17:43:41.554990+00:00,normalized_city,,RADOVLJICA
429094,2026-03-19T17:43:41.554990+00:00,normalized_region,,GORENJSKA
428693,2026-03-19T17:43:41.554990+00:00,normalized_city,,SLOVENSKA BISTRICA
428693,2026-03-19T17:43:41.554990+00:00,normalized_region,,PODRAVSKA
428692,2026-03-19T17:43:41.554990+00:00,normalized_city,,LJUTOMER
428692,2026-03-19T17:43:41.554990+00:00,normalized_region,,POMURSKA
428687,2026-03-19T17:43:41.554990+00:00,normalized_city,,PTUJ
428687,2026-03-19T17:43:41.554990+00:00,normalized_region,,PODRAVSKA
428464,2026-03-19T17:43:41.554990+00:00,normalized_city,,MEDVODE
428464,2026-03-19T17:43:41.554990+00:00,normalized_region,,OSREDNJESLOVENSKA
428347,2026-03-19T17:43:41.554990+00:00,subtitle,,DELO V RESTAVRACIJI S HITRO PREHRANO
428347,2026-03-19T17:43:41.554990+00:00,normalized_city,,PTUJ
428347,2026-03-19T17:43:41.554990+00:00,normalized_region,,PODRAVSKA
428346,2026-03-19T17:43:41.554990+00:00,subtitle,,DELO V RESTAVRACIJI S HITRO PREHRANO
428346,2026-03-19T17:43:41.554990+00:00,normalized_city,,PTUJ
428346,2026-03-19T17:43:41.554990+00:00,normalized_region,,PODRAVSKA
428327,2026-03-19T17:43:41.554990+00:00,normalized_city,,MEDVODE
428327,2026-03-19T17:43:41.554990+00:00,normalized_region,,OSREDNJESLOVENSKA
427872,2026-03-19T17:43:41.554990+00:00,normalized_city,,VELENJE
427872,2026-03-19T17:43:41.554990+00:00,normalized_region,,SAVINJSKA
427615,2026-03-19T17:43:41.554990+00:00,normalized_city,,LJUBLJANA
427615,2026-03-19T17:43:41.554990+00:00,normalized_region,,OSREDNJESLOVENSKA
427589,2026-03-19T17:43:41.554990+00:00,normalized_city,,POSTOJNA
427589,2026-03-19T17:43:41.554990+00:00,normalized_region,,PRIMORSKO-NOTRANJSKA
427588,2026-03-19T17:43:41.554990+00:00,normalized_city,,PIRAN/PIRANO
427588,2026-03-19T17:43:41.554990+00:00,normalized_region,,OBALNO-KRAŠKA
427587,2026-03-19T17:43:41.554990+00:00,normalized_city,,IZOLA/ISOLA
427587,2026-03-19T17:43:41.554990+00:00,normalized_region,,OBALNO-KRAŠKA
427447,2026-03-19T17:43:41.554990+00:00,normalized_city,,SREDNJA VAS V BOHINJU
427447,2026-03-19T17:43:41.554990+00:00,normalized_region,,GORENJSKA
427123,2026-03-19T17:43:41.554990+00:00,normalized_city,,RIBNICA
427123,2026-03-19T17:43:41.554990+00:00,normalized_region,,JUGOVZHODNA SLOVENIJA
426767,2026-03-19T17:43:41.554990+00:00,normalized_city,,MARIBOR
426767,2026-03-19T17:43:41.554990+00:00,normalized_region,,PODRAVSKA
426282,2026-03-19T17:43:41.554990+00:00,normalized_city,,PIVKA
426282,2026-03-19T17:43:41.554990+00:00,normalized_region,,PRIMORSKO-NOTRANJSKA
426162,2026-03-19T17:43:41.554990+00:00,normalized_city,,GORENJA VAS
426162,2026-03-19T17:43:41.554990+00:00,normalized_region,,ZASAVSKA
425687,2026-03-19T17:43:41.554990+00:00,normalized_city,,TURJAK
425687,2026-03-19T17:43:41.554990+00:00,normalized_region,,OSREDNJESLOVENSKA
425557,2026-03-19T17:43:41.554990+00:00,normalized_city,,CELJE
425557,2026-03-19T17:43:41.554990+00:00,normalized_region,,SAVINJSKA
425039,2026-03-19T17:43:41.554990+00:00,normalized_city,,ŠKOFJA LOKA
425039,2026-03-19T17:43:41.554990+00:00,normalized_region,,GORENJSKA
424661,2026-03-19T17:43:41.554990+00:00,normalized_city,,JESENICE
424661,2026-03-19T17:43:41.554990+00:00,normalized_region,,GORENJSKA
424244,2026-03-19T17:43:41.554990+00:00,normalized_city,,TRBOVLJE
424244,2026-03-19T17:43:41.554990+00:00,normalized_region,,ZASAVSKA
424144,2026-03-19T17:43:41.554990+00:00,normalized_city,,MEDVODE
424144,2026-03-19T17:43:41.554990+00:00,normalized_region,,OSREDNJESLOVENSKA
424019,2026-03-19T17:43:41.554990+00:00,normalized_city,,STRANICE
424019,2026-03-19T17:43:41.554990+00:00,normalized_region,,SAVINJSKA
423400,2026-03-19T17:43:41.554990+00:00,normalized_city,,KOPER/CAPODISTRIA
423400,2026-03-19T17:43:41.554990+00:00,normalized_region,,OBALNO-KRAŠKA
423399,2026-03-19T17:43:41.554990+00:00,normalized_city,,KOPER/CAPODISTRIA
423399,2026-03-19T17:43:41.554990+00:00,normalized_region,,OBALNO-KRAŠKA
423157,2026-03-19T17:43:41.554990+00:00,normalized_city,,LJUBLJANA
423157,2026-03-19T17:43:41.554990+00:00,normalized_region,,OSREDNJESLOVENSKA
