naselje,obcina,regija
ABITANTI,KOPER/CAPODISTRIA,OBALNO-KRAŠKA
ADAMOVO,VELIKE LAŠČE,OSREDNJESLOVENSKA
ADERGAS,CERKLJE NA GORENJSKEM,GORENJSKA
ADLEŠIČI,ČRNOMELJ,JUGOVZHODNA SLOVENIJA
ADRIJANCI,GORNJI PETROVCI,POMURSKA
AJBA,KANAL,GORIŠKA
AJBELJ,KOSTEL,JUGOVZHODNA SLOVENIJA
AJDOVŠČINA,AJDOVŠČINA,GORIŠKA
AJŠEVICA,NOVA GORICA,GORIŠKA
AMBROŽ POD KRVAVCEM,CERKLJE NA GORENJSKEM,GORENJSKA
AMBRUS,IVANČNA GORICA,OSREDNJESLOVENSKA
ANDOL,RIBNICA,JUGOVZHODNA SLOVENIJA
ANDRAŽ NAD POLZELO,POLZELA,SAVINJSKA
ANDREJCI,MORAVSKE TOPLICE,POMURSKA
ANDREJČJE,BLOKE,PRIMORSKO-NOTRANJSKA
ANDRENCI,CERKVENJAK,PODRAVSKA
ANHOVO,KANAL,GORIŠKA
ANKARAN/ANCARANO,ANKARAN/ANCARANO,OBALNO-KRAŠKA
ANOVEC,KRŠKO,POSAVSKA
ANŽE,KRŠKO,POSAVSKA
APAČE,APAČE,POMURSKA
APAČE,KIDRIČEVO,PODRAVSKA
APNENIK,ŠENTJERNEJ,JUGOVZHODNA SLOVENIJA
APNENIK PRI BOŠTANJU,SEVNICA,POSAVSKA
APNENIK PRI VELIKEM TRNU,KRŠKO,POSAVSKA
APNO,CERKLJE NA GORENJSKEM,GORENJSKA
ARCLIN,VOJNIK,SAVINJSKA
ARDRO POD VELIKIM TRNOM,KRŠKO,POSAVSKA
ARDRO PRI RAKI,KRŠKO,POSAVSKA
ARJA VAS,ŽALEC,SAVINJSKA
ARMEŠKO,KRŠKO,POSAVSKA
ARNAČE,VELENJE,SAVINJSKA
ARNOVO SELO,BREŽICE,POSAVSKA
ARTIČE,BREŽICE,POSAVSKA
ARTIŽA VAS,IVANČNA GORICA,OSREDNJESLOVENSKA
ARTMANJA VAS,TREBNJE,JUGOVZHODNA SLOVENIJA
ARTO,SEVNICA,POSAVSKA
ARTVIŽE,HRPELJE - KOZINA,OBALNO-KRAŠKA
ARČELCA,TREBNJE,JUGOVZHODNA SLOVENIJA
AVBER,SEŽANA,OBALNO-KRAŠKA
AVGUŠTINE,KOSTANJEVICA NA KRKI,POSAVSKA
AVSA,KOBARID,GORIŠKA
AVČE,KANAL,GORIŠKA
AŽENSKI VRH,GORNJA RADGONA,POMURSKA
BABINCI,LJUTOMER,POMURSKA
BABIČI,KOPER/CAPODISTRIA,OBALNO-KRAŠKA
BABNA BRDA,ŠMARJE PRI JELŠAH,SAVINJSKA
BABNA GORA,DOBROVA - POLHOV GRADEC,OSREDNJESLOVENSKA
BABNA GORA,TREBNJE,JUGOVZHODNA SLOVENIJA
BABNA GORA,ŠMARJE PRI JELŠAH,SAVINJSKA
BABNA POLICA,LOŠKA DOLINA,PRIMORSKO-NOTRANJSKA
BABNA REKA,ŠMARJE PRI JELŠAH,SAVINJSKA
BABNI VRT,KRANJ,GORENJSKA
BABNO POLJE,LOŠKA DOLINA,PRIMORSKO-NOTRANJSKA
BAKOVCI,MURSKA SOBOTA,POMURSKA
BAKRC,IVANČNA GORICA,OSREDNJESLOVENSKA
BALKOVCI,ČRNOMELJ,JUGOVZHODNA SLOVENIJA
BANE,VELIKE LAŠČE,OSREDNJESLOVENSKA
BANJA LOKA,KOSTEL,JUGOVZHODNA SLOVENIJA
BANJŠICE,NOVA GORICA,GORIŠKA
BANOVCI,VERŽEJ,POMURSKA
BANUTA/BANUTA,LENDAVA/LENDVA,POMURSKA
BARBANA,BRDA,GORIŠKA
BAREDI,IZOLA/ISOLA,OBALNO-KRAŠKA
BARISLOVCI,VIDEM,PODRAVSKA
BARIZONI/BARISONI,KOPER/CAPODISTRIA,OBALNO-KRAŠKA
BARKA,DIVAČA,OBALNO-KRAŠKA
BATE,NOVA GORICA,GORIŠKA
BATUJE,AJDOVŠČINA,GORIŠKA
BAVDEK,VELIKE LAŠČE,OSREDNJESLOVENSKA
BAVŠICA,BOVEC,GORIŠKA
BAČ,ILIRSKA BISTRICA,PRIMORSKO-NOTRANJSKA
BAČ PRI MATERIJI,HRPELJE - KOZINA,OBALNO-KRAŠKA
BAČA PRI MODREJU,TOLMIN,GORIŠKA
BAČA PRI PODBRDU,TOLMIN,GORIŠKA
BAČNE,GORENJA VAS - POLJANE,GORENJSKA
BAŠELJ,PREDDVOR,GORENJSKA
BEDENJ,ČRNOMELJ,JUGOVZHODNA SLOVENIJA
BEGUNJE NA GORENJSKEM,RADOVLJICA,GORENJSKA
BEGUNJE PRI CERKNICI,CERKNICA,PRIMORSKO-NOTRANJSKA
BEKA,HRPELJE - KOZINA,OBALNO-KRAŠKA
BELA,AJDOVŠČINA,GORIŠKA
BELA,KAMNIK,OSREDNJESLOVENSKA
BELA CERKEV,ŠMARJEŠKE TOPLICE,JUGOVZHODNA SLOVENIJA
BELA PEČ,KAMNIK,OSREDNJESLOVENSKA
BELAVŠEK,VIDEM,PODRAVSKA
BELCA,KRANJSKA GORA,GORENJSKA
BELE VODE,ŠOŠTANJ,SAVINJSKA
BELI GRIČ,MOKRONOG - TREBELNO,JUGOVZHODNA SLOVENIJA
BELI POTOK PRI FRANKOLOVEM,VOJNIK,SAVINJSKA
BELI POTOK PRI LEMBERGU,ŠMARJE PRI JELŠAH,SAVINJSKA
BELICA,DOBROVA - POLHOV GRADEC,OSREDNJESLOVENSKA
BELICA,OSILNICA,JUGOVZHODNA SLOVENIJA
BELO,BRDA,GORIŠKA
BELO,MEDVODE,OSREDNJESLOVENSKA
BELO,ŠMARJE PRI JELŠAH,SAVINJSKA
BELOVO,LAŠKO,SAVINJSKA
BELSKI VRH,ZAVRČ,PODRAVSKA
BELSKO,POSTOJNA,PRIMORSKO-NOTRANJSKA
BELTINCI,BELTINCI,POMURSKA
BELVEDUR,KOPER/CAPODISTRIA,OBALNO-KRAŠKA
BELČJI VRH,ČRNOMELJ,JUGOVZHODNA SLOVENIJA
BELŠAK,PREVALJE,KOROŠKA
BELŠINJA VAS,TREBNJE,JUGOVZHODNA SLOVENIJA
BENEDIKT,BENEDIKT,PODRAVSKA
BENETE,BLOKE,PRIMORSKO-NOTRANJSKA
BENEČIJA,TREBNJE,JUGOVZHODNA SLOVENIJA
BENICA,LENDAVA/LENDVA,POMURSKA
BEREČA VAS,METLIKA,JUGOVZHODNA SLOVENIJA
BERINJAK,VIDEM,PODRAVSKA
BERINJEK,LITIJA,ZASAVSKA
BERIČEVO,DOL PRI LJUBLJANI,OSREDNJESLOVENSKA
BERKOVCI,KRIŽEVCI,POMURSKA
BERKOVCI,MORAVSKE TOPLICE,POMURSKA
BERKOVSKI PRELOGI,KRIŽEVCI,POMURSKA
BERTOKI/BERTOCCHI,KOPER/CAPODISTRIA,OBALNO-KRAŠKA
BESNICA,LJUBLJANA,OSREDNJESLOVENSKA
BETANJA,DIVAČA,OBALNO-KRAŠKA
BETONOVO,SODRAŽICA,JUGOVZHODNA SLOVENIJA
BEVKE,VRHNIKA,OSREDNJESLOVENSKA
BEVČE,VELENJE,SAVINJSKA
BEZENA,RUŠE,PODRAVSKA
BEZENŠKOVO BUKOVJE,VOJNIK,SAVINJSKA
BEZGARJI,OSILNICA,JUGOVZHODNA SLOVENIJA
BEZGOVICA,OSILNICA,JUGOVZHODNA SLOVENIJA
BEZGOVICA,ŠMARJE PRI JELŠAH,SAVINJSKA
BEZINA,SLOVENSKE KONJICE,SAVINJSKA
BEZNOVCI,PUCONCI,POMURSKA
BEZOVICA,KOPER/CAPODISTRIA,OBALNO-KRAŠKA
BEZOVICA,VOJNIK,SAVINJSKA
BEZOVJE NAD ZREČAMI,ZREČE,SAVINJSKA
BEZOVJE PRI ŠENTJURJU,ŠENTJUR,SAVINJSKA
BEZULJAK,CERKNICA,PRIMORSKO-NOTRANJSKA
BEČ,CERKNICA,PRIMORSKO-NOTRANJSKA
BEČAJE,CERKNICA,PRIMORSKO-NOTRANJSKA
BILJANA,BRDA,GORIŠKA
BILJE,MIREN - KOSTANJEVICA,GORIŠKA
BINKELJ,ŠKOFJA LOKA,GORENJSKA
BIRNA VAS,SEVNICA,POSAVSKA
BIRČNA VAS,NOVO MESTO,JUGOVZHODNA SLOVENIJA
BISERJANE,SVETI JURIJ OB ŠČAVNICI,POMURSKA
BISTRA,VRHNIKA,OSREDNJESLOVENSKA
BISTRA,ČRNA NA KOROŠKEM,KOROŠKA
BISTRICA,KOZJE,SAVINJSKA
BISTRICA,LITIJA,ZASAVSKA
BISTRICA,NAKLO,GORENJSKA
BISTRICA,ČRNOMELJ,JUGOVZHODNA SLOVENIJA
BISTRICA,ŠENTRUPERT,JUGOVZHODNA SLOVENIJA
BISTRICA OB DRAVI,RUŠE,PODRAVSKA
BISTRICA OB SOTLI,BISTRICA OB SOTLI,POSAVSKA
BISTRICA PRI TRŽIČU,TRŽIČ,GORENJSKA
BISTRIČICA,KAMNIK,OSREDNJESLOVENSKA
BITIČE,LITIJA,ZASAVSKA
BITNJA VAS,MOKRONOG - TREBELNO,JUGOVZHODNA SLOVENIJA
BITNJE,BOHINJ,GORENJSKA
BIZELJSKA VAS,BREŽICE,POSAVSKA
BIZELJSKO,BREŽICE,POSAVSKA
BIČ,TREBNJE,JUGOVZHODNA SLOVENIJA
BIČJE,GROSUPLJE,OSREDNJESLOVENSKA
BIŠ,TRNOVSKA VAS,PODRAVSKA
BIŠEČKI VRH,TRNOVSKA VAS,PODRAVSKA
BIŠKA VAS,MIRNA PEČ,JUGOVZHODNA SLOVENIJA
BIŠČE,DOMŽALE,OSREDNJESLOVENSKA
BLAGOVICA,LUKOVICA,OSREDNJESLOVENSKA
BLAGUŠ,SVETI JURIJ OB ŠČAVNICI,POMURSKA
BLANCA,SEVNICA,POSAVSKA
BLATE,RIBNICA,JUGOVZHODNA SLOVENIJA
BLATNA BREZOVICA,VRHNIKA,OSREDNJESLOVENSKA
BLATNI VRH,LAŠKO,SAVINJSKA
BLATNIK PRI ČRMOŠNJICAH,SEMIČ,JUGOVZHODNA SLOVENIJA
BLATNIK PRI ČRNOMLJU,ČRNOMELJ,JUGOVZHODNA SLOVENIJA
BLATNO,BREŽICE,POSAVSKA
BLATO,SLOVENSKE KONJICE,SAVINJSKA
BLATO,TREBNJE,JUGOVZHODNA SLOVENIJA
BLED,BLED,GORENJSKA
BLEJSKA DOBRAVA,JESENICE,GORENJSKA
BLEČJI VRH,GROSUPLJE,OSREDNJESLOVENSKA
BLODNIK,ZAGORJE OB SAVI,ZASAVSKA
BLOČICE,CERKNICA,PRIMORSKO-NOTRANJSKA
BLOŠKA POLICA,CERKNICA,PRIMORSKO-NOTRANJSKA
BOBEN,HRASTNIK,ZASAVSKA
BOBOVEK,KRANJ,GORENJSKA
BOBOVO PRI PONIKVI,ŠENTJUR,SAVINJSKA
BOBOVO PRI ŠMARJU,ŠMARJE PRI JELŠAH,SAVINJSKA
BODEŠČE,BLED,GORENJSKA
BODISLAVCI,LJUTOMER,POMURSKA
BODKOVCI,JURŠINCI,PODRAVSKA
BODONCI,PUCONCI,POMURSKA
BODOVLJE,ŠKOFJA LOKA,GORENJSKA
BODREŽ,KANAL,GORIŠKA
BODREŽ,ŠMARJE PRI JELŠAH,SAVINJSKA
BODRIŠNA VAS,ŠMARJE PRI JELŠAH,SAVINJSKA
BOGA VAS,IVANČNA GORICA,OSREDNJESLOVENSKA
BOGENŠPERK,ŠMARTNO PRI LITIJI,OSREDNJESLOVENSKA
BOGINJA VAS,METLIKA,JUGOVZHODNA SLOVENIJA
BOGNEČA VAS,MOKRONOG - TREBELNO,JUGOVZHODNA SLOVENIJA
BOGO,SEŽANA,OBALNO-KRAŠKA
BOGOJINA,MORAVSKE TOPLICE,POMURSKA
BOHARINA,ZREČE,SAVINJSKA
BOHINJSKA BELA,BLED,GORENJSKA
BOHINJSKA BISTRICA,BOHINJ,GORENJSKA
BOHINJSKA ČEŠNJICA,BOHINJ,GORENJSKA
BOHOVA,HOČE - SLIVNICA,PODRAVSKA
BOJANCI,ČRNOMELJ,JUGOVZHODNA SLOVENIJA
BOJANJA VAS,METLIKA,JUGOVZHODNA SLOVENIJA
BOJANJI VRH,IVANČNA GORICA,OSREDNJESLOVENSKA
BOJSNO,BREŽICE,POSAVSKA
BOJTINA,SLOVENSKA BISTRICA,PODRAVSKA
BOKRAČI,PUCONCI,POMURSKA
BOLDRAŽ,METLIKA,JUGOVZHODNA SLOVENIJA
BOLEHNEČICI,SVETI JURIJ OB ŠČAVNICI,POMURSKA
BOLETINA,ŠENTJUR,SAVINJSKA
BOLEČKA VAS,MAJŠPERK,PODRAVSKA
BOLTIJA,LITIJA,ZASAVSKA
BONINI,KOPER/CAPODISTRIA,OBALNO-KRAŠKA
BORAČEVA,RADENCI,POMURSKA
BORECI,KRIŽEVCI,POMURSKA
BOREJCI,TIŠINA,POMURSKA
BOREČA,GORNJI PETROVCI,POMURSKA
BORIČEVO,NOVO MESTO,JUGOVZHODNA SLOVENIJA
BORJANA,KOBARID,GORIŠKA
BORJE,ZAGORJE OB SAVI,ZASAVSKA
BORJE PRI MLINŠAH,ZAGORJE OB SAVI,ZASAVSKA
BOROVAK PRI PODKUMU,ZAGORJE OB SAVI,ZASAVSKA
BOROVAK PRI POLŠNIKU,LITIJA,ZASAVSKA
BOROVCI,MARKOVCI,PODRAVSKA
BOROVEC PRI KARLOVICI,VELIKE LAŠČE,OSREDNJESLOVENSKA
BOROVEC PRI KOČEVSKI REKI,KOČEVJE,JUGOVZHODNA SLOVENIJA
BOROVNICA,BOROVNICA,OSREDNJESLOVENSKA
BORŠT,BREŽICE,POSAVSKA
BORŠT,KOPER/CAPODISTRIA,OBALNO-KRAŠKA
BORŠT,METLIKA,JUGOVZHODNA SLOVENIJA
BORŠT PRI DVORU,ŽUŽEMBERK,JUGOVZHODNA SLOVENIJA
BOSLJIVA LOKA,OSILNICA,JUGOVZHODNA SLOVENIJA
BOTRIČNICA,ŠENTJUR,SAVINJSKA
BOVEC,BOVEC,GORIŠKA
BOVŠE,VOJNIK,SAVINJSKA
BOČAJI,KOPER/CAPODISTRIA,OBALNO-KRAŠKA
BOČKOVO,BLOKE,PRIMORSKO-NOTRANJSKA
BOČNA,GORNJI GRAD,SAVINJSKA
BOŠAMARIN/BOSSAMARINO,KOPER/CAPODISTRIA,OBALNO-KRAŠKA
BOŠTANJ,SEVNICA,POSAVSKA
BOŠTETJE,VELIKE LAŠČE,OSREDNJESLOVENSKA
BOŽAKOVO,METLIKA,JUGOVZHODNA SLOVENIJA
BOŽIČ VRH,METLIKA,JUGOVZHODNA SLOVENIJA
BOŽJE,OPLOTNICA,PODRAVSKA
BRANIK,NOVA GORICA,GORIŠKA
BRANKOVO,VELIKE LAŠČE,OSREDNJESLOVENSKA
BRANOSLAVCI,LJUTOMER,POMURSKA
BRASLOVČE,BRASLOVČE,SAVINJSKA
BRATISLAVCI,DORNAVA,PODRAVSKA
BRATNICE,IVANČNA GORICA,OSREDNJESLOVENSKA
BRATONCI,BELTINCI,POMURSKA
BRATONEČICE,SVETI TOMAŽ,PODRAVSKA
BRAČNA VAS,BREŽICE,POSAVSKA
BRCE,ILIRSKA BISTRICA,PRIMORSKO-NOTRANJSKA
BRDA,RADOVLJICA,GORENJSKA
BRDA,SLOVENJ GRADEC,KOROŠKA
BRDARCI,ČRNOMELJ,JUGOVZHODNA SLOVENIJA
BRDCE,HRASTNIK,ZASAVSKA
BRDCE,VOJNIK,SAVINJSKA
BRDCE NAD DOBRNO,DOBRNA,SAVINJSKA
BRDICE PRI KOŽBANI,BRDA,GORIŠKA
BRDICE PRI NEBLEM,BRDA,GORIŠKA
BRDINJE,RAVNE NA KOROŠKEM,KOROŠKA
BRDO,DOMŽALE,OSREDNJESLOVENSKA
BRDO,NAZARJE,SAVINJSKA
BRDO,NOVA GORICA,GORIŠKA
BRDO,SLOVENSKE KONJICE,SAVINJSKA
BRDO,TRŽIČ,GORENJSKA
BRDO,ŠENTJUR,SAVINJSKA
BRDO PRI LUKOVICI,LUKOVICA,OSREDNJESLOVENSKA
BREBOVNICA,GORENJA VAS - POLJANE,GORENJSKA
BRECLJEVO,ŠMARJE PRI JELŠAH,SAVINJSKA
BREG,MAJŠPERK,PODRAVSKA
BREG,MEŽICA,KOROŠKA
BREG,SEVNICA,POSAVSKA
BREG,ŽIROVNICA,GORENJSKA
BREG OB BISTRICI,TRŽIČ,GORENJSKA
BREG OB KOKRI,PREDDVOR,GORENJSKA
BREG OB SAVI,KRANJ,GORENJSKA
BREG PRI BOROVNICI,BOROVNICA,OSREDNJESLOVENSKA
BREG PRI DOBU,IVANČNA GORICA,OSREDNJESLOVENSKA
BREG PRI GOLEM BRDU,BRDA,GORIŠKA
BREG PRI KOMENDI,KOMENDA,OSREDNJESLOVENSKA
BREG PRI KONJICAH,SLOVENSKE KONJICE,SAVINJSKA
BREG PRI KOČEVJU,KOČEVJE,JUGOVZHODNA SLOVENIJA
BREG PRI LITIJI,LITIJA,ZASAVSKA
BREG PRI POLZELI,POLZELA,SAVINJSKA
BREG PRI RIBNICI NA DOL.,RIBNICA,JUGOVZHODNA SLOVENIJA
BREG PRI SINJEM VRHU,ČRNOMELJ,JUGOVZHODNA SLOVENIJA
BREG PRI TEMENICI,IVANČNA GORICA,OSREDNJESLOVENSKA
BREG PRI ZAGRADCU,IVANČNA GORICA,OSREDNJESLOVENSKA
BREGE,KRŠKO,POSAVSKA
BREGINJ,KOBARID,GORIŠKA
BREKOVICE,ŽIRI,GORENJSKA
BRENGOVA,CERKVENJAK,PODRAVSKA
BRESNICA,ORMOŽ,PODRAVSKA
BREST,IG,OSREDNJESLOVENSKA
BRESTANICA,KRŠKO,POSAVSKA
BRESTERNICA,MARIBOR,PODRAVSKA
BRESTJE,BRDA,GORIŠKA
BRESTOVEC,ROGAŠKA SLATINA,SAVINJSKA
BRESTOVICA PRI KOMNU,KOMEN,OBALNO-KRAŠKA
BRESTOVICA PRI POVIRJU,SEŽANA,OBALNO-KRAŠKA
BREZA,TREBNJE,JUGOVZHODNA SLOVENIJA
BREZEN,VITANJE,SAVINJSKA
BREZJE,CERKNICA,PRIMORSKO-NOTRANJSKA
BREZJE,MOZIRJE,SAVINJSKA
BREZJE,NOVO MESTO,JUGOVZHODNA SLOVENIJA
BREZJE,RADOVLJICA,GORENJSKA
BREZJE,SEVNICA,POSAVSKA
BREZJE,SVETI JURIJ OB ŠČAVNICI,POMURSKA
BREZJE,ZAGORJE OB SAVI,ZASAVSKA
BREZJE NAD KAMNIKOM,KAMNIK,OSREDNJESLOVENSKA
BREZJE OB SLOMU,ŠENTJUR,SAVINJSKA
BREZJE POD NANOSOM,POSTOJNA,PRIMORSKO-NOTRANJSKA
BREZJE PRI BOJSNEM,BREŽICE,POSAVSKA
BREZJE PRI DOBJEM,DOBJE,SAVINJSKA
BREZJE PRI DOBROVI,DOBROVA - POLHOV GRADEC,OSREDNJESLOVENSKA
BREZJE PRI DOBU,DOMŽALE,OSREDNJESLOVENSKA
BREZJE PRI DOVŠKEM,KRŠKO,POSAVSKA
BREZJE PRI GROSUPLJEM,GROSUPLJE,OSREDNJESLOVENSKA
BREZJE PRI KUMPOLJU,LITIJA,ZASAVSKA
BREZJE PRI LEKMARJU,ŠMARJE PRI JELŠAH,SAVINJSKA
BREZJE PRI LIPOGLAVU,LJUBLJANA,OSREDNJESLOVENSKA
BREZJE PRI LOČAH,SLOVENSKE KONJICE,SAVINJSKA
BREZJE PRI OPLOTNICI,OPLOTNICA,PODRAVSKA
BREZJE PRI PODPLATU,ROGAŠKA SLATINA,SAVINJSKA
BREZJE PRI POLJČANAH,POLJČANE,PODRAVSKA
BREZJE PRI RAKI,KRŠKO,POSAVSKA
BREZJE PRI ROŽNEM DOLU,SEMIČ,JUGOVZHODNA SLOVENIJA
BREZJE PRI SENUŠAH,KRŠKO,POSAVSKA
BREZJE PRI SLOV. BISTRICI,SLOVENSKA BISTRICA,PODRAVSKA
BREZJE PRI TREBELNEM,MOKRONOG - TREBELNO,JUGOVZHODNA SLOVENIJA
BREZJE PRI TRŽIČU,TRŽIČ,GORENJSKA
BREZJE PRI VELIKI DOLINI,BREŽICE,POSAVSKA
BREZJE PRI VINJEM VRHU,SEMIČ,JUGOVZHODNA SLOVENIJA
BREZJE PRI ŠENTJERNEJU,ŠENTJERNEJ,JUGOVZHODNA SLOVENIJA
BREZJE V PODBOČJU,KRŠKO,POSAVSKA
BREZNI VRH,RADLJE OB DRAVI,KOROŠKA
BREZNICA,PREVALJE,KOROŠKA
BREZNICA,ŽIROVNICA,GORENJSKA
BREZNICA POD LUBNIKOM,ŠKOFJA LOKA,GORENJSKA
BREZNICA PRI ŽIREH,ŽIRI,GORENJSKA
BREZNIK,ZAGORJE OB SAVI,ZASAVSKA
BREZNIK,ČRNOMELJ,JUGOVZHODNA SLOVENIJA
BREZNO,LAŠKO,SAVINJSKA
BREZNO,PODVELKA,KOROŠKA
BREZOVA,CELJE,SAVINJSKA
BREZOVA REBER,SEMIČ,JUGOVZHODNA SLOVENIJA
BREZOVA REBER PRI DVORU,ŽUŽEMBERK,JUGOVZHODNA SLOVENIJA
BREZOVCI,DORNAVA,PODRAVSKA
BREZOVCI,PUCONCI,POMURSKA
BREZOVEC,CIRKULANE,PODRAVSKA
BREZOVEC - DEL,LENDAVA/LENDVA,POMURSKA
BREZOVEC PRI POLJU,PODČETRTEK,SAVINJSKA
BREZOVEC PRI ROGATCU,ROGATEC,SAVINJSKA
BREZOVI DOL,IVANČNA GORICA,OSREDNJESLOVENSKA
BREZOVICA,HRPELJE - KOZINA,OBALNO-KRAŠKA
BREZOVICA,RADOVLJICA,GORENJSKA
BREZOVICA,VELIKA POLANA,POMURSKA
BREZOVICA,ŠMARJEŠKE TOPLICE,JUGOVZHODNA SLOVENIJA
BREZOVICA NA BIZELJSKEM,BREŽICE,POSAVSKA
BREZOVICA PRI BOROVNICI,BOROVNICA,OSREDNJESLOVENSKA
BREZOVICA PRI DOBU,DOMŽALE,OSREDNJESLOVENSKA
BREZOVICA PRI GRADINU,KOPER/CAPODISTRIA,OBALNO-KRAŠKA
BREZOVICA PRI LJUBLJANI,BREZOVICA,OSREDNJESLOVENSKA
BREZOVICA PRI MEDVODAH,MEDVODE,OSREDNJESLOVENSKA
BREZOVICA PRI METLIKI,METLIKA,JUGOVZHODNA SLOVENIJA
BREZOVICA PRI MIRNI,MIRNA,JUGOVZHODNA SLOVENIJA
BREZOVICA PRI PREDGRADU,KOČEVJE,JUGOVZHODNA SLOVENIJA
BREZOVICA PRI STOPIČAH,NOVO MESTO,JUGOVZHODNA SLOVENIJA
BREZOVICA PRI TREBELNEM,MOKRONOG - TREBELNO,JUGOVZHODNA SLOVENIJA
BREZOVICA PRI ZLATEM POLJU,LUKOVICA,OSREDNJESLOVENSKA
BREZOVICA PRI ČRMOŠNJICAH,SEMIČ,JUGOVZHODNA SLOVENIJA
BREZOVICA V PODBOČJU,KRŠKO,POSAVSKA
BREZOVK,BRDA,GORIŠKA
BREZOVO,LITIJA,ZASAVSKA
BREZOVO,SEVNICA,POSAVSKA
BREZOVO BRDO,HRPELJE - KOZINA,OBALNO-KRAŠKA
BREZOVSKA GORA,KRŠKO,POSAVSKA
BREZULA,RAČE - FRAM,PODRAVSKA
BREŠKA VAS,ŠENTJERNEJ,JUGOVZHODNA SLOVENIJA
BREŽE,RIBNICA,JUGOVZHODNA SLOVENIJA
BREŽEC PRI DIVAČI,DIVAČA,OBALNO-KRAŠKA
BREŽEC PRI PODGORJU,KOPER/CAPODISTRIA,OBALNO-KRAŠKA
BREŽICE,BREŽICE,POSAVSKA
BRGLEZ,LITIJA,ZASAVSKA
BRIGA,KOSTEL,JUGOVZHODNA SLOVENIJA
BRINJE,DOL PRI LJUBLJANI,OSREDNJESLOVENSKA
BRINJE,ŠENTRUPERT,JUGOVZHODNA SLOVENIJA
BRINOVŠČICA,RIBNICA,JUGOVZHODNA SLOVENIJA
BRITOF,KRANJ,GORENJSKA
BRIČ,KOPER/CAPODISTRIA,OBALNO-KRAŠKA
BRIŠE,KAMNIK,OSREDNJESLOVENSKA
BRIŠE,ZAGORJE OB SAVI,ZASAVSKA
BRIŠE PRI POLHOVEM GRADCU,DOBROVA - POLHOV GRADEC,OSREDNJESLOVENSKA
BRJE,AJDOVŠČINA,GORIŠKA
BRJE PRI KOMNU,KOMEN,OBALNO-KRAŠKA
BRJE PRI KOPRIVI,SEŽANA,OBALNO-KRAŠKA
BRLOG,KRŠKO,POSAVSKA
BRLOG - DEL,SODRAŽICA,JUGOVZHODNA SLOVENIJA
BRLOG - DEL,VELIKE LAŠČE,OSREDNJESLOVENSKA
BRNICA,HRASTNIK,ZASAVSKA
BRNICA,ŽALEC,SAVINJSKA
BROD,BOHINJ,GORENJSKA
BROD V PODBOČJU,KRŠKO,POSAVSKA
BRODE,VRANSKO,SAVINJSKA
BRODE,ŠKOFJA LOKA,GORENJSKA
BRODNICE,LAŠKO,SAVINJSKA
BRSNIK,KOSTEL,JUGOVZHODNA SLOVENIJA
BRSTNIK,LAŠKO,SAVINJSKA
BRSTOVEC,SEMIČ,JUGOVZHODNA SLOVENIJA
BRSTOVNICA,LAŠKO,SAVINJSKA
BRUHANJA VAS,DOBREPOLJE,OSREDNJESLOVENSKA
BRUNA VAS,MOKRONOG - TREBELNO,JUGOVZHODNA SLOVENIJA
BRUNK,RADEČE,POSAVSKA
BRUNŠKA GORA,RADEČE,POSAVSKA
BRUNŠVIK,STARŠE,PODRAVSKA
BRVACE,GROSUPLJE,OSREDNJESLOVENSKA
BRVI,BREŽICE,POSAVSKA
BRŠLENOVICA,LUKOVICA,OSREDNJESLOVENSKA
BUDANJE,AJDOVŠČINA,GORIŠKA
BUDGANJA VAS,ŽUŽEMBERK,JUGOVZHODNA SLOVENIJA
BUDIHNI,NOVA GORICA,GORIŠKA
BUDINCI,ŠALOVCI,POMURSKA
BUDNA VAS,SEVNICA,POSAVSKA
BUJE,PIVKA,PRIMORSKO-NOTRANJSKA
BUKOV VRH,GORENJA VAS - POLJANE,GORENJSKA
BUKOV VRH NAD VISOKIM,ŠKOFJA LOKA,GORENJSKA
BUKOVA GORA,KOČEVJE,JUGOVZHODNA SLOVENIJA
BUKOVCA,LAŠKO,SAVINJSKA
BUKOVCI,MARKOVCI,PODRAVSKA
BUKOVEC,SLOVENSKA BISTRICA,PODRAVSKA
BUKOVEC,VELIKE LAŠČE,OSREDNJESLOVENSKA
BUKOVEC PRI POLJANAH,RIBNICA,JUGOVZHODNA SLOVENIJA
BUKOVICA,IVANČNA GORICA,OSREDNJESLOVENSKA
BUKOVICA,RENČE - VOGRSKO,GORIŠKA
BUKOVICA,RIBNICA,JUGOVZHODNA SLOVENIJA
BUKOVICA,ŠKOFJA LOKA,GORENJSKA
BUKOVICA PRI LITIJI,ŠMARTNO PRI LITIJI,OSREDNJESLOVENSKA
BUKOVICA PRI VODICAH,VODICE,OSREDNJESLOVENSKA
BUKOVJE,BREŽICE,POSAVSKA
BUKOVJE,DRAVOGRAD,KOROŠKA
BUKOVJE,POSTOJNA,PRIMORSKO-NOTRANJSKA
BUKOVJE PRI SLIVNICI,ŠENTJUR,SAVINJSKA
BUKOVJE V BABNI GORI,ŠMARJE PRI JELŠAH,SAVINJSKA
BUKOVLJE,ZREČE,SAVINJSKA
BUKOVNICA,MORAVSKE TOPLICE,POMURSKA
BUKOVO,CERKNO,GORIŠKA
BUKOVSKA VAS,DRAVOGRAD,KOROŠKA
BUKOVSKI VRH,TOLMIN,GORIŠKA
BUKOVŠČICA,ŠKOFJA LOKA,GORENJSKA
BUKOVŽLAK,CELJE,SAVINJSKA
BUKOŠEK,BREŽICE,POSAVSKA
BUNČANI,VERŽEJ,POMURSKA
BUTAJNOVA,DOBROVA - POLHOV GRADEC,OSREDNJESLOVENSKA
BUTARI,KOPER/CAPODISTRIA,OBALNO-KRAŠKA
BUTORAJ,ČRNOMELJ,JUGOVZHODNA SLOVENIJA
BUČ,KAMNIK,OSREDNJESLOVENSKA
BUČE,KOZJE,SAVINJSKA
BUČERCA,KRŠKO,POSAVSKA
BUČEČOVCI,KRIŽEVCI,POMURSKA
BUČKA,ŠKOCJAN,JUGOVZHODNA SLOVENIJA
BUČKOVCI,LJUTOMER,POMURSKA
BUŠEČA VAS,BREŽICE,POSAVSKA
BUŠINEC,DOLENJSKE TOPLICE,JUGOVZHODNA SLOVENIJA
BUŠINJA VAS,METLIKA,JUGOVZHODNA SLOVENIJA
CAJNARJE,CERKNICA,PRIMORSKO-NOTRANJSKA
CANKOVA,CANKOVA,POMURSKA
CEGELNICA,NAKLO,GORENJSKA
CEGLO,BRDA,GORIŠKA
CELESTRINA,MARIBOR,PODRAVSKA
CELINE,KRŠKO,POSAVSKA
CELJE,CELJE,SAVINJSKA
CENKOVA,CERKVENJAK,PODRAVSKA
CENTA,VELIKE LAŠČE,OSREDNJESLOVENSKA
CEPKI,KOPER/CAPODISTRIA,OBALNO-KRAŠKA
CEREJ/CEREI,KOPER/CAPODISTRIA,OBALNO-KRAŠKA
CERINA,BREŽICE,POSAVSKA
CERKLJANSKA DOBRAVA,CERKLJE NA GORENJSKEM,GORENJSKA
CERKLJANSKI VRH,CERKNO,GORIŠKA
CERKLJE NA GORENJSKEM,CERKLJE NA GORENJSKEM,GORENJSKA
CERKLJE OB KRKI,BREŽICE,POSAVSKA
CERKNICA,CERKNICA,PRIMORSKO-NOTRANJSKA
CERKNO,CERKNO,GORIŠKA
CERKVENJAK,CERKVENJAK,PODRAVSKA
CERKVIŠČE,ČRNOMELJ,JUGOVZHODNA SLOVENIJA
CEROV LOG,ŠENTJERNEJ,JUGOVZHODNA SLOVENIJA
CEROVEC,DOLENJSKE TOPLICE,JUGOVZHODNA SLOVENIJA
CEROVEC,SEVNICA,POSAVSKA
CEROVEC,ŠENTJUR,SAVINJSKA
CEROVEC POD BOČEM,ROGAŠKA SLATINA,SAVINJSKA
CEROVEC PRI TREBELNEM,MOKRONOG - TREBELNO,JUGOVZHODNA SLOVENIJA
CEROVEC PRI ČREŠNJEVCU,SEMIČ,JUGOVZHODNA SLOVENIJA
CEROVEC PRI ŠMARJU,ŠMARJE PRI JELŠAH,SAVINJSKA
CEROVEC STANKA VRAZA,ORMOŽ,PODRAVSKA
CEROVICA,ŠMARTNO PRI LITIJI,OSREDNJESLOVENSKA
CEROVO,GROSUPLJE,OSREDNJESLOVENSKA
CERŠAK,ŠENTILJ,PODRAVSKA
CESTA,AJDOVŠČINA,GORIŠKA
CESTA,DOBREPOLJE,OSREDNJESLOVENSKA
CESTA,KRŠKO,POSAVSKA
CESTA,TREBNJE,JUGOVZHODNA SLOVENIJA
CESTE,ROGAŠKA SLATINA,SAVINJSKA
CETORE,IZOLA/ISOLA,OBALNO-KRAŠKA
CEZANJEVCI,LJUTOMER,POMURSKA
CEZLAK,SLOVENSKA BISTRICA,PODRAVSKA
CIGLENCE,DUPLEK,PODRAVSKA
CIGONCA,SLOVENSKA BISTRICA,PODRAVSKA
CIKAVA,GROSUPLJE,OSREDNJESLOVENSKA
CIKAVA,MOKRONOG - TREBELNO,JUGOVZHODNA SLOVENIJA
CIRINGA,KUNGOTA,PODRAVSKA
CIRJE,KRŠKO,POSAVSKA
CIRKNICA,ŠENTILJ,PODRAVSKA
CIRKOVCE,KIDRIČEVO,PODRAVSKA
CIRKULANE,CIRKULANE,PODRAVSKA
CIRKUŠE,LITIJA,ZASAVSKA
CIRKUŠE V TUHINJU,KAMNIK,OSREDNJESLOVENSKA
CIRNIK,BREŽICE,POSAVSKA
CIRNIK,MIRNA,JUGOVZHODNA SLOVENIJA
CMEREŠKA GORCA,PODČETRTEK,SAVINJSKA
COGETINCI,CERKVENJAK,PODRAVSKA
COL,AJDOVŠČINA,GORIŠKA
COLJAVA,KOMEN,OBALNO-KRAŠKA
COLNARJI,KOSTEL,JUGOVZHODNA SLOVENIJA
CRNGROB,ŠKOFJA LOKA,GORENJSKA
CUBER,LJUTOMER,POMURSKA
CUNDROVEC,BREŽICE,POSAVSKA
CUNKOVCI,GORIŠNICA,PODRAVSKA
CURNOVEC,BREŽICE,POSAVSKA
CURNOVEC,LAŠKO,SAVINJSKA
CVEN,LJUTOMER,POMURSKA
CVETKOVCI,ORMOŽ,PODRAVSKA
CVIŠLERJI,KOČEVJE,JUGOVZHODNA SLOVENIJA
DABER,TOLMIN,GORIŠKA
DALCE,KRŠKO,POSAVSKA
DALJNI VRH,NOVO MESTO,JUGOVZHODNA SLOVENIJA
DALNJE NJIVE,ČRNOMELJ,JUGOVZHODNA SLOVENIJA
DAMELJ,ČRNOMELJ,JUGOVZHODNA SLOVENIJA
DANE,LOŠKA DOLINA,PRIMORSKO-NOTRANJSKA
DANE,RIBNICA,JUGOVZHODNA SLOVENIJA
DANE PRI DIVAČI,DIVAČA,OBALNO-KRAŠKA
DANE PRI SEŽANI,SEŽANA,OBALNO-KRAŠKA
DANKOVCI,PUCONCI,POMURSKA
DAVČA,ŽELEZNIKI,GORENJSKA
DEBENEC,MIRNA,JUGOVZHODNA SLOVENIJA
DEBENI,GORENJA VAS - POLJANE,GORENJSKA
DEBEČE,IVANČNA GORICA,OSREDNJESLOVENSKA
DEBRO,LAŠKO,SAVINJSKA
DEDNA GORA,SEVNICA,POSAVSKA
DEDNI DOL,IVANČNA GORICA,OSREDNJESLOVENSKA
DEDNI VRH,KRŠKO,POSAVSKA
DEDNI VRH PRI VOJNIKU,VOJNIK,SAVINJSKA
DEDNIK,VELIKE LAŠČE,OSREDNJESLOVENSKA
DEDNJA VAS,BREŽICE,POSAVSKA
DEKANI,KOPER/CAPODISTRIA,OBALNO-KRAŠKA
DEKMANCA,BISTRICA OB SOTLI,POSAVSKA
DELAČ,KOSTEL,JUGOVZHODNA SLOVENIJA
DELNICE,GORENJA VAS - POLJANE,GORENJSKA
DEPALA VAS,DOMŽALE,OSREDNJESLOVENSKA
DESENCI,DESTRNIK,PODRAVSKA
DESINEC,ČRNOMELJ,JUGOVZHODNA SLOVENIJA
DESKLE,KANAL,GORIŠKA
DESKOVA VAS,ČRNOMELJ,JUGOVZHODNA SLOVENIJA
DESNJAK,LJUTOMER,POMURSKA
DESTRNIK,DESTRNIK,PODRAVSKA
DEVINA,SLOVENSKA BISTRICA,PODRAVSKA
DEČINA,ČRNOMELJ,JUGOVZHODNA SLOVENIJA
DEČJA VAS,TREBNJE,JUGOVZHODNA SLOVENIJA
DEČJA VAS PRI ZAGRADCU,IVANČNA GORICA,OSREDNJESLOVENSKA
DEČNO SELO,BREŽICE,POSAVSKA
DEŠEN,MORAVČE,OSREDNJESLOVENSKA
DEŠEČA VAS,ŽUŽEMBERK,JUGOVZHODNA SLOVENIJA
DEŽNO PRI MAKOLAH,MAKOLE,PODRAVSKA
DEŽNO PRI PODLEHNIKU,PODLEHNIK,PODRAVSKA
DILCE,POSTOJNA,PRIMORSKO-NOTRANJSKA
DILICI,KOPER/CAPODISTRIA,OBALNO-KRAŠKA
DIVAČA,DIVAČA,OBALNO-KRAŠKA
DIVČI,KOMEN,OBALNO-KRAŠKA
DOB,DOMŽALE,OSREDNJESLOVENSKA
DOB PRI ŠENTVIDU,IVANČNA GORICA,OSREDNJESLOVENSKA
DOBE,KOSTANJEVICA NA KRKI,POSAVSKA
DOBEC,CERKNICA,PRIMORSKO-NOTRANJSKA
DOBENO,BREŽICE,POSAVSKA
DOBENO,MENGEŠ,OSREDNJESLOVENSKA
DOBINDOL,DOLENJSKE TOPLICE,JUGOVZHODNA SLOVENIJA
DOBJA VAS,RAVNE NA KOROŠKEM,KOROŠKA
DOBJE,GORENJA VAS - POLJANE,GORENJSKA
DOBJE,GROSUPLJE,OSREDNJESLOVENSKA
DOBJE,LITIJA,ZASAVSKA
DOBJE PRI LESIČNEM,ŠENTJUR,SAVINJSKA
DOBJE PRI PLANINI,DOBJE,SAVINJSKA
DOBLAR,KANAL,GORIŠKA
DOBLATINA,LAŠKO,SAVINJSKA
DOBLETINA,NAZARJE,SAVINJSKA
DOBLEŽIČE,KOZJE,SAVINJSKA
DOBLIČE,ČRNOMELJ,JUGOVZHODNA SLOVENIJA
DOBLIČKA GORA,ČRNOMELJ,JUGOVZHODNA SLOVENIJA
DOBOVA,BREŽICE,POSAVSKA
DOBOVEC,TRBOVLJE,ZASAVSKA
DOBOVEC PRI PONIKVI,ŠENTJUR,SAVINJSKA
DOBOVEC PRI ROGATCU,ROGATEC,SAVINJSKA
DOBOVICA,LITIJA,ZASAVSKA
DOBOVLJE,DOMŽALE,OSREDNJESLOVENSKA
DOBOVO,NOVO MESTO,JUGOVZHODNA SLOVENIJA
DOBRAVA,KRIŽEVCI,POMURSKA
DOBRAVA,ORMOŽ,PODRAVSKA
DOBRAVA,RADEČE,POSAVSKA
DOBRAVA,RADLJE OB DRAVI,KOROŠKA
DOBRAVA,TREBNJE,JUGOVZHODNA SLOVENIJA
DOBRAVA OB KRKI,KRŠKO,POSAVSKA
DOBRAVA POD RAKO,KRŠKO,POSAVSKA
DOBRAVA PRI KONJICAH,SLOVENSKE KONJICE,SAVINJSKA
DOBRAVA PRI KOSTANJEVICI,KOSTANJEVICA NA KRKI,POSAVSKA
DOBRAVA PRI STIČNI,IVANČNA GORICA,OSREDNJESLOVENSKA
DOBRAVA PRI ŠKOCJANU,ŠKOCJAN,JUGOVZHODNA SLOVENIJA
DOBRAVA/DOBRAVA PRESSO ISOLA,IZOLA/ISOLA,OBALNO-KRAŠKA
DOBRAVICA,IG,OSREDNJESLOVENSKA
DOBRAVICA,RADOVLJICA,GORENJSKA
DOBRAVICA,ŠENTJERNEJ,JUGOVZHODNA SLOVENIJA
DOBRAVICA PRI VEL. GABRU,TREBNJE,JUGOVZHODNA SLOVENIJA
DOBRAVLJE,AJDOVŠČINA,GORIŠKA
DOBRAVLJE,SEŽANA,OBALNO-KRAŠKA
DOBRAVŠCE,GORENJA VAS - POLJANE,GORENJSKA
DOBRIJE,RAVNE NA KOROŠKEM,KOROŠKA
DOBRINA,ŠENTJUR,SAVINJSKA
DOBRINA,ŽETALE,PODRAVSKA
DOBRIČ,POLZELA,SAVINJSKA
DOBRIŠA VAS,ŽALEC,SAVINJSKA
DOBRIŠKA VAS,OPLOTNICA,PODRAVSKA
DOBRLJEVO,ZAGORJE OB SAVI,ZASAVSKA
DOBRNA,DOBRNA,SAVINJSKA
DOBRNEŽ,SLOVENSKE KONJICE,SAVINJSKA
DOBRNIČ,TREBNJE,JUGOVZHODNA SLOVENIJA
DOBRO POLJE,RADOVLJICA,GORENJSKA
DOBROPOLJE,ILIRSKA BISTRICA,PRIMORSKO-NOTRANJSKA
DOBROVA,CELJE,SAVINJSKA
DOBROVA,DOBROVA - POLHOV GRADEC,OSREDNJESLOVENSKA
DOBROVA,KRŠKO,POSAVSKA
DOBROVA PRI DRAVOGRADU,DRAVOGRAD,KOROŠKA
DOBROVA PRI PRIHOVI,OPLOTNICA,PODRAVSKA
DOBROVCE,MIKLAVŽ NA DRAVSKEM POLJU,PODRAVSKA
DOBROVLJE,BRASLOVČE,SAVINJSKA
DOBROVLJE,ZREČE,SAVINJSKA
DOBROVLJE PRI MOZIRJU,MOZIRJE,SAVINJSKA
DOBROVNIK/DOBRONAK,DOBROVNIK/DOBRONAK,POMURSKA
DOBROVO,BRDA,GORIŠKA
DOBROVŠČAK,ORMOŽ,PODRAVSKA
DOBRUŠA,VODICE,OSREDNJESLOVENSKA
DOBRUŠKA VAS,ŠKOCJAN,JUGOVZHODNA SLOVENIJA
DOGOŠE,MARIBOR,PODRAVSKA
DOKLECE,MAJŠPERK,PODRAVSKA
DOKLEŽOVJE,BELTINCI,POMURSKA
DOL,GORNJI GRAD,SAVINJSKA
DOL,KOČEVJE,JUGOVZHODNA SLOVENIJA
DOL,KRŠKO,POSAVSKA
DOL,MEDVODE,OSREDNJESLOVENSKA
DOL POD GOJKO,VOJNIK,SAVINJSKA
DOL PRI BOROVNICI,BOROVNICA,OSREDNJESLOVENSKA
DOL PRI HRASTNIKU,HRASTNIK,ZASAVSKA
DOL PRI HRASTOVLJAH,KOPER/CAPODISTRIA,OBALNO-KRAŠKA
DOL PRI LAŠKEM,LAŠKO,SAVINJSKA
DOL PRI LJUBLJANI,DOL PRI LJUBLJANI,OSREDNJESLOVENSKA
DOL PRI PRISTAVI,ŠMARJE PRI JELŠAH,SAVINJSKA
DOL PRI STOPERCAH,MAJŠPERK,PODRAVSKA
DOL PRI TREBNJEM,TREBNJE,JUGOVZHODNA SLOVENIJA
DOL PRI VOGLJAH,SEŽANA,OBALNO-KRAŠKA
DOL PRI ŠMARJETI,ŠMARJEŠKE TOPLICE,JUGOVZHODNA SLOVENIJA
DOL PRI ŠMARJU,ŠMARJE PRI JELŠAH,SAVINJSKA
DOL-SUHA,REČICA OB SAVINJI,SAVINJSKA
DOLANCI,KOMEN,OBALNO-KRAŠKA
DOLANE,CIRKULANE,PODRAVSKA
DOLE,IDRIJA,GORIŠKA
DOLE,METLIKA,JUGOVZHODNA SLOVENIJA
DOLE,ŠENTJUR,SAVINJSKA
DOLE POD SV. TROJICO,MORAVČE,OSREDNJESLOVENSKA
DOLE PRI KRAŠCAH,MORAVČE,OSREDNJESLOVENSKA
DOLE PRI LITIJI,LITIJA,ZASAVSKA
DOLE PRI POLICI,GROSUPLJE,OSREDNJESLOVENSKA
DOLE PRI ŠKOFLJICI,ŠKOFLJICA,OSREDNJESLOVENSKA
DOLENA,VIDEM,PODRAVSKA
DOLENCI,ŠALOVCI,POMURSKA
DOLENJA BREZOVICA,BREZOVICA,OSREDNJESLOVENSKA
DOLENJA BREZOVICA,ŠENTJERNEJ,JUGOVZHODNA SLOVENIJA
DOLENJA DOBRAVA,GORENJA VAS - POLJANE,GORENJSKA
DOLENJA DOBRAVA,TREBNJE,JUGOVZHODNA SLOVENIJA
DOLENJA LEPA VAS,KRŠKO,POSAVSKA
DOLENJA NEMŠKA VAS,TREBNJE,JUGOVZHODNA SLOVENIJA
DOLENJA PIROŠICA,BREŽICE,POSAVSKA
DOLENJA PODGORA,ČRNOMELJ,JUGOVZHODNA SLOVENIJA
DOLENJA RAVAN,GORENJA VAS - POLJANE,GORENJSKA
DOLENJA STARA VAS,ŠENTJERNEJ,JUGOVZHODNA SLOVENIJA
DOLENJA TREBUŠA,TOLMIN,GORIŠKA
DOLENJA VAS,CERKNICA,PRIMORSKO-NOTRANJSKA
DOLENJA VAS,DIVAČA,OBALNO-KRAŠKA
DOLENJA VAS,NOVO MESTO,JUGOVZHODNA SLOVENIJA
DOLENJA VAS,PREBOLD,SAVINJSKA
DOLENJA VAS,RIBNICA,JUGOVZHODNA SLOVENIJA
DOLENJA VAS,ZAGORJE OB SAVI,ZASAVSKA
DOLENJA VAS,ŽELEZNIKI,GORENJSKA
DOLENJA VAS PRI ARTIČAH,BREŽICE,POSAVSKA
DOLENJA VAS PRI KRŠKEM,KRŠKO,POSAVSKA
DOLENJA VAS PRI MIRNI PEČI,MIRNA PEČ,JUGOVZHODNA SLOVENIJA
DOLENJA VAS PRI POLHOVEM GRADCU,DOBROVA - POLHOV GRADEC,OSREDNJESLOVENSKA
DOLENJA VAS PRI POLICI,GROSUPLJE,OSREDNJESLOVENSKA
DOLENJA VAS PRI RAKI,KRŠKO,POSAVSKA
DOLENJA VAS PRI TEMENICI,IVANČNA GORICA,OSREDNJESLOVENSKA
DOLENJA VAS PRI ČATEŽU,TREBNJE,JUGOVZHODNA SLOVENIJA
DOLENJA VAS PRI ČRNOMLJU,ČRNOMELJ,JUGOVZHODNA SLOVENIJA
DOLENJA ŽAGA,KOSTEL,JUGOVZHODNA SLOVENIJA
DOLENJA ŽETINA,GORENJA VAS - POLJANE,GORENJSKA
DOLENJCI,ČRNOMELJ,JUGOVZHODNA SLOVENIJA
DOLENJE,AJDOVŠČINA,GORIŠKA
DOLENJE,DOMŽALE,OSREDNJESLOVENSKA
DOLENJE,SEŽANA,OBALNO-KRAŠKA
DOLENJE BRDO,GORENJA VAS - POLJANE,GORENJSKA
DOLENJE DOLE,ŠKOCJAN,JUGOVZHODNA SLOVENIJA
DOLENJE GRADIŠČE,DOLENJSKE TOPLICE,JUGOVZHODNA SLOVENIJA
DOLENJE GRADIŠČE PRI ŠENTJ.,ŠENTJERNEJ,JUGOVZHODNA SLOVENIJA
DOLENJE GRČEVJE,NOVO MESTO,JUGOVZHODNA SLOVENIJA
DOLENJE JESENICE,ŠENTRUPERT,JUGOVZHODNA SLOVENIJA
DOLENJE JEZERO,CERKNICA,PRIMORSKO-NOTRANJSKA
DOLENJE KALIŠČE,VELIKE LAŠČE,OSREDNJESLOVENSKA
DOLENJE KAMENJE,NOVO MESTO,JUGOVZHODNA SLOVENIJA
DOLENJE KAMENJE PRI DOBRNIČU,TREBNJE,JUGOVZHODNA SLOVENIJA
DOLENJE KARTELJEVO,NOVO MESTO,JUGOVZHODNA SLOVENIJA
DOLENJE KRONOVO,ŠMARJEŠKE TOPLICE,JUGOVZHODNA SLOVENIJA
DOLENJE LAKNICE,MOKRONOG - TREBELNO,JUGOVZHODNA SLOVENIJA
DOLENJE LAKOVNICE,NOVO MESTO,JUGOVZHODNA SLOVENIJA
DOLENJE MEDVEDJE SELO,TREBNJE,JUGOVZHODNA SLOVENIJA
DOLENJE MOKRO POLJE,ŠENTJERNEJ,JUGOVZHODNA SLOVENIJA
DOLENJE NEKOVO,KANAL,GORIŠKA
DOLENJE OTAVE,CERKNICA,PRIMORSKO-NOTRANJSKA
DOLENJE PODPOLJANE,RIBNICA,JUGOVZHODNA SLOVENIJA
DOLENJE POLJANE,LOŠKA DOLINA,PRIMORSKO-NOTRANJSKA
DOLENJE POLJE,DOLENJSKE TOPLICE,JUGOVZHODNA SLOVENIJA
DOLENJE PONIKVE,TREBNJE,JUGOVZHODNA SLOVENIJA
DOLENJE PRI JELŠANAH,ILIRSKA BISTRICA,PRIMORSKO-NOTRANJSKA
DOLENJE RADULJE,ŠKOCJAN,JUGOVZHODNA SLOVENIJA
DOLENJE SELCE,TREBNJE,JUGOVZHODNA SLOVENIJA
DOLENJE SKOPICE,BREŽICE,POSAVSKA
DOLENJE SUŠICE,DOLENJSKE TOPLICE,JUGOVZHODNA SLOVENIJA
DOLENJE VRHPOLJE,ŠENTJERNEJ,JUGOVZHODNA SLOVENIJA
DOLENJE ZABUKOVJE,MOKRONOG - TREBELNO,JUGOVZHODNA SLOVENIJA
DOLENJI BOŠTANJ,SEVNICA,POSAVSKA
DOLENJI GLOBODOL,MIRNA PEČ,JUGOVZHODNA SLOVENIJA
DOLENJI LAZI,RIBNICA,JUGOVZHODNA SLOVENIJA
DOLENJI LESKOVEC,KRŠKO,POSAVSKA
DOLENJI MAHAROVEC,ŠENTJERNEJ,JUGOVZHODNA SLOVENIJA
DOLENJI NOVAKI,CERKNO,GORIŠKA
DOLENJI PODBORŠT,MIRNA PEČ,JUGOVZHODNA SLOVENIJA
DOLENJI PODBORŠT PRI TREB.,TREBNJE,JUGOVZHODNA SLOVENIJA
DOLENJI PODŠUMBERK,TREBNJE,JUGOVZHODNA SLOVENIJA
DOLENJI POTOK,KOSTEL,JUGOVZHODNA SLOVENIJA
DOLENJI RADENCI,ČRNOMELJ,JUGOVZHODNA SLOVENIJA
DOLENJI SUHADOL,NOVO MESTO,JUGOVZHODNA SLOVENIJA
DOLENJI SUHOR PRI VINICI,ČRNOMELJ,JUGOVZHODNA SLOVENIJA
DOLENJI VRH,TREBNJE,JUGOVZHODNA SLOVENIJA
DOLENJSKE TOPLICE,DOLENJSKE TOPLICE,JUGOVZHODNA SLOVENIJA
DOLENČICE,GORENJA VAS - POLJANE,GORENJSKA
DOLGA BRDA,PREVALJE,KOROŠKA
DOLGA GORA,ŠENTJUR,SAVINJSKA
DOLGA NJIVA PRI ŠENTLOVREN.,TREBNJE,JUGOVZHODNA SLOVENIJA
DOLGA POLJANA,AJDOVŠČINA,GORIŠKA
DOLGA RAKA,KRŠKO,POSAVSKA
DOLGA VAS,KOČEVJE,JUGOVZHODNA SLOVENIJA
DOLGA VAS/HOSSZUFALU,LENDAVA/LENDVA,POMURSKA
DOLGE NJIVE,GORENJA VAS - POLJANE,GORENJSKA
DOLGE NJIVE,LENART,PODRAVSKA
DOLGI LAZ,TOLMIN,GORIŠKA
DOLGI VRH,SLOVENSKA BISTRICA,PODRAVSKA
DOLGO BRDO,LITIJA,ZASAVSKA
DOLGO BRDO,LJUBLJANA,OSREDNJESLOVENSKA
DOLGO BRDO PRI MLINŠAH,ZAGORJE OB SAVI,ZASAVSKA
DOLGOVAŠKE GORICE/HOSSZUFALUHEGY,LENDAVA/LENDVA,POMURSKA
DOLINA,PUCONCI,POMURSKA
DOLINA,TRŽIČ,GORENJSKA
DOLINA PRI LENDAVI/VOLGYIFALU,LENDAVA/LENDVA,POMURSKA
DOLIČ,DESTRNIK,PODRAVSKA
DOLIČ,KUZMA,POMURSKA
DOLJE,TOLMIN,GORIŠKA
DOLNJA BISTRICA,ČRENŠOVCI,POMURSKA
DOLNJA BITNJA,ILIRSKA BISTRICA,PRIMORSKO-NOTRANJSKA
DOLNJA BRIGA,KOČEVJE,JUGOVZHODNA SLOVENIJA
DOLNJA KOŠANA,PIVKA,PRIMORSKO-NOTRANJSKA
DOLNJA LOKVICA,METLIKA,JUGOVZHODNA SLOVENIJA
DOLNJA PAKA,ČRNOMELJ,JUGOVZHODNA SLOVENIJA
DOLNJA POČEHOVA,PESNICA,PODRAVSKA
DOLNJA PREKOPA,KOSTANJEVICA NA KRKI,POSAVSKA
DOLNJA STARA VAS,ŠKOCJAN,JUGOVZHODNA SLOVENIJA
DOLNJA TEŽKA VODA,NOVO MESTO,JUGOVZHODNA SLOVENIJA
DOLNJE BREZOVO,SEVNICA,POSAVSKA
DOLNJE CEROVO,BRDA,GORIŠKA
DOLNJE DOBRAVICE,METLIKA,JUGOVZHODNA SLOVENIJA
DOLNJE IMPOLJE,SEVNICA,POSAVSKA
DOLNJE LEŽEČE,DIVAČA,OBALNO-KRAŠKA
DOLNJE LOŽINE,KOČEVJE,JUGOVZHODNA SLOVENIJA
DOLNJE MRAŠEVO,STRAŽA,JUGOVZHODNA SLOVENIJA
DOLNJE ORLE,SEVNICA,POSAVSKA
DOLNJE PRAPREČE,TREBNJE,JUGOVZHODNA SLOVENIJA
DOLNJE RETJE,VELIKE LAŠČE,OSREDNJESLOVENSKA
DOLNJE VREME,DIVAČA,OBALNO-KRAŠKA
DOLNJI AJDOVEC,ŽUŽEMBERK,JUGOVZHODNA SLOVENIJA
DOLNJI KOT,ŽUŽEMBERK,JUGOVZHODNA SLOVENIJA
DOLNJI KRIŽ,ŽUŽEMBERK,JUGOVZHODNA SLOVENIJA
DOLNJI LAKOŠ/ALSOLAKOS,LENDAVA/LENDVA,POMURSKA
DOLNJI SLAVEČI,GRAD,POMURSKA
DOLNJI SUHOR PRI METLIKI,METLIKA,JUGOVZHODNA SLOVENIJA
DOLNJI VRH,ŠMARTNO PRI LITIJI,OSREDNJESLOVENSKA
DOLNJI ZEMON,ILIRSKA BISTRICA,PRIMORSKO-NOTRANJSKA
DOLSKO,DOL PRI LJUBLJANI,OSREDNJESLOVENSKA
DOLŠCE,KOSTANJEVICA NA KRKI,POSAVSKA
DOLŠČAKI,VELIKE LAŠČE,OSREDNJESLOVENSKA
DOLŽ,NOVO MESTO,JUGOVZHODNA SLOVENIJA
DOMAJINCI,CANKOVA,POMURSKA
DOMANJŠEVCI,ŠALOVCI,POMURSKA
DOMBRAVA,RENČE - VOGRSKO,GORIŠKA
DOMŽALE,DOMŽALE,OSREDNJESLOVENSKA
DONAČKA GORA,ROGATEC,SAVINJSKA
DORFARJE,ŠKOFJA LOKA,GORENJSKA
DORNAVA,DORNAVA,PODRAVSKA
DORNBERK,NOVA GORICA,GORIŠKA
DORNICE,VODICE,OSREDNJESLOVENSKA
DOROPOLJE,ŠENTJUR,SAVINJSKA
DOSLOVČE,ŽIROVNICA,GORENJSKA
DOVJE,KRANJSKA GORA,GORENJSKA
DOVŠKO,KRŠKO,POSAVSKA
DOVŽE,MISLINJA,KOROŠKA
DRAGA,IG,OSREDNJESLOVENSKA
DRAGA,LOŠKI POTOK,JUGOVZHODNA SLOVENIJA
DRAGA,NOVA GORICA,GORIŠKA
DRAGA,ŠKOFJA LOKA,GORENJSKA
DRAGA,ŠMARJEŠKE TOPLICE,JUGOVZHODNA SLOVENIJA
DRAGA,ŠTORE,SAVINJSKA
DRAGA PRI SINJEM VRHU,ČRNOMELJ,JUGOVZHODNA SLOVENIJA
DRAGA PRI ŠENTRUPERTU,ŠENTRUPERT,JUGOVZHODNA SLOVENIJA
DRAGATUŠ,ČRNOMELJ,JUGOVZHODNA SLOVENIJA
DRAGE,METLIKA,JUGOVZHODNA SLOVENIJA
DRAGOMELJ,DOMŽALE,OSREDNJESLOVENSKA
DRAGOMER,LOG - DRAGOMER,OSREDNJESLOVENSKA
DRAGOMILO,ŠMARJE PRI JELŠAH,SAVINJSKA
DRAGOMLJA VAS,METLIKA,JUGOVZHODNA SLOVENIJA
DRAGONJA VAS,KIDRIČEVO,PODRAVSKA
DRAGONJA/DRAGOGNA,PIRAN/PIRANO,OBALNO-KRAŠKA
DRAGOTINCI,SVETI JURIJ OB ŠČAVNICI,POMURSKA
DRAGOVANJA VAS,ČRNOMELJ,JUGOVZHODNA SLOVENIJA
DRAGOVICA,NOVA GORICA,GORIŠKA
DRAGOVIČ,JURŠINCI,PODRAVSKA
DRAGOVŠEK,ŠMARTNO PRI LITIJI,OSREDNJESLOVENSKA
DRAGOČAJNA,MEDVODE,OSREDNJESLOVENSKA
DRAGOŠI,ČRNOMELJ,JUGOVZHODNA SLOVENIJA
DRAGUČOVA,PESNICA,PODRAVSKA
DRAKOVCI,LJUTOMER,POMURSKA
DRAKŠL,ORMOŽ,PODRAVSKA
DRAMA,ŠENTJERNEJ,JUGOVZHODNA SLOVENIJA
DRAMLJA,BREŽICE,POSAVSKA
DRAMLJE,ŠENTJUR,SAVINJSKA
DRANKOVEC,PESNICA,PODRAVSKA
DRAVCI,VIDEM,PODRAVSKA
DRAVINJSKI VRH,VIDEM,PODRAVSKA
DRAVOGRAD,DRAVOGRAD,KOROŠKA
DRAVSKI DVOR,MIKLAVŽ NA DRAVSKEM POLJU,PODRAVSKA
DRAVČE,VUZENICA,KOROŠKA
DRAŠIČI,METLIKA,JUGOVZHODNA SLOVENIJA
DRAŠČA VAS,ŽUŽEMBERK,JUGOVZHODNA SLOVENIJA
DRAŽA VAS,SLOVENSKE KONJICE,SAVINJSKA
DRAŽEN VRH - DEL,SVETA ANA,PODRAVSKA
DRAŽENCI,HAJDINA,PODRAVSKA
DRAŽEVNIK,DOBROVA - POLHOV GRADEC,OSREDNJESLOVENSKA
DRAŽGOŠE,ŽELEZNIKI,GORENJSKA
DRAŽICA,BOROVNICA,OSREDNJESLOVENSKA
DRBETINCI,SVETI ANDRAŽ V SLOV. GORICAH,PODRAVSKA
DREN,KOSTEL,JUGOVZHODNA SLOVENIJA
DRENIK,ŠKOFLJICA,OSREDNJESLOVENSKA
DRENJE,DOLENJSKE TOPLICE,JUGOVZHODNA SLOVENIJA
DRENOV GRIČ,VRHNIKA,OSREDNJESLOVENSKA
DRENOVEC,ZAVRČ,PODRAVSKA
DRENOVEC,ČRNOMELJ,JUGOVZHODNA SLOVENIJA
DRENOVEC PRI BUKOVJU,BREŽICE,POSAVSKA
DRENOVEC PRI LESKOVCU,KRŠKO,POSAVSKA
DRENSKO REBRO,KOZJE,SAVINJSKA
DREVENIK,ROGAŠKA SLATINA,SAVINJSKA
DREČJI VRH,MOKRONOG - TREBELNO,JUGOVZHODNA SLOVENIJA
DREŠINJA VAS,ŽALEC,SAVINJSKA
DREŽNICA,KOBARID,GORIŠKA
DREŽNIK,KOSTEL,JUGOVZHODNA SLOVENIJA
DREŽNIK,ČRNOMELJ,JUGOVZHODNA SLOVENIJA
DREŽNIŠKE RAVNE,KOBARID,GORIŠKA
DRGANJA SELA,STRAŽA,JUGOVZHODNA SLOVENIJA
DRNOVK,BRDA,GORIŠKA
DRNOVO,KRŠKO,POSAVSKA
DROBINSKO,ŠENTJUR,SAVINJSKA
DROBOČNIK,TOLMIN,GORIŠKA
DROBTINCI,APAČE,POMURSKA
DROŽANJE,SEVNICA,POSAVSKA
DRSKOVČE,PIVKA,PRIMORSKO-NOTRANJSKA
DRSTELJA,DESTRNIK,PODRAVSKA
DRTIJA,MORAVČE,OSREDNJESLOVENSKA
DRUMLAŽNO,SLOVENSKA BISTRICA,PODRAVSKA
DRUŠČE,SEVNICA,POSAVSKA
DRUŽINA,ZAGORJE OB SAVI,ZASAVSKA
DRUŽINSKA VAS,ŠMARJEŠKE TOPLICE,JUGOVZHODNA SLOVENIJA
DRUŽMIRJE,ŠOŠTANJ,SAVINJSKA
DRVANJA,BENEDIKT,PODRAVSKA
DRČA,ŠENTJERNEJ,JUGOVZHODNA SLOVENIJA
DULE,RIBNICA,JUGOVZHODNA SLOVENIJA
DULE,ŠKOCJAN,JUGOVZHODNA SLOVENIJA
DUNAJ,KRŠKO,POSAVSKA
DUPELJNE,LUKOVICA,OSREDNJESLOVENSKA
DUPLJE,VIPAVA,GORIŠKA
DUTOVLJE,SEŽANA,OBALNO-KRAŠKA
DVOR,LJUBLJANA,OSREDNJESLOVENSKA
DVOR,ŠMARJE PRI JELŠAH,SAVINJSKA
DVOR,ŠMARTNO PRI LITIJI,OSREDNJESLOVENSKA
DVOR,ŽUŽEMBERK,JUGOVZHODNA SLOVENIJA
DVOR PRI POLHOVEM GRADCU,DOBROVA - POLHOV GRADEC,OSREDNJESLOVENSKA
DVORCE,BREŽICE,POSAVSKA
DVORI,KOPER/CAPODISTRIA,OBALNO-KRAŠKA
DVORJANE,DUPLEK,PODRAVSKA
DVORJE,CERKLJE NA GORENJSKEM,GORENJSKA
DVORJE,MORAVČE,OSREDNJESLOVENSKA
DVORSKA VAS,RADOVLJICA,GORENJSKA
DVORSKA VAS,VELIKE LAŠČE,OSREDNJESLOVENSKA
ELERJI,KOPER/CAPODISTRIA,OBALNO-KRAŠKA
ERZELJ,VIPAVA,GORIŠKA
FABCI,ILIRSKA BISTRICA,PRIMORSKO-NOTRANJSKA
FALA,RUŠE,PODRAVSKA
FALA,SELNICA OB DRAVI,PODRAVSKA
FAMLJE,DIVAČA,OBALNO-KRAŠKA
FARA,BLOKE,PRIMORSKO-NOTRANJSKA
FARA,KOSTEL,JUGOVZHODNA SLOVENIJA
FAROVEC,SLOVENSKA BISTRICA,PODRAVSKA
FIJEROGA,KOPER/CAPODISTRIA,OBALNO-KRAŠKA
FIKŠINCI,ROGAŠOVCI,POMURSKA
FILIPČJE BRDO,SEŽANA,OBALNO-KRAŠKA
FILOVCI,MORAVSKE TOPLICE,POMURSKA
FINKOVO,RIBNICA,JUGOVZHODNA SLOVENIJA
FLEKUŠEK,PESNICA,PODRAVSKA
FLORJAN,ŠOŠTANJ,SAVINJSKA
FLORJAN PRI GORNJEM GRADU,GORNJI GRAD,SAVINJSKA
FOJANA,BRDA,GORIŠKA
FOKOVCI,MORAVSKE TOPLICE,POMURSKA
FORME,ŠKOFJA LOKA,GORENJSKA
FORMIN,GORIŠNICA,PODRAVSKA
FOŠT,SLOVENSKA BISTRICA,PODRAVSKA
FRAJHAJM,SLOVENSKA BISTRICA,PODRAVSKA
FRAM,RAČE - FRAM,PODRAVSKA
FRANKOLOVO,VOJNIK,SAVINJSKA
FRANKOVCI,ORMOŽ,PODRAVSKA
FRLUGA,KRŠKO,POSAVSKA
FROLEH,SVETA ANA,PODRAVSKA
FUČKOVCI,ČRNOMELJ,JUGOVZHODNA SLOVENIJA
FUŽINA,IVANČNA GORICA,OSREDNJESLOVENSKA
FUŽINE,GORENJA VAS - POLJANE,GORENJSKA
GABER PRI ČRMOŠNJICAH,SEMIČ,JUGOVZHODNA SLOVENIJA
GABERJE,AJDOVŠČINA,GORIŠKA
GABERJE/GYERTYANOS,LENDAVA/LENDVA,POMURSKA
GABERKE,ŠOŠTANJ,SAVINJSKA
GABERNIK,SLOVENSKA BISTRICA,PODRAVSKA
GABRC,SVETI JURIJ OB ŠČAVNICI,POMURSKA
GABRCE,ROGAŠKA SLATINA,SAVINJSKA
GABRIJELE,SEVNICA,POSAVSKA
GABRJE,DOBROVA - POLHOV GRADEC,OSREDNJESLOVENSKA
GABRJE,NOVO MESTO,JUGOVZHODNA SLOVENIJA
GABRJE,SEVNICA,POSAVSKA
GABRJE,TOLMIN,GORIŠKA
GABRJE POD LIMBARSKO GORO,MORAVČE,OSREDNJESLOVENSKA
GABRJE POD ŠPILKOM,LUKOVICA,OSREDNJESLOVENSKA
GABRJE PRI DOBOVI,BREŽICE,POSAVSKA
GABRJE PRI ILOVI GORI,GROSUPLJE,OSREDNJESLOVENSKA
GABRJE PRI JANČAH,LJUBLJANA,OSREDNJESLOVENSKA
GABRJE PRI SOTESKI,DOLENJSKE TOPLICE,JUGOVZHODNA SLOVENIJA
GABRJE PRI STIČNI,IVANČNA GORICA,OSREDNJESLOVENSKA
GABRK,ILIRSKA BISTRICA,PRIMORSKO-NOTRANJSKA
GABRK,ŠKOFJA LOKA,GORENJSKA
GABRNIK,JURŠINCI,PODRAVSKA
GABRNIK,ŠKOCJAN,JUGOVZHODNA SLOVENIJA
GABRNO,LAŠKO,SAVINJSKA
GABROVEC PRI DRAMLJAH,VOJNIK,SAVINJSKA
GABROVEC PRI KOSTRIVNICI,ROGAŠKA SLATINA,SAVINJSKA
GABROVICA PRI KOMNU,KOMEN,OBALNO-KRAŠKA
GABROVICA PRI ČRNEM KALU,KOPER/CAPODISTRIA,OBALNO-KRAŠKA
GABROVKA,LITIJA,ZASAVSKA
GABROVKA PRI ZAGRADCU,IVANČNA GORICA,OSREDNJESLOVENSKA
GABROVLJE,SLOVENSKE KONJICE,SAVINJSKA
GABROVNICA,KAMNIK,OSREDNJESLOVENSKA
GABROVNIK,SLOVENSKE KONJICE,SAVINJSKA
GABROVO,ŠKOFJA LOKA,GORENJSKA
GABROVČEC,IVANČNA GORICA,OSREDNJESLOVENSKA
GABRSKA GORA,LITIJA,ZASAVSKA
GABRSKO,TRBOVLJE,ZASAVSKA
GABRČE,DIVAČA,OBALNO-KRAŠKA
GABRŠKA GORA,ŠKOFJA LOKA,GORENJSKA
GAJ,BREŽICE,POSAVSKA
GAJ,SLOVENSKA BISTRICA,PODRAVSKA
GAJ,ŠMARJE PRI JELŠAH,SAVINJSKA
GAJ NAD MARIBOROM,MARIBOR,PODRAVSKA
GAJEVCI,GORIŠNICA,PODRAVSKA
GAJNIČE,GROSUPLJE,OSREDNJESLOVENSKA
GAJŠEVCI,KRIŽEVCI,POMURSKA
GALANTIČI,KOPER/CAPODISTRIA,OBALNO-KRAŠKA
GALICIJA,ŽALEC,SAVINJSKA
GALUŠAK,SVETI JURIJ OB ŠČAVNICI,POMURSKA
GANČANI,BELTINCI,POMURSKA
GATINA,GROSUPLJE,OSREDNJESLOVENSKA
GAVCE,ŠMARTNO OB PAKI,SAVINJSKA
GAZICE,BREŽICE,POSAVSKA
GAČNIK,PESNICA,PODRAVSKA
GAŠPINOVO,RIBNICA,JUGOVZHODNA SLOVENIJA
GAŽON,KOPER/CAPODISTRIA,OBALNO-KRAŠKA
GEDEROVCI,TIŠINA,POMURSKA
GENTEROVCI/GONTERHAZA,LENDAVA/LENDVA,POMURSKA
GEREČJA VAS,HAJDINA,PODRAVSKA
GERLINCI,CANKOVA,POMURSKA
GERŠIČI,METLIKA,JUGOVZHODNA SLOVENIJA
GIBINA,RAZKRIŽJE,POMURSKA
GIBINA,SVETI ANDRAŽ V SLOV. GORICAH,PODRAVSKA
GLADLOKA,KOSTEL,JUGOVZHODNA SLOVENIJA
GLADOMES,SLOVENSKA BISTRICA,PODRAVSKA
GLAŽUTA,LOŠKI POTOK,JUGOVZHODNA SLOVENIJA
GLEM,KOPER/CAPODISTRIA,OBALNO-KRAŠKA
GLINA,BLOKE,PRIMORSKO-NOTRANJSKA
GLINEK,MIRNA,JUGOVZHODNA SLOVENIJA
GLINEK,ŠKOFLJICA,OSREDNJESLOVENSKA
GLINJE,BRASLOVČE,SAVINJSKA
GLINJE,CERKLJE NA GORENJSKEM,GORENJSKA
GLINSKO,CELJE,SAVINJSKA
GLOBEL,SODRAŽICA,JUGOVZHODNA SLOVENIJA
GLOBOKA,LJUTOMER,POMURSKA
GLOBOKO,BREŽICE,POSAVSKA
GLOBOKO,LAŠKO,SAVINJSKA
GLOBOKO,RADOVLJICA,GORENJSKA
GLOBOKO OB DRAVINJI,POLJČANE,PODRAVSKA
GLOBOKO PRI ŠMARJU,ŠMARJE PRI JELŠAH,SAVINJSKA
GLOBOČDOL,MIRNA PEČ,JUGOVZHODNA SLOVENIJA
GLOBOČE,VOJNIK,SAVINJSKA
GLOBOČICE,BREŽICE,POSAVSKA
GLOBOČICE PRI KOSTANJEVICI,KOSTANJEVICA NA KRKI,POSAVSKA
GLOGOV BROD,BREŽICE,POSAVSKA
GLOGOVICA,IVANČNA GORICA,OSREDNJESLOVENSKA
GMAJNA,KRŠKO,POSAVSKA
GMAJNA,SLOVENJ GRADEC,KOROŠKA
GMAJNICA,KOMENDA,OSREDNJESLOVENSKA
GOBNIK,LITIJA,ZASAVSKA
GOBOVCE,NAKLO,GORENJSKA
GODEMARCI,LJUTOMER,POMURSKA
GODENINCI,SREDIŠČE OB DRAVI,PODRAVSKA
GODEŠIČ,ŠKOFJA LOKA,GORENJSKA
GODIČ,KAMNIK,OSREDNJESLOVENSKA
GODIČEVO,BLOKE,PRIMORSKO-NOTRANJSKA
GODNJE,SEŽANA,OBALNO-KRAŠKA
GODOVIČ,IDRIJA,GORIŠKA
GOJAČE,AJDOVŠČINA,GORIŠKA
GOLAC,HRPELJE - KOZINA,OBALNO-KRAŠKA
GOLAVABUKA,SLOVENJ GRADEC,KOROŠKA
GOLEK,KRŠKO,POSAVSKA
GOLEK,ČRNOMELJ,JUGOVZHODNA SLOVENIJA
GOLEK PRI VINICI,ČRNOMELJ,JUGOVZHODNA SLOVENIJA
GOLI VRH,GORENJA VAS - POLJANE,GORENJSKA
GOLI VRH,KRŠKO,POSAVSKA
GOLICA,ŽELEZNIKI,GORENJSKA
GOLICE,KAMNIK,OSREDNJESLOVENSKA
GOLIŠČE,LITIJA,ZASAVSKA
GOLJEK,TREBNJE,JUGOVZHODNA SLOVENIJA
GOLJEVICA,KANAL,GORIŠKA
GOLNIK,KRANJ,GORENJSKA
GOLO,IG,OSREDNJESLOVENSKA
GOLO BRDO,BRDA,GORIŠKA
GOLO BRDO,MEDVODE,OSREDNJESLOVENSKA
GOLOBINJEK,MIRNA PEČ,JUGOVZHODNA SLOVENIJA
GOLOBINJEK OB SOTLI,PODČETRTEK,SAVINJSKA
GOLOBINJEK PRI PLANINI,ŠENTJUR,SAVINJSKA
GOLUŠNIK,NOVO MESTO,JUGOVZHODNA SLOVENIJA
GOLČAJ,LUKOVICA,OSREDNJESLOVENSKA
GOLČE,ZAGORJE OB SAVI,ZASAVSKA
GOMBIŠČE,TREBNJE,JUGOVZHODNA SLOVENIJA
GOMILA,DESTRNIK,PODRAVSKA
GOMILA,MIRNA,JUGOVZHODNA SLOVENIJA
GOMILA PRI KOGU,ORMOŽ,PODRAVSKA
GOMILCI,DESTRNIK,PODRAVSKA
GOMILICA,TURNIŠČE,POMURSKA
GOMILSKO,BRASLOVČE,SAVINJSKA
GONJAČE,BRDA,GORIŠKA
GORA,CERKNICA,PRIMORSKO-NOTRANJSKA
GORA,KRŠKO,POSAVSKA
GORA PRI KOMENDI,KOMENDA,OSREDNJESLOVENSKA
GORA PRI PEČAH,MORAVČE,OSREDNJESLOVENSKA
GORCA,PODLEHNIK,PODRAVSKA
GORE,HRASTNIK,ZASAVSKA
GORE,IDRIJA,GORIŠKA
GORELJCE,RADEČE,POSAVSKA
GORELJEK,BOHINJ,GORENJSKA
GORENJA BREZOVICA,BREZOVICA,OSREDNJESLOVENSKA
GORENJA BREZOVICA,ŠENTJERNEJ,JUGOVZHODNA SLOVENIJA
GORENJA DOBRAVA,GORENJA VAS - POLJANE,GORENJSKA
GORENJA DOBRAVA,TREBNJE,JUGOVZHODNA SLOVENIJA
GORENJA GOMILA,ŠENTJERNEJ,JUGOVZHODNA SLOVENIJA
GORENJA KANOMLJA,IDRIJA,GORIŠKA
GORENJA LEPA VAS,KRŠKO,POSAVSKA
GORENJA NEMŠKA VAS,TREBNJE,JUGOVZHODNA SLOVENIJA
GORENJA PIROŠICA,BREŽICE,POSAVSKA
GORENJA PODGORA,ČRNOMELJ,JUGOVZHODNA SLOVENIJA
GORENJA RAVAN,GORENJA VAS - POLJANE,GORENJSKA
GORENJA STARA VAS,ŠENTJERNEJ,JUGOVZHODNA SLOVENIJA
GORENJA TREBUŠA,TOLMIN,GORIŠKA
GORENJA VAS,GORENJA VAS - POLJANE,GORENJSKA
GORENJA VAS,IVANČNA GORICA,OSREDNJESLOVENSKA
GORENJA VAS,KANAL,GORIŠKA
GORENJA VAS,TREBNJE,JUGOVZHODNA SLOVENIJA
GORENJA VAS,ZAGORJE OB SAVI,ZASAVSKA
GORENJA VAS - RETEČE,ŠKOFJA LOKA,GORENJSKA
GORENJA VAS PRI LESKOVCU,KRŠKO,POSAVSKA
GORENJA VAS PRI MIRNI,MIRNA,JUGOVZHODNA SLOVENIJA
GORENJA VAS PRI MOKRONOGU,MOKRONOG - TREBELNO,JUGOVZHODNA SLOVENIJA
GORENJA VAS PRI POLICI,GROSUPLJE,OSREDNJESLOVENSKA
GORENJA VAS PRI ČATEŽU,TREBNJE,JUGOVZHODNA SLOVENIJA
GORENJA VAS PRI ŠMARJETI,ŠMARJEŠKE TOPLICE,JUGOVZHODNA SLOVENIJA
GORENJA ŽAGA,KOSTEL,JUGOVZHODNA SLOVENIJA
GORENJA ŽETINA,GORENJA VAS - POLJANE,GORENJSKA
GORENJCI PRI ADLEŠIČIH,ČRNOMELJ,JUGOVZHODNA SLOVENIJA
GORENJE,KOČEVJE,JUGOVZHODNA SLOVENIJA
GORENJE,LUKOVICA,OSREDNJESLOVENSKA
GORENJE,POSTOJNA,PRIMORSKO-NOTRANJSKA
GORENJE,ŠMARTNO OB PAKI,SAVINJSKA
GORENJE BLATO,ŠKOFLJICA,OSREDNJESLOVENSKA
GORENJE BRDO,GORENJA VAS - POLJANE,GORENJSKA
GORENJE BREZOVO,IVANČNA GORICA,OSREDNJESLOVENSKA
GORENJE DOLE,KRŠKO,POSAVSKA
GORENJE DOLE,ŠKOCJAN,JUGOVZHODNA SLOVENIJA
GORENJE GRADIŠČE,DOLENJSKE TOPLICE,JUGOVZHODNA SLOVENIJA
GORENJE GRADIŠČE PRI ŠENTJ.,ŠENTJERNEJ,JUGOVZHODNA SLOVENIJA
GORENJE GRČEVJE,NOVO MESTO,JUGOVZHODNA SLOVENIJA
GORENJE JELENJE,LITIJA,ZASAVSKA
GORENJE JESENICE,ŠENTRUPERT,JUGOVZHODNA SLOVENIJA
GORENJE JEZERO,CERKNICA,PRIMORSKO-NOTRANJSKA
GORENJE KALIŠČE,VELIKE LAŠČE,OSREDNJESLOVENSKA
GORENJE KAMENCE,NOVO MESTO,JUGOVZHODNA SLOVENIJA
GORENJE KAMENJE,NOVO MESTO,JUGOVZHODNA SLOVENIJA
GORENJE KAMENJE PRI DOBRNIČU,TREBNJE,JUGOVZHODNA SLOVENIJA
GORENJE KARTELJEVO,NOVO MESTO,JUGOVZHODNA SLOVENIJA
GORENJE KRONOVO,NOVO MESTO,JUGOVZHODNA SLOVENIJA
GORENJE LAKNICE,MOKRONOG - TREBELNO,JUGOVZHODNA SLOVENIJA
GORENJE LAKOVNICE,NOVO MESTO,JUGOVZHODNA SLOVENIJA
GORENJE MEDVEDJE SELO,TREBNJE,JUGOVZHODNA SLOVENIJA
GORENJE MOKRO POLJE,ŠENTJERNEJ,JUGOVZHODNA SLOVENIJA
GORENJE MRAŠEVO,NOVO MESTO,JUGOVZHODNA SLOVENIJA
GORENJE NEKOVO,KANAL,GORIŠKA
GORENJE OTAVE,CERKNICA,PRIMORSKO-NOTRANJSKA
GORENJE PODPOLJANE,RIBNICA,JUGOVZHODNA SLOVENIJA
GORENJE POLJE,DOLENJSKE TOPLICE,JUGOVZHODNA SLOVENIJA
GORENJE POLJE,KANAL,GORIŠKA
GORENJE PONIKVE,TREBNJE,JUGOVZHODNA SLOVENIJA
GORENJE PRI DIVAČI,SEŽANA,OBALNO-KRAŠKA
GORENJE PRI ZREČAH,ZREČE,SAVINJSKA
GORENJE RADULJE,ŠKOCJAN,JUGOVZHODNA SLOVENIJA
GORENJE SELCE,TREBNJE,JUGOVZHODNA SLOVENIJA
GORENJE SKOPICE,BREŽICE,POSAVSKA
GORENJE SUŠICE,DOLENJSKE TOPLICE,JUGOVZHODNA SLOVENIJA
GORENJE VRHPOLJE,ŠENTJERNEJ,JUGOVZHODNA SLOVENIJA
GORENJE ZABUKOVJE,MOKRONOG - TREBELNO,JUGOVZHODNA SLOVENIJA
GORENJI GLOBODOL,MIRNA PEČ,JUGOVZHODNA SLOVENIJA
GORENJI LAZI,RIBNICA,JUGOVZHODNA SLOVENIJA
GORENJI LESKOVEC,KRŠKO,POSAVSKA
GORENJI LOG,TOLMIN,GORIŠKA
GORENJI MAHAROVEC,ŠENTJERNEJ,JUGOVZHODNA SLOVENIJA
GORENJI MOKRONOG,MOKRONOG - TREBELNO,JUGOVZHODNA SLOVENIJA
GORENJI NOVAKI,CERKNO,GORIŠKA
GORENJI PODBORŠT,MIRNA PEČ,JUGOVZHODNA SLOVENIJA
GORENJI PODBORŠT PRI V. LOKI,TREBNJE,JUGOVZHODNA SLOVENIJA
GORENJI PODŠUMBERK,TREBNJE,JUGOVZHODNA SLOVENIJA
GORENJI POTOK,KOSTEL,JUGOVZHODNA SLOVENIJA
GORENJI RADENCI,ČRNOMELJ,JUGOVZHODNA SLOVENIJA
GORENJI SUHADOL,NOVO MESTO,JUGOVZHODNA SLOVENIJA
GORENJI VRH PRI DOBRNIČU,TREBNJE,JUGOVZHODNA SLOVENIJA
GORENJI VRSNIK,IDRIJA,GORIŠKA
GORENJSKI VRH,ZAVRČ,PODRAVSKA
GORICA,KRŠKO,POSAVSKA
GORICA,MORAVČE,OSREDNJESLOVENSKA
GORICA,PUCONCI,POMURSKA
GORICA,RADOVLJICA,GORENJSKA
GORICA,ČRNOMELJ,JUGOVZHODNA SLOVENIJA
GORICA NA MEDVEDJEKU,TREBNJE,JUGOVZHODNA SLOVENIJA
GORICA PRI DOBJEM,DOBJE,SAVINJSKA
GORICA PRI OPLOTNICI,OPLOTNICA,PODRAVSKA
GORICA PRI RAZTEZU,KRŠKO,POSAVSKA
GORICA PRI SLIVNICI,ŠENTJUR,SAVINJSKA
GORICA PRI ŠMARTNEM,CELJE,SAVINJSKA
GORIČA VAS,RIBNICA,JUGOVZHODNA SLOVENIJA
GORIČAK,ZAVRČ,PODRAVSKA
GORIČANE,MEDVODE,OSREDNJESLOVENSKA
GORIČE,KRANJ,GORENJSKA
GORIČE,POSTOJNA,PRIMORSKO-NOTRANJSKA
GORIČE PRI FAMLJAH,DIVAČA,OBALNO-KRAŠKA
GORIČICA,ŠENTJUR,SAVINJSKA
GORIČICA POD KRIMOM,BREZOVICA,OSREDNJESLOVENSKA
GORIČICA PRI IHANU,DOMŽALE,OSREDNJESLOVENSKA
GORIČICA PRI MORAVČAH,MORAVČE,OSREDNJESLOVENSKA
GORIČICE,CERKNICA,PRIMORSKO-NOTRANJSKA
GORIŠKA GORA,ŠKOCJAN,JUGOVZHODNA SLOVENIJA
GORIŠKA VAS,MIRNA PEČ,JUGOVZHODNA SLOVENIJA
GORIŠKA VAS PRI ŠKOCJANU,ŠKOCJAN,JUGOVZHODNA SLOVENIJA
GORIŠKI VRH,DRAVOGRAD,KOROŠKA
GORIŠNICA,GORIŠNICA,PODRAVSKA
GORJANE,KOZJE,SAVINJSKA
GORJANSKO,KOMEN,OBALNO-KRAŠKA
GORJE,CERKNO,GORIŠKA
GORJUŠA,DOMŽALE,OSREDNJESLOVENSKA
GORJUŠE,BOHINJ,GORENJSKA
GORNJA BISTRICA,ČRENŠOVCI,POMURSKA
GORNJA BITNJA,ILIRSKA BISTRICA,PRIMORSKO-NOTRANJSKA
GORNJA BRIGA,KOČEVJE,JUGOVZHODNA SLOVENIJA
GORNJA KOŠANA,PIVKA,PRIMORSKO-NOTRANJSKA
GORNJA LOKVICA,METLIKA,JUGOVZHODNA SLOVENIJA
GORNJA PAKA,ČRNOMELJ,JUGOVZHODNA SLOVENIJA
GORNJA PREKOPA,KOSTANJEVICA NA KRKI,POSAVSKA
GORNJA RADGONA,GORNJA RADGONA,POMURSKA
GORNJA STARA VAS,ŠKOCJAN,JUGOVZHODNA SLOVENIJA
GORNJA TEŽKA VODA,NOVO MESTO,JUGOVZHODNA SLOVENIJA
GORNJA VAS,ZREČE,SAVINJSKA
GORNJA VAS,ŠMARJE PRI JELŠAH,SAVINJSKA
GORNJE BREZOVO,SEVNICA,POSAVSKA
GORNJE CEROVO,BRDA,GORIŠKA
GORNJE DOBRAVICE,METLIKA,JUGOVZHODNA SLOVENIJA
GORNJE IMPOLJE,SEVNICA,POSAVSKA
GORNJE LAZE,SEMIČ,JUGOVZHODNA SLOVENIJA
GORNJE LEŽEČE,DIVAČA,OBALNO-KRAŠKA
GORNJE LOŽINE,KOČEVJE,JUGOVZHODNA SLOVENIJA
GORNJE ORLE,SEVNICA,POSAVSKA
GORNJE PIJAVŠKO,KRŠKO,POSAVSKA
GORNJE PRAPREČE,TREBNJE,JUGOVZHODNA SLOVENIJA
GORNJE RAVNE,LITIJA,ZASAVSKA
GORNJE RETJE,VELIKE LAŠČE,OSREDNJESLOVENSKA
GORNJE VREME,DIVAČA,OBALNO-KRAŠKA
GORNJI AJDOVEC,ŽUŽEMBERK,JUGOVZHODNA SLOVENIJA
GORNJI DOLIČ,MISLINJA,KOROŠKA
GORNJI GRAD,GORNJI GRAD,SAVINJSKA
GORNJI IG,IG,OSREDNJESLOVENSKA
GORNJI IVANJCI,GORNJA RADGONA,POMURSKA
GORNJI KLJUČAROVCI,SVETI TOMAŽ,PODRAVSKA
GORNJI KOT,ŽUŽEMBERK,JUGOVZHODNA SLOVENIJA
GORNJI KRIŽ,ŽUŽEMBERK,JUGOVZHODNA SLOVENIJA
GORNJI LAKOŠ/FELSOLAKOS,LENDAVA/LENDVA,POMURSKA
GORNJI LENART,BREŽICE,POSAVSKA
GORNJI PETROVCI,GORNJI PETROVCI,POMURSKA
GORNJI ROGATEC,GROSUPLJE,OSREDNJESLOVENSKA
GORNJI SLAVEČI,KUZMA,POMURSKA
GORNJI SUHOR PRI METLIKI,METLIKA,JUGOVZHODNA SLOVENIJA
GORNJI SUHOR PRI VINICI,ČRNOMELJ,JUGOVZHODNA SLOVENIJA
GORNJI VRH,ŠMARTNO PRI LITIJI,OSREDNJESLOVENSKA
GORNJI ZEMON,ILIRSKA BISTRICA,PRIMORSKO-NOTRANJSKA
GORNJI ČRNCI,CANKOVA,POMURSKA
GOROPEKE,ŽIRI,GORENJSKA
GORSKI VRH,TOLMIN,GORIŠKA
GORTINA,MUTA,KOROŠKA
GORČE,DRAVOGRAD,KOROŠKA
GOSTEČE,ŠKOFJA LOKA,GORENJSKA
GOSTINCA,PODČETRTEK,SAVINJSKA
GOTENC,KOSTEL,JUGOVZHODNA SLOVENIJA
GOTENICA,KOČEVJE,JUGOVZHODNA SLOVENIJA
GOTOVLJE,ŽALEC,SAVINJSKA
GOVCE,LAŠKO,SAVINJSKA
GOVEJI DOL,SEVNICA,POSAVSKA
GOVEJK,IDRIJA,GORIŠKA
GOZD,AJDOVŠČINA,GORIŠKA
GOZD,KAMNIK,OSREDNJESLOVENSKA
GOZD,TRŽIČ,GORENJSKA
GOZD MARTULJEK,KRANJSKA GORA,GORENJSKA
GOZD-REKA,ŠMARTNO PRI LITIJI,OSREDNJESLOVENSKA
GOZDEC,LAŠKO,SAVINJSKA
GOČE,VIPAVA,GORIŠKA
GOČOVA,SVETA TROJICA V SLOV. GORICAH,PODRAVSKA
GRABE,APAČE,POMURSKA
GRABE,SREDIŠČE OB DRAVI,PODRAVSKA
GRABE PRI LJUTOMERU,KRIŽEVCI,POMURSKA
GRABEN,RIBNICA,JUGOVZHODNA SLOVENIJA
GRABONOŠ,SVETI JURIJ OB ŠČAVNICI,POMURSKA
GRABONOŠKI VRH,CERKVENJAK,PODRAVSKA
GRABROVEC,METLIKA,JUGOVZHODNA SLOVENIJA
GRABČE,GORJE,GORENJSKA
GRABŠINCI,SVETI JURIJ OB ŠČAVNICI,POMURSKA
GRAD,CERKLJE NA GORENJSKEM,GORENJSKA
GRAD,GRAD,POMURSKA
GRADAC,METLIKA,JUGOVZHODNA SLOVENIJA
GRADEC,KRŠKO,POSAVSKA
GRADEC,PIVKA,PRIMORSKO-NOTRANJSKA
GRADENC,ŽUŽEMBERK,JUGOVZHODNA SLOVENIJA
GRADENJE,ŠMARJEŠKE TOPLICE,JUGOVZHODNA SLOVENIJA
GRADENŠAK,LENART,PODRAVSKA
GRADEŽ,VELIKE LAŠČE,OSREDNJESLOVENSKA
GRADIN,KOPER/CAPODISTRIA,OBALNO-KRAŠKA
GRADIČEK,IVANČNA GORICA,OSREDNJESLOVENSKA
GRADIŠICA,HRPELJE - KOZINA,OBALNO-KRAŠKA
GRADIŠKA,KUNGOTA,PODRAVSKA
GRADIŠKE LAZE,ŠMARTNO PRI LITIJI,OSREDNJESLOVENSKA
GRADIŠKI DOL,ROGAŠKA SLATINA,SAVINJSKA
GRADIŠKO,BLOKE,PRIMORSKO-NOTRANJSKA
GRADIŠČA,CIRKULANE,PODRAVSKA
GRADIŠČAK,JURŠINCI,PODRAVSKA
GRADIŠČE,GROSUPLJE,OSREDNJESLOVENSKA
GRADIŠČE,KOZJE,SAVINJSKA
GRADIŠČE,SLOVENJ GRADEC,KOROŠKA
GRADIŠČE,SVETI TOMAŽ,PODRAVSKA
GRADIŠČE,TIŠINA,POMURSKA
GRADIŠČE,VELIKE LAŠČE,OSREDNJESLOVENSKA
GRADIŠČE,VIDEM,PODRAVSKA
GRADIŠČE,ŠKOFLJICA,OSREDNJESLOVENSKA
GRADIŠČE - K. O. ŠT. LOVRENC,LITIJA,ZASAVSKA
GRADIŠČE NA KOZJAKU,SELNICA OB DRAVI,PODRAVSKA
GRADIŠČE NAD PRVAČINO,NOVA GORICA,GORIŠKA
GRADIŠČE PRI DIVAČI,DIVAČA,OBALNO-KRAŠKA
GRADIŠČE PRI LITIJI,ŠMARTNO PRI LITIJI,OSREDNJESLOVENSKA
GRADIŠČE PRI LUKOVICI,LUKOVICA,OSREDNJESLOVENSKA
GRADIŠČE PRI MATERIJI,HRPELJE - KOZINA,OBALNO-KRAŠKA
GRADIŠČE PRI RAKI,KRŠKO,POSAVSKA
GRADIŠČE PRI TREBNJEM,TREBNJE,JUGOVZHODNA SLOVENIJA
GRADIŠČE PRI VIPAVI,VIPAVA,GORIŠKA
GRADIŠČE PRI VOJNIKU,VOJNIK,SAVINJSKA
GRADIŠČE PRI ŠTJAKU,SEŽANA,OBALNO-KRAŠKA
GRADIŠČE V TUHINJU,KAMNIK,OSREDNJESLOVENSKA
GRADIŠČE-K. O. GRAD. IN POLJ.,ŠMARTNO PRI LITIJI,OSREDNJESLOVENSKA
GRADNIK,SEMIČ,JUGOVZHODNA SLOVENIJA
GRADNJE,KRŠKO,POSAVSKA
GRADNJE,SEŽANA,OBALNO-KRAŠKA
GRADNO,BRDA,GORIŠKA
GRAHOVO,CERKNICA,PRIMORSKO-NOTRANJSKA
GRAHOVO BRDO,SEŽANA,OBALNO-KRAŠKA
GRAHOVO OB BAČI,TOLMIN,GORIŠKA
GRAHOVŠE,TRŽIČ,GORENJSKA
GRAJENA,PTUJ,PODRAVSKA
GRAJENŠČAK,PTUJ,PODRAVSKA
GRAJSKA VAS,BRASLOVČE,SAVINJSKA
GRANT,TOLMIN,GORIŠKA
GRAČIČ,ZREČE,SAVINJSKA
GRAČIŠČE,KOPER/CAPODISTRIA,OBALNO-KRAŠKA
GRAČNICA,LAŠKO,SAVINJSKA
GRAŠKA GORA,SLOVENJ GRADEC,KOROŠKA
GRDINA,MAJŠPERK,PODRAVSKA
GREBENJE,RIBNICA,JUGOVZHODNA SLOVENIJA
GREGOVCE,BREŽICE,POSAVSKA
GRENC,ŠKOFJA LOKA,GORENJSKA
GRESOVŠČAK,LJUTOMER,POMURSKA
GRGAR,NOVA GORICA,GORIŠKA
GRGARSKE RAVNE,NOVA GORICA,GORIŠKA
GRGELJ,KOSTEL,JUGOVZHODNA SLOVENIJA
GRIBLJE,ČRNOMELJ,JUGOVZHODNA SLOVENIJA
GRINJAN,KOPER/CAPODISTRIA,OBALNO-KRAŠKA
GRINTOVEC,IVANČNA GORICA,OSREDNJESLOVENSKA
GRINTOVEC,KOPER/CAPODISTRIA,OBALNO-KRAŠKA
GRINTOVEC PRI OSILNICI,OSILNICA,JUGOVZHODNA SLOVENIJA
GRIVAC,KOSTEL,JUGOVZHODNA SLOVENIJA
GRIVČE,AJDOVŠČINA,GORIŠKA
GRIČ,KOSTANJEVICA NA KRKI,POSAVSKA
GRIČ,RIBNICA,JUGOVZHODNA SLOVENIJA
GRIČ PRI DOBLIČAH,ČRNOMELJ,JUGOVZHODNA SLOVENIJA
GRIČ PRI KLEVEVŽU,ŠMARJEŠKE TOPLICE,JUGOVZHODNA SLOVENIJA
GRIČ PRI TREBNJEM,TREBNJE,JUGOVZHODNA SLOVENIJA
GRIČEK PRI ŽELJNAH,KOČEVJE,JUGOVZHODNA SLOVENIJA
GRIŽE,IVANČNA GORICA,OSREDNJESLOVENSKA
GRIŽE,SEŽANA,OBALNO-KRAŠKA
GRIŽE,ŽALEC,SAVINJSKA
GRLAVA,LJUTOMER,POMURSKA
GRLINCI,JURŠINCI,PODRAVSKA
GRLIČE,ŠMARJE PRI JELŠAH,SAVINJSKA
GRM,IVANČNA GORICA,OSREDNJESLOVENSKA
GRM,TREBNJE,JUGOVZHODNA SLOVENIJA
GRM,VELIKE LAŠČE,OSREDNJESLOVENSKA
GRM PRI PODZEMLJU,METLIKA,JUGOVZHODNA SLOVENIJA
GRMADA,TREBNJE,JUGOVZHODNA SLOVENIJA
GRMOVLJE,ŠKOCJAN,JUGOVZHODNA SLOVENIJA
GROBELCE,ŠMARJE PRI JELŠAH,SAVINJSKA
GROBELNO - DEL,ŠENTJUR,SAVINJSKA
GROBELNO - DEL,ŠMARJE PRI JELŠAH,SAVINJSKA
GROBIŠČE,POSTOJNA,PRIMORSKO-NOTRANJSKA
GROBLJE PRI PREKOPI,ŠENTJERNEJ,JUGOVZHODNA SLOVENIJA
GROSUPLJE,GROSUPLJE,OSREDNJESLOVENSKA
GRUDNICA,TOLMIN,GORIŠKA
GRUČA,ŠENTJERNEJ,JUGOVZHODNA SLOVENIJA
GRUŠCE,ŠENTJUR,SAVINJSKA
GRUŠENA,KUNGOTA,PODRAVSKA
GRUŠKOVEC,CIRKULANE,PODRAVSKA
GRUŠOVA,MARIBOR,PODRAVSKA
GRUŠOVLJE,REČICA OB SAVINJI,SAVINJSKA
GRČ VRH,MIRNA PEČ,JUGOVZHODNA SLOVENIJA
GRČAREVEC,LOGATEC,OSREDNJESLOVENSKA
GRČARICE,RIBNICA,JUGOVZHODNA SLOVENIJA
GRČARSKE RAVNE,RIBNICA,JUGOVZHODNA SLOVENIJA
GRČE,ŽALEC,SAVINJSKA
GRŽEČA VAS,KRŠKO,POSAVSKA
GUBNO,KOZJE,SAVINJSKA
GUMBERK,NOVO MESTO,JUGOVZHODNA SLOVENIJA
GUMNIŠČE,ŠKOFLJICA,OSREDNJESLOVENSKA
GUNTE,KRŠKO,POSAVSKA
HAJDOŠE,HAJDINA,PODRAVSKA
HAJNDL,ORMOŽ,PODRAVSKA
HAJNSKO,ŠMARJE PRI JELŠAH,SAVINJSKA
HARDEK,ORMOŽ,PODRAVSKA
HARIJE,ILIRSKA BISTRICA,PRIMORSKO-NOTRANJSKA
HARJE,LAŠKO,SAVINJSKA
HERCEGOVŠČAK,GORNJA RADGONA,POMURSKA
HERINJA VAS,NOVO MESTO,JUGOVZHODNA SLOVENIJA
HERMANCI,ORMOŽ,PODRAVSKA
HINJCE,SEVNICA,POSAVSKA
HINJE,SEVNICA,POSAVSKA
HINJE,ŽUŽEMBERK,JUGOVZHODNA SLOVENIJA
HITENO,BLOKE,PRIMORSKO-NOTRANJSKA
HLAPONCI,JURŠINCI,PODRAVSKA
HLAVČE NJIVE,GORENJA VAS - POLJANE,GORENJSKA
HLEBCE,RADOVLJICA,GORENJSKA
HLEBČE,VELIKE LAŠČE,OSREDNJESLOVENSKA
HLEVIŠE,LOGATEC,OSREDNJESLOVENSKA
HLEVNI VRH,LOGATEC,OSREDNJESLOVENSKA
HLEVNIK,BRDA,GORIŠKA
HMELJČIČ,MIRNA PEČ,JUGOVZHODNA SLOVENIJA
HOBOVŠE PRI STARI OSELICI,GORENJA VAS - POLJANE,GORENJSKA
HODOŠ/HODOS,HODOŠ/HODOS,POMURSKA
HOHOVICA,LITIJA,ZASAVSKA
HOJČE,RIBNICA,JUGOVZHODNA SLOVENIJA
HOM,ŠENTRUPERT,JUGOVZHODNA SLOVENIJA
HOMEC,DOMŽALE,OSREDNJESLOVENSKA
HOMEC,KOBARID,GORIŠKA
HOMEC,REČICA OB SAVINJI,SAVINJSKA
HOMEC,VOJNIK,SAVINJSKA
HORJUL,HORJUL,OSREDNJESLOVENSKA
HOSTA,ŠKOFJA LOKA,GORENJSKA
HOTAVLJE,GORENJA VAS - POLJANE,GORENJSKA
HOTEDRŠICA,LOGATEC,OSREDNJESLOVENSKA
HOTEMAŽE,ŠENČUR,GORENJSKA
HOTEMEŽ,RADEČE,POSAVSKA
HOTINJA VAS,HOČE - SLIVNICA,PODRAVSKA
HOTIZA,LENDAVA/LENDVA,POMURSKA
HOTIČNA,HRPELJE - KOZINA,OBALNO-KRAŠKA
HOTOVLJA,GORENJA VAS - POLJANE,GORENJSKA
HOTUNJE,ŠENTJUR,SAVINJSKA
HOČEVJE,DOBREPOLJE,OSREDNJESLOVENSKA
HOČKO POHORJE,HOČE - SLIVNICA,PODRAVSKA
HOŠNICA,SLOVENSKA BISTRICA,PODRAVSKA
HRAMŠE,ŽALEC,SAVINJSKA
HRANJIGOVCI,SVETI TOMAŽ,PODRAVSKA
HRAST PRI JUGORJU,METLIKA,JUGOVZHODNA SLOVENIJA
HRAST PRI VINICI,ČRNOMELJ,JUGOVZHODNA SLOVENIJA
HRASTEK,KRŠKO,POSAVSKA
HRASTENICE,DOBROVA - POLHOV GRADEC,OSREDNJESLOVENSKA
HRASTJE,KRANJ,GORENJSKA
HRASTJE,MARIBOR,PODRAVSKA
HRASTJE,ŠENTJERNEJ,JUGOVZHODNA SLOVENIJA
HRASTJE,ŠENTJUR,SAVINJSKA
HRASTJE OB BISTRICI,BISTRICA OB SOTLI,POSAVSKA
HRASTJE PRI CERKLJAH,BREŽICE,POSAVSKA
HRASTJE PRI GROSUPLJEM,GROSUPLJE,OSREDNJESLOVENSKA
HRASTJE PRI MIRNI PEČI,MIRNA PEČ,JUGOVZHODNA SLOVENIJA
HRASTJE-MOTA,RADENCI,POMURSKA
HRASTNIK,HRASTNIK,ZASAVSKA
HRASTNIK,MORAVČE,OSREDNJESLOVENSKA
HRASTNIK,VOJNIK,SAVINJSKA
HRASTNIK PRI TROJANAH,ZAGORJE OB SAVI,ZASAVSKA
HRASTNO,ŠENTRUPERT,JUGOVZHODNA SLOVENIJA
HRASTOV DOL,IVANČNA GORICA,OSREDNJESLOVENSKA
HRASTOVEC,VELENJE,SAVINJSKA
HRASTOVEC,ZAVRČ,PODRAVSKA
HRASTOVEC POD BOČEM,POLJČANE,PODRAVSKA
HRASTOVEC V SLOV. GORICAH,LENART,PODRAVSKA
HRASTOVICA,MOKRONOG - TREBELNO,JUGOVZHODNA SLOVENIJA
HRASTOVLJE,KOPER/CAPODISTRIA,OBALNO-KRAŠKA
HRASTULJE,ŠKOCJAN,JUGOVZHODNA SLOVENIJA
HRAŠE,MEDVODE,OSREDNJESLOVENSKA
HRAŠE,RADOVLJICA,GORENJSKA
HRAŠE PRI PREDDVORU,PREDDVOR,GORENJSKA
HRAŠENSKI VRH,RADENCI,POMURSKA
HRAŠČE,POSTOJNA,PRIMORSKO-NOTRANJSKA
HRAŠČE,VIPAVA,GORIŠKA
HRELJIN,KOČEVJE,JUGOVZHODNA SLOVENIJA
HRENCA,MARIBOR,PODRAVSKA
HRENOVA,VOJNIK,SAVINJSKA
HRENOVICE,POSTOJNA,PRIMORSKO-NOTRANJSKA
HRIB,PREDDVOR,GORENJSKA
HRIB,ČRNOMELJ,JUGOVZHODNA SLOVENIJA
HRIB,ŠMARJEŠKE TOPLICE,JUGOVZHODNA SLOVENIJA
HRIB - LOŠKI POTOK,LOŠKI POTOK,JUGOVZHODNA SLOVENIJA
HRIB NAD RIBČAMI,MORAVČE,OSREDNJESLOVENSKA
HRIB PRI CEROVCU,SEMIČ,JUGOVZHODNA SLOVENIJA
HRIB PRI FARI,KOSTEL,JUGOVZHODNA SLOVENIJA
HRIB PRI HINJAH,ŽUŽEMBERK,JUGOVZHODNA SLOVENIJA
HRIB PRI KAMNIKU,KAMNIK,OSREDNJESLOVENSKA
HRIB PRI KOPRIVNIKU,KOČEVJE,JUGOVZHODNA SLOVENIJA
HRIB PRI OREHKU,NOVO MESTO,JUGOVZHODNA SLOVENIJA
HRIB PRI ROŽNEM DOLU,SEMIČ,JUGOVZHODNA SLOVENIJA
HRIBARJEVO,BLOKE,PRIMORSKO-NOTRANJSKA
HRIBI,LUKOVICA,OSREDNJESLOVENSKA
HRIBI,SEŽANA,OBALNO-KRAŠKA
HRIBLJANE,CERKNICA,PRIMORSKO-NOTRANJSKA
HROVAČA,RIBNICA,JUGOVZHODNA SLOVENIJA
HRPELJE,HRPELJE - KOZINA,OBALNO-KRAŠKA
HRUSTOVO,VELIKE LAŠČE,OSREDNJESLOVENSKA
HRUŠEVEC,ŠENTJUR,SAVINJSKA
HRUŠEVICA,KOMEN,OBALNO-KRAŠKA
HRUŠEVJE,POSTOJNA,PRIMORSKO-NOTRANJSKA
HRUŠEVKA,KAMNIK,OSREDNJESLOVENSKA
HRUŠEVLJE,BRDA,GORIŠKA
HRUŠEVO,DOBROVA - POLHOV GRADEC,OSREDNJESLOVENSKA
HRUŠICA,ILIRSKA BISTRICA,PRIMORSKO-NOTRANJSKA
HRUŠICA,JESENICE,GORENJSKA
HRUŠICA,NOVO MESTO,JUGOVZHODNA SLOVENIJA
HRUŠKARJE,CERKNICA,PRIMORSKO-NOTRANJSKA
HRUŠOVJE,ŠENTJUR,SAVINJSKA
HRVATINI/CREVATINI,KOPER/CAPODISTRIA,OBALNO-KRAŠKA
HRVAŠKI BROD,ŠENTJERNEJ,JUGOVZHODNA SLOVENIJA
HUDA JAMA,LAŠKO,SAVINJSKA
HUDA POLICA,GROSUPLJE,OSREDNJESLOVENSKA
HUDAJUŽNA,TOLMIN,GORIŠKA
HUDE RAVNE,LITIJA,ZASAVSKA
HUDEJE,TREBNJE,JUGOVZHODNA SLOVENIJA
HUDENJE,ŠKOCJAN,JUGOVZHODNA SLOVENIJA
HUDI GRABEN,TRŽIČ,GORENJSKA
HUDI KONEC,RIBNICA,JUGOVZHODNA SLOVENIJA
HUDI KOT,RIBNICA NA POHORJU,KOROŠKA
HUDI LOG,MIREN - KOSTANJEVICA,GORIŠKA
HUDI VRH,BLOKE,PRIMORSKO-NOTRANJSKA
HUDINJA,VITANJE,SAVINJSKA
HUDO,DOMŽALE,OSREDNJESLOVENSKA
HUDO,NOVO MESTO,JUGOVZHODNA SLOVENIJA
HUDO,TRŽIČ,GORENJSKA
HUDO BREZJE,SEVNICA,POSAVSKA
HUJBAR,ORMOŽ,PODRAVSKA
HUJE,ILIRSKA BISTRICA,PRIMORSKO-NOTRANJSKA
HUM,BRDA,GORIŠKA
HUM PRI ORMOŽU,ORMOŽ,PODRAVSKA
HUŠICA,TRŽIČ,GORENJSKA
HVALETINCI,SVETI ANDRAŽ V SLOV. GORICAH,PODRAVSKA
IDRIJA,IDRIJA,GORIŠKA
IDRIJA PRI BAČI,TOLMIN,GORIŠKA
IDRIJSKA BELA,IDRIJA,GORIŠKA
IDRIJSKE KRNICE,IDRIJA,GORIŠKA
IDRIJSKI LOG,IDRIJA,GORIŠKA
IDRSKO,KOBARID,GORIŠKA
IDRŠEK,IDRIJA,GORIŠKA
IG,IG,OSREDNJESLOVENSKA
IGA VAS,LOŠKA DOLINA,PRIMORSKO-NOTRANJSKA
IGLENIK,NOVO MESTO,JUGOVZHODNA SLOVENIJA
IGLENIK PRI VELIKI LOKI,TREBNJE,JUGOVZHODNA SLOVENIJA
IHAN,DOMŽALE,OSREDNJESLOVENSKA
IHOVA,BENEDIKT,PODRAVSKA
ILIRSKA BISTRICA,ILIRSKA BISTRICA,PRIMORSKO-NOTRANJSKA
ILJAŠEVCI,KRIŽEVCI,POMURSKA
ILOVCA,VOJNIK,SAVINJSKA
ILOVCI,LJUTOMER,POMURSKA
ILOVKA,KRANJ,GORENJSKA
IMENJE,BRDA,GORIŠKA
IMENJE,MORAVČE,OSREDNJESLOVENSKA
IMENJE,ŠENTJERNEJ,JUGOVZHODNA SLOVENIJA
IMENO,PODČETRTEK,SAVINJSKA
IMENSKA GORCA,PODČETRTEK,SAVINJSKA
IMOVICA,LUKOVICA,OSREDNJESLOVENSKA
IRJE,ROGAŠKA SLATINA,SAVINJSKA
IVANCI,MORAVSKE TOPLICE,POMURSKA
IVANDOL,KRŠKO,POSAVSKA
IVANJE SELO,CERKNICA,PRIMORSKO-NOTRANJSKA
IVANJI GRAD,KOMEN,OBALNO-KRAŠKA
IVANJKOVCI,ORMOŽ,PODRAVSKA
IVANJSKI VRH,CERKVENJAK,PODRAVSKA
IVANJSKI VRH,GORNJA RADGONA,POMURSKA
IVANJŠE,KOSTANJEVICA NA KRKI,POSAVSKA
IVANJŠEVCI,MORAVSKE TOPLICE,POMURSKA
IVANJŠEVCI OB ŠČAVNICI,GORNJA RADGONA,POMURSKA
IVANJŠEVSKI VRH,GORNJA RADGONA,POMURSKA
IVANOVCI,MORAVSKE TOPLICE,POMURSKA
IVANČNA GORICA,IVANČNA GORICA,OSREDNJESLOVENSKA
IVENCA,VOJNIK,SAVINJSKA
IZGORJE,ŽIRI,GORENJSKA
IZLAKE,ZAGORJE OB SAVI,ZASAVSKA
IZOLA/ISOLA,IZOLA/ISOLA,OBALNO-KRAŠKA
IZVIR,BREŽICE,POSAVSKA
IŠKA,IG,OSREDNJESLOVENSKA
IŠKA LOKA,IG,OSREDNJESLOVENSKA
IŠKA VAS,IG,OSREDNJESLOVENSKA
IŽAKOVCI,BELTINCI,POMURSKA
JABLAN,MIRNA PEČ,JUGOVZHODNA SLOVENIJA
JABLANA,ZAGORJE OB SAVI,ZASAVSKA
JABLANCE,DUPLEK,PODRAVSKA
JABLANCE,KOSTANJEVICA NA KRKI,POSAVSKA
JABLANICA,ILIRSKA BISTRICA,PRIMORSKO-NOTRANJSKA
JABLANICA,SEVNICA,POSAVSKA
JABLANIŠKE LAZE,ŠMARTNO PRI LITIJI,OSREDNJESLOVENSKA
JABLANIŠKI POTOK,ŠMARTNO PRI LITIJI,OSREDNJESLOVENSKA
JABLOVEC,PODLEHNIK,PODRAVSKA
JAGNJENICA,RADEČE,POSAVSKA
JAGODJE/JAGODJE,IZOLA/ISOLA,OBALNO-KRAŠKA
JAGODNIK,MOKRONOG - TREBELNO,JUGOVZHODNA SLOVENIJA
JAGOČE,LAŠKO,SAVINJSKA
JAGRŠČE,CERKNO,GORIŠKA
JAKIČEVO,VELIKE LAŠČE,OSREDNJESLOVENSKA
JAKOB PRI ŠENTJURJU,ŠENTJUR,SAVINJSKA
JAKOVCE,SEŽANA,OBALNO-KRAŠKA
JAKOVICA,LOGATEC,OSREDNJESLOVENSKA
JAKŠIČI,KOSTEL,JUGOVZHODNA SLOVENIJA
JAMA,KRANJ,GORENJSKA
JAMA,NOVO MESTO,JUGOVZHODNA SLOVENIJA
JAMA PRI DVORU,ŽUŽEMBERK,JUGOVZHODNA SLOVENIJA
JAMNA,SVETI JURIJ OB ŠČAVNICI,POMURSKA
JAMNICA,PREVALJE,KOROŠKA
JAMNIK,KRANJ,GORENJSKA
JAMNIK,VRHNIKA,OSREDNJESLOVENSKA
JANEŽEVO BRDO,ILIRSKA BISTRICA,PRIMORSKO-NOTRANJSKA
JANEŽI,SODRAŽICA,JUGOVZHODNA SLOVENIJA
JANEŽOVCI,DESTRNIK,PODRAVSKA
JANEŽOVSKI VRH,DESTRNIK,PODRAVSKA
JANHOVA,APAČE,POMURSKA
JANKOVA,VOJNIK,SAVINJSKA
JANKOVIČI,ČRNOMELJ,JUGOVZHODNA SLOVENIJA
JANČE,LJUBLJANA,OSREDNJESLOVENSKA
JANŠKI VRH,MAJŠPERK,PODRAVSKA
JANŠKOVO SELO,VELENJE,SAVINJSKA
JANŽEV VRH,RADENCI,POMURSKA
JANŽEVA GORA,SELNICA OB DRAVI,PODRAVSKA
JANŽEVSKI VRH,PODVELKA,KOROŠKA
JARENINSKI DOL,PESNICA,PODRAVSKA
JARENINSKI VRH,PESNICA,PODRAVSKA
JARMOVEC,ŠENTJUR,SAVINJSKA
JARČJA DOLINA,ŽIRI,GORENJSKA
JARČJE BRDO,GORENJA VAS - POLJANE,GORENJSKA
JARČJI VRH,ŠKOCJAN,JUGOVZHODNA SLOVENIJA
JARŠE,ZAGORJE OB SAVI,ZASAVSKA
JASEN,DOMŽALE,OSREDNJESLOVENSKA
JASEN,ILIRSKA BISTRICA,PRIMORSKO-NOTRANJSKA
JASTREBCI,ORMOŽ,PODRAVSKA
JASTREBNIK,ŠMARTNO PRI LITIJI,OSREDNJESLOVENSKA
JAVNIK,PODVELKA,KOROŠKA
JAVOR,LJUBLJANA,OSREDNJESLOVENSKA
JAVORJE,GORENJA VAS - POLJANE,GORENJSKA
JAVORJE,HRPELJE - KOZINA,OBALNO-KRAŠKA
JAVORJE,VELIKE LAŠČE,OSREDNJESLOVENSKA
JAVORJE,ČRNA NA KOROŠKEM,KOROŠKA
JAVORJE,ŠENTJUR,SAVINJSKA
JAVORJE,ŠMARTNO PRI LITIJI,OSREDNJESLOVENSKA
JAVORJE PRI BLAGOVICI,LUKOVICA,OSREDNJESLOVENSKA
JAVORJE PRI GABROVKI,LITIJA,ZASAVSKA
JAVORJEV DOL,GORENJA VAS - POLJANE,GORENJSKA
JAVORNIK,IDRIJA,GORIŠKA
JAVORNIK,KRANJ,GORENJSKA
JAVORNIK,ŠTORE,SAVINJSKA
JAVORNIŠKI ROVT,JESENICE,GORENJSKA
JAVOROVICA,ŠENTJERNEJ,JUGOVZHODNA SLOVENIJA
JAZBIN VRH,ŠENTJUR,SAVINJSKA
JAZBINA,ČRNA NA KOROŠKEM,KOROŠKA
JAZBINA,ŠMARJE PRI JELŠAH,SAVINJSKA
JAZBINE,GORENJA VAS - POLJANE,GORENJSKA
JAZBINE,ŠENTJUR,SAVINJSKA
JAZNE,CERKNO,GORIŠKA
JEDLOVNIK,KUNGOTA,PODRAVSKA
JELCE,ŠENTJUR,SAVINJSKA
JELENDOL,RIBNICA,JUGOVZHODNA SLOVENIJA
JELENDOL,TRŽIČ,GORENJSKA
JELENDOL,ŠKOCJAN,JUGOVZHODNA SLOVENIJA
JELENIK,KRŠKO,POSAVSKA
JELENJA VAS,KOČEVJE,JUGOVZHODNA SLOVENIJA
JELENK,ZAGORJE OB SAVI,ZASAVSKA
JELENOV ŽLEB,RIBNICA,JUGOVZHODNA SLOVENIJA
JELENSKA REBER,LITIJA,ZASAVSKA
JELENČE,PESNICA,PODRAVSKA
JELIČNI VRH,IDRIJA,GORIŠKA
JELOVEC,MARIBOR,PODRAVSKA
JELOVEC,SEVNICA,POSAVSKA
JELOVEC,SODRAŽICA,JUGOVZHODNA SLOVENIJA
JELOVEC PRI MAKOLAH,MAKOLE,PODRAVSKA
JELOVICA,GORENJA VAS - POLJANE,GORENJSKA
JELOVICE,MAJŠPERK,PODRAVSKA
JELOVO,RADEČE,POSAVSKA
JELŠA,LUKOVICA,OSREDNJESLOVENSKA
JELŠA,ŠMARTNO PRI LITIJI,OSREDNJESLOVENSKA
JELŠANE,ILIRSKA BISTRICA,PRIMORSKO-NOTRANJSKA
JELŠE,KRŠKO,POSAVSKA
JELŠE,MIRNA PEČ,JUGOVZHODNA SLOVENIJA
JELŠE PRI OTOČCU,NOVO MESTO,JUGOVZHODNA SLOVENIJA
JELŠEVEC,KRŠKO,POSAVSKA
JELŠEVEC,MOKRONOG - TREBELNO,JUGOVZHODNA SLOVENIJA
JELŠEVICA,ZAGORJE OB SAVI,ZASAVSKA
JELŠEVNIK,ČRNOMELJ,JUGOVZHODNA SLOVENIJA
JEPERJEK,SEVNICA,POSAVSKA
JERANOVO,KAMNIK,OSREDNJESLOVENSKA
JEREKA,BOHINJ,GORENJSKA
JERESLAVEC,BREŽICE,POSAVSKA
JERINOV GRIČ,VRHNIKA,OSREDNJESLOVENSKA
JERMAN VRH,ŠKOCJAN,JUGOVZHODNA SLOVENIJA
JERNEJA VAS,ČRNOMELJ,JUGOVZHODNA SLOVENIJA
JERONIM,VRANSKO,SAVINJSKA
JEROVSKA VAS,ŠMARJE PRI JELŠAH,SAVINJSKA
JERUZALEM,LJUTOMER,POMURSKA
JERČIN,PODČETRTEK,SAVINJSKA
JERŠANOVO,BLOKE,PRIMORSKO-NOTRANJSKA
JERŠIČE,CERKNICA,PRIMORSKO-NOTRANJSKA
JESEN,KANAL,GORIŠKA
JESENICA,CERKNO,GORIŠKA
JESENICE,BREŽICE,POSAVSKA
JESENICE,JESENICE,GORENJSKA
JESENJE,LITIJA,ZASAVSKA
JESENOV VRT,KOSTEL,JUGOVZHODNA SLOVENIJA
JESENOVO,ZAGORJE OB SAVI,ZASAVSKA
JEVNICA,LITIJA,ZASAVSKA
JEVŠČEK,KOBARID,GORIŠKA
JEZERCA,KOBARID,GORIŠKA
JEZERCE PRI DOBJEM,DOBJE,SAVINJSKA
JEZERCE PRI ŠMARTNEM,CELJE,SAVINJSKA
JEZERO,BREZOVICA,OSREDNJESLOVENSKA
JEZERO,TREBNJE,JUGOVZHODNA SLOVENIJA
JEŠENCA,RAČE - FRAM,PODRAVSKA
JEŠOVEC,SLOVENSKA BISTRICA,PODRAVSKA
JEŠOVEC PRI KOZJEM,KOZJE,SAVINJSKA
JEŠOVEC PRI ŠMARJU,ŠMARJE PRI JELŠAH,SAVINJSKA
JEŽCE,ŠMARTNO PRI LITIJI,OSREDNJESLOVENSKA
JEŽEVEC,LITIJA,ZASAVSKA
JEŽNI VRH,ŠMARTNO PRI LITIJI,OSREDNJESLOVENSKA
JIRŠOVCI,DESTRNIK,PODRAVSKA
JORDANKAL,MIRNA PEČ,JUGOVZHODNA SLOVENIJA
JOSIPDOL,RIBNICA NA POHORJU,KOROŠKA
JUGORJE,NOVO MESTO,JUGOVZHODNA SLOVENIJA
JUGORJE PRI METLIKI,METLIKA,JUGOVZHODNA SLOVENIJA
JUNČJE,RIBNICA,JUGOVZHODNA SLOVENIJA
JURIŠNA VAS,SLOVENSKA BISTRICA,PODRAVSKA
JURJEVICA,RIBNICA,JUGOVZHODNA SLOVENIJA
JURJEVSKI DOL,ŠENTILJ,PODRAVSKA
JURKA VAS,STRAŽA,JUGOVZHODNA SLOVENIJA
JURKLOŠTER,LAŠKO,SAVINJSKA
JURNA VAS,NOVO MESTO,JUGOVZHODNA SLOVENIJA
JUROVCI,VIDEM,PODRAVSKA
JUROVSKI DOL,SVETI JURIJ V SLOV. GORICAH,PODRAVSKA
JURSKI VRH,KUNGOTA,PODRAVSKA
JURŠINCI,JURŠINCI,PODRAVSKA
JURŠČE,PIVKA,PRIMORSKO-NOTRANJSKA
JUVANJE,LJUBNO,SAVINJSKA
KADRENCI,CERKVENJAK,PODRAVSKA
KAJŽAR,ORMOŽ,PODRAVSKA
KAL,HRASTNIK,ZASAVSKA
KAL,IVANČNA GORICA,OSREDNJESLOVENSKA
KAL,PIVKA,PRIMORSKO-NOTRANJSKA
KAL,SEMIČ,JUGOVZHODNA SLOVENIJA
KAL,TOLMIN,GORIŠKA
KAL,ZAGORJE OB SAVI,ZASAVSKA
KAL - KORITNICA,BOVEC,GORIŠKA
KAL NAD KANALOM,KANAL,GORIŠKA
KAL PRI DOLAH,LITIJA,ZASAVSKA
KAL PRI KRMELJU,SEVNICA,POSAVSKA
KALCE,KRŠKO,POSAVSKA
KALCE,LOGATEC,OSREDNJESLOVENSKA
KALCE - NAKLO,KRŠKO,POSAVSKA
KALE,ŽALEC,SAVINJSKA
KALIŠE,KAMNIK,OSREDNJESLOVENSKA
KALIŠE,ŽELEZNIKI,GORENJSKA
KALIŠOVEC,KRŠKO,POSAVSKA
KALOBJE,ŠENTJUR,SAVINJSKA
KALŠE,SLOVENSKA BISTRICA,PODRAVSKA
KAMBREŠKO,KANAL,GORIŠKA
KAMENCA NAD LOŽICAMI,KANAL,GORIŠKA
KAMENCE,BREŽICE,POSAVSKA
KAMENCE,ROGAŠKA SLATINA,SAVINJSKA
KAMENICA,METLIKA,JUGOVZHODNA SLOVENIJA
KAMENICA,SEVNICA,POSAVSKA
KAMENIK,ŠMARJE PRI JELŠAH,SAVINJSKA
KAMENO,ŠENTJUR,SAVINJSKA
KAMENČE,BRASLOVČE,SAVINJSKA
KAMENŠKO,SEVNICA,POSAVSKA
KAMNA GORA,SLOVENSKE KONJICE,SAVINJSKA
KAMNA GORCA,ROGAŠKA SLATINA,SAVINJSKA
KAMNA GORICA,RADOVLJICA,GORENJSKA
KAMNI POTOK,TREBNJE,JUGOVZHODNA SLOVENIJA
KAMNI VRH,LITIJA,ZASAVSKA
KAMNI VRH PRI AMBRUSU,IVANČNA GORICA,OSREDNJESLOVENSKA
KAMNI VRH PRI PRIMSKOVEM,ŠMARTNO PRI LITIJI,OSREDNJESLOVENSKA
KAMNICA,DOL PRI LJUBLJANI,OSREDNJESLOVENSKA
KAMNICA,MARIBOR,PODRAVSKA
KAMNIK,KAMNIK,OSREDNJESLOVENSKA
KAMNIK POD KRIMOM,BREZOVICA,OSREDNJESLOVENSKA
KAMNIŠKA BISTRICA,KAMNIK,OSREDNJESLOVENSKA
KAMNJE,AJDOVŠČINA,GORIŠKA
KAMNJE,BOHINJ,GORENJSKA
KAMNJE,ŠENTRUPERT,JUGOVZHODNA SLOVENIJA
KAMNO,TOLMIN,GORIŠKA
KAMNO BRDO,IVANČNA GORICA,OSREDNJESLOVENSKA
KAMOVCI/KAMAHAZA,LENDAVA/LENDVA,POMURSKA
KAMPEL/CAMPEL,KOPER/CAPODISTRIA,OBALNO-KRAŠKA
KANAL,KANAL,GORIŠKA
KANALSKI LOM,TOLMIN,GORIŠKA
KANALSKI VRH,KANAL,GORIŠKA
KANDRŠE - DEL,LITIJA,ZASAVSKA
KANDRŠE - DEL,ZAGORJE OB SAVI,ZASAVSKA
KANIŽA,ŠENTILJ,PODRAVSKA
KANIŽARICA,ČRNOMELJ,JUGOVZHODNA SLOVENIJA
KANJI DOL,IDRIJA,GORIŠKA
KANJUCE,ŠTORE,SAVINJSKA
KANČEVCI,MORAVSKE TOPLICE,POMURSKA
KAPCA/KAPCA,LENDAVA/LENDVA,POMURSKA
KAPELE,BREŽICE,POSAVSKA
KAPELSKI VRH,RADENCI,POMURSKA
KAPLA,TABOR,SAVINJSKA
KAPLANOVO,VELIKE LAŠČE,OSREDNJESLOVENSKA
KAPLJA VAS,PREBOLD,SAVINJSKA
KAPLJA VAS,SEVNICA,POSAVSKA
KAPLJIŠČE,METLIKA,JUGOVZHODNA SLOVENIJA
KAPTOL,KOSTEL,JUGOVZHODNA SLOVENIJA
KARLI,KOPER/CAPODISTRIA,OBALNO-KRAŠKA
KARLOVICA,VELIKE LAŠČE,OSREDNJESLOVENSKA
KARLČE,KOSTANJEVICA NA KRKI,POSAVSKA
KASAZE,ŽALEC,SAVINJSKA
KASTELEC,KOPER/CAPODISTRIA,OBALNO-KRAŠKA
KATARIJA,MORAVČE,OSREDNJESLOVENSKA
KAVČE,VELENJE,SAVINJSKA
KAZLJE,SEŽANA,OBALNO-KRAŠKA
KAČIČE - PARED,DIVAČA,OBALNO-KRAŠKA
KAČJI DOL,ROGAŠKA SLATINA,SAVINJSKA
KAČJI POTOK,KOČEVJE,JUGOVZHODNA SLOVENIJA
KEBELJ,SLOVENSKA BISTRICA,PODRAVSKA
KERINOV GRM,KRŠKO,POSAVSKA
KICAR,PTUJ,PODRAVSKA
KIDRIČEVO,KIDRIČEVO,PODRAVSKA
KILOVČE,ILIRSKA BISTRICA,PRIMORSKO-NOTRANJSKA
KISOVEC,ZAGORJE OB SAVI,ZASAVSKA
KITNI VRH,IVANČNA GORICA,OSREDNJESLOVENSKA
KLADA,ŠKOFLJICA,OSREDNJESLOVENSKA
KLADJE,GORENJA VAS - POLJANE,GORENJSKA
KLADJE,LAŠKO,SAVINJSKA
KLADJE NAD BLANCO,SEVNICA,POSAVSKA
KLADJE PRI KRMELJU,SEVNICA,POSAVSKA
KLADNART,VOJNIK,SAVINJSKA
KLAKE,KOZJE,SAVINJSKA
KLANC,DOBRNA,SAVINJSKA
KLANCE,LOŠKA DOLINA,PRIMORSKO-NOTRANJSKA
KLANEC,KOMENDA,OSREDNJESLOVENSKA
KLANEC PRI GABROVKI,LITIJA,ZASAVSKA
KLANEC PRI KOMNU,KOMEN,OBALNO-KRAŠKA
KLANEC PRI KOZINI,HRPELJE - KOZINA,OBALNO-KRAŠKA
KLAVŽE,TOLMIN,GORIŠKA
KLEK,TRBOVLJE,ZASAVSKA
KLEMENČEVO,KAMNIK,OSREDNJESLOVENSKA
KLENIK,LITIJA,ZASAVSKA
KLENIK,PIVKA,PRIMORSKO-NOTRANJSKA
KLENOVIK,ŠKOCJAN,JUGOVZHODNA SLOVENIJA
KLENOVO,LAŠKO,SAVINJSKA
KLEČ,KOČEVJE,JUGOVZHODNA SLOVENIJA
KLEČE PRI DOLU,DOL PRI LJUBLJANI,OSREDNJESLOVENSKA
KLEČET,ŽUŽEMBERK,JUGOVZHODNA SLOVENIJA
KLINJA VAS,KOČEVJE,JUGOVZHODNA SLOVENIJA
KLJUČAROVCI PRI LJUTOMERU,KRIŽEVCI,POMURSKA
KLJUČEVICA,TRBOVLJE,ZASAVSKA
KLOKOČOVNIK,SLOVENSKE KONJICE,SAVINJSKA
KLOPCE,DOL PRI LJUBLJANI,OSREDNJESLOVENSKA
KLOPCE,SLOVENSKA BISTRICA,PODRAVSKA
KLOPCE,ŽUŽEMBERK,JUGOVZHODNA SLOVENIJA
KLOŠTER,METLIKA,JUGOVZHODNA SLOVENIJA
KNAPE,ŠKOFJA LOKA,GORENJSKA
KNEJ,VELIKE LAŠČE,OSREDNJESLOVENSKA
KNEZDOL,TRBOVLJE,ZASAVSKA
KNEŠKE RAVNE,TOLMIN,GORIŠKA
KNEŽA,TOLMIN,GORIŠKA
KNEŽAK,ILIRSKA BISTRICA,PRIMORSKO-NOTRANJSKA
KNEŽINA,ČRNOMELJ,JUGOVZHODNA SLOVENIJA
KNEŽJA LIPA,KOČEVJE,JUGOVZHODNA SLOVENIJA
KNEŽJA NJIVA,LOŠKA DOLINA,PRIMORSKO-NOTRANJSKA
KNEŽJA VAS,TREBNJE,JUGOVZHODNA SLOVENIJA
KOBARID,KOBARID,GORIŠKA
KOBDILJ,KOMEN,OBALNO-KRAŠKA
KOBILE,KRŠKO,POSAVSKA
KOBILJE,KOBILJE,POMURSKA
KOBILŠČAK,RADENCI,POMURSKA
KOBJEGLAVA,KOMEN,OBALNO-KRAŠKA
KOBLARJI,KOČEVJE,JUGOVZHODNA SLOVENIJA
KOBLE,SLOVENSKE KONJICE,SAVINJSKA
KOBLEK,VOJNIK,SAVINJSKA
KOBOLI,KOMEN,OBALNO-KRAŠKA
KOCJAN,RADENCI,POMURSKA
KODRETI,KOMEN,OBALNO-KRAŠKA
KOG,ORMOŽ,PODRAVSKA
KOGLO,ŠMARJEŠKE TOPLICE,JUGOVZHODNA SLOVENIJA
KOJSKO,BRDA,GORIŠKA
KOKARJE,NAZARJE,SAVINJSKA
KOKOLAJNŠČAK,SVETI JURIJ OB ŠČAVNICI,POMURSKA
KOKORIČI,KRIŽEVCI,POMURSKA
KOKOŠNJE,DOMŽALE,OSREDNJESLOVENSKA
KOKRA,PREDDVOR,GORENJSKA
KOKRICA,KRANJ,GORENJSKA
KOLAČNO,SLOVENSKE KONJICE,SAVINJSKA
KOLENČA VAS,DOBREPOLJE,OSREDNJESLOVENSKA
KOLIČEVO,DOMŽALE,OSREDNJESLOVENSKA
KOLK,ZAGORJE OB SAVI,ZASAVSKA
KOLOMBAN/COLOMBANO,KOPER/CAPODISTRIA,OBALNO-KRAŠKA
KOLOVEC,DOMŽALE,OSREDNJESLOVENSKA
KOLOVRAT,ZAGORJE OB SAVI,ZASAVSKA
KOLUDRJE,SEVNICA,POSAVSKA
KOMANIJA,DOBROVA - POLHOV GRADEC,OSREDNJESLOVENSKA
KOMARNA VAS,SEMIČ,JUGOVZHODNA SLOVENIJA
KOMARNICA,CERKVENJAK,PODRAVSKA
KOMEN,KOMEN,OBALNO-KRAŠKA
KOMENDA,KOMENDA,OSREDNJESLOVENSKA
KOMENDSKA DOBRAVA,KOMENDA,OSREDNJESLOVENSKA
KOMOLEC,KOČEVJE,JUGOVZHODNA SLOVENIJA
KOMPOLE,ŠTORE,SAVINJSKA
KOMPOLJE,DOBREPOLJE,OSREDNJESLOVENSKA
KOMPOLJE,LUKOVICA,OSREDNJESLOVENSKA
KOMPOLJE,SEVNICA,POSAVSKA
KONC,LAŠKO,SAVINJSKA
KONCA VAS,KOČEVJE,JUGOVZHODNA SLOVENIJA
KONEC,NOVO MESTO,JUGOVZHODNA SLOVENIJA
KONJ,LITIJA,ZASAVSKA
KONJIŠKA VAS,SLOVENSKE KONJICE,SAVINJSKA
KONJSKI VRH,LUČE,SAVINJSKA
KONJSKO,SEVNICA,POSAVSKA
KONJSKO,VOJNIK,SAVINJSKA
KONJŠICA - DEL,LITIJA,ZASAVSKA
KONJŠICA - DEL,ZAGORJE OB SAVI,ZASAVSKA
KONUŠKO,ŠMARJE PRI JELŠAH,SAVINJSKA
KOPAČNICA,GORENJA VAS - POLJANE,GORENJSKA
KOPER/CAPODISTRIA,KOPER/CAPODISTRIA,OBALNO-KRAŠKA
KOPIVNIK,RAČE - FRAM,PODRAVSKA
KOPRIVA,RAZKRIŽJE,POMURSKA
KOPRIVA,SEŽANA,OBALNO-KRAŠKA
KOPRIVNA,ČRNA NA KOROŠKEM,KOROŠKA
KOPRIVNICA,KRŠKO,POSAVSKA
KOPRIVNIK,KOSTANJEVICA NA KRKI,POSAVSKA
KOPRIVNIK,KOČEVJE,JUGOVZHODNA SLOVENIJA
KOPRIVNIK,ŽIRI,GORENJSKA
KOPRIVNIK V BOHINJU,BOHINJ,GORENJSKA
KORAČICE,SVETI TOMAŽ,PODRAVSKA
KORENITKA,TREBNJE,JUGOVZHODNA SLOVENIJA
KORENJAK,ZAVRČ,PODRAVSKA
KORENO,LUKOVICA,OSREDNJESLOVENSKA
KORENO NAD HORJULOM,HORJUL,OSREDNJESLOVENSKA
KORETNO,ŠMARJE PRI JELŠAH,SAVINJSKA
KORITA,IDRIJA,GORIŠKA
KORITA,TREBNJE,JUGOVZHODNA SLOVENIJA
KORITA NA KRASU,MIREN - KOSTANJEVICA,GORIŠKA
KORITNICA,KRŠKO,POSAVSKA
KORITNICA,TOLMIN,GORIŠKA
KORITNICE,ILIRSKA BISTRICA,PRIMORSKO-NOTRANJSKA
KORITNO,BLED,GORENJSKA
KORITNO,BREŽICE,POSAVSKA
KORITNO,MAJŠPERK,PODRAVSKA
KORITNO,OPLOTNICA,PODRAVSKA
KOROMAČI - BOŠKINI,KOPER/CAPODISTRIA,OBALNO-KRAŠKA
KOROVCI,CANKOVA,POMURSKA
KOROŠKA BELA,JESENICE,GORENJSKA
KOROŠKA VAS,NOVO MESTO,JUGOVZHODNA SLOVENIJA
KOROŠKA VAS NA POHORJU,ZREČE,SAVINJSKA
KOROŠKI SELOVEC,RAVNE NA KOROŠKEM,KOROŠKA
KOROŠČE,CERKNICA,PRIMORSKO-NOTRANJSKA
KORPE,LUKOVICA,OSREDNJESLOVENSKA
KORPLJE,SLOVENSKA BISTRICA,PODRAVSKA
KORPULE,ŠMARJE PRI JELŠAH,SAVINJSKA
KORTE,IZOLA/ISOLA,OBALNO-KRAŠKA
KORTINE,KOPER/CAPODISTRIA,OBALNO-KRAŠKA
KOSEZE,ILIRSKA BISTRICA,PRIMORSKO-NOTRANJSKA
KOSEZE,VODICE,OSREDNJESLOVENSKA
KOSEČ,KOBARID,GORIŠKA
KOSOVELJE,SEŽANA,OBALNO-KRAŠKA
KOSTANJ,KAMNIK,OSREDNJESLOVENSKA
KOSTANJEK,KRŠKO,POSAVSKA
KOSTANJEVEC,SLOVENSKA BISTRICA,PODRAVSKA
KOSTANJEVICA,ŠENTRUPERT,JUGOVZHODNA SLOVENIJA
KOSTANJEVICA NA KRASU,MIREN - KOSTANJEVICA,GORIŠKA
KOSTANJEVICA NA KRKI,KOSTANJEVICA NA KRKI,POSAVSKA
KOSTEL,KOSTEL,JUGOVZHODNA SLOVENIJA
KOSTREVNICA,ZAGORJE OB SAVI,ZASAVSKA
KOSTRIVNICA,ŠENTJUR,SAVINJSKA
KOT,IG,OSREDNJESLOVENSKA
KOT NA POHORJU,SLOVENSKA BISTRICA,PODRAVSKA
KOT OB KOLPI,ČRNOMELJ,JUGOVZHODNA SLOVENIJA
KOT PRI DAMLJU,ČRNOMELJ,JUGOVZHODNA SLOVENIJA
KOT PRI PREVALJAH,PREVALJE,KOROŠKA
KOT PRI RAKITNICI,RIBNICA,JUGOVZHODNA SLOVENIJA
KOT PRI RIBNICI,RIBNICA,JUGOVZHODNA SLOVENIJA
KOT PRI VELIKI SLEVICI,VELIKE LAŠČE,OSREDNJESLOVENSKA
KOT/KOT,LENDAVA/LENDVA,POMURSKA
KOTEL,SODRAŽICA,JUGOVZHODNA SLOVENIJA
KOTI,NOVO MESTO,JUGOVZHODNA SLOVENIJA
KOTLJE,RAVNE NA KOROŠKEM,KOROŠKA
KOTREDEŽ,ZAGORJE OB SAVI,ZASAVSKA
KOVAČA VAS,SLOVENSKA BISTRICA,PODRAVSKA
KOVAČA VAS,ČRNOMELJ,JUGOVZHODNA SLOVENIJA
KOVAČEVCI,GRAD,POMURSKA
KOVAČJI GRAD,ČRNOMELJ,JUGOVZHODNA SLOVENIJA
KOVAŠKI VRH,OPLOTNICA,PODRAVSKA
KOVK,AJDOVŠČINA,GORIŠKA
KOVK,HRASTNIK,ZASAVSKA
KOVOR,TRŽIČ,GORENJSKA
KOVSKI VRH,ŠKOFJA LOKA,GORENJSKA
KOVČICE,HRPELJE - KOZINA,OBALNO-KRAŠKA
KOZANA,BRDA,GORIŠKA
KOZARIŠČE,LOŠKA DOLINA,PRIMORSKO-NOTRANJSKA
KOZARNO,BRDA,GORIŠKA
KOZARŠČE,TOLMIN,GORIŠKA
KOZINA,HRPELJE - KOZINA,OBALNO-KRAŠKA
KOZJAK,MISLINJA,KOROŠKA
KOZJAK NAD PESNICO,KUNGOTA,PODRAVSKA
KOZJAK PRI CERŠAKU,ŠENTILJ,PODRAVSKA
KOZJANE,DIVAČA,OBALNO-KRAŠKA
KOZJE,KOZJE,SAVINJSKA
KOZJI VRH,PODVELKA,KOROŠKA
KOZJI VRH NAD DRAVOGRADOM,DRAVOGRAD,KOROŠKA
KOZLOVIČI,KOPER/CAPODISTRIA,OBALNO-KRAŠKA
KOZMERICE,TOLMIN,GORIŠKA
KOZMINCI,PODLEHNIK,PODRAVSKA
KOČARIJA,KOSTANJEVICA NA KRKI,POSAVSKA
KOČARJI,KOČEVJE,JUGOVZHODNA SLOVENIJA
KOČE,KOČEVJE,JUGOVZHODNA SLOVENIJA
KOČE,POSTOJNA,PRIMORSKO-NOTRANJSKA
KOČEVJE,KOČEVJE,JUGOVZHODNA SLOVENIJA
KOČEVSKA REKA,KOČEVJE,JUGOVZHODNA SLOVENIJA
KOČEVSKE POLJANE,DOLENJSKE TOPLICE,JUGOVZHODNA SLOVENIJA
KOČICE,ŽETALE,PODRAVSKA
KOČKI VRH,SVETI JURIJ OB ŠČAVNICI,POMURSKA
KOČNA,JESENICE,GORENJSKA
KOČNO,KRŠKO,POSAVSKA
KOČNO OB LOŽNICI,SLOVENSKA BISTRICA,PODRAVSKA
KOČNO PRI POLSKAVI,SLOVENSKA BISTRICA,PODRAVSKA
KOŠAKI,MARIBOR,PODRAVSKA
KOŠAROVCI,GORNJI PETROVCI,POMURSKA
KOŠIŠE,KAMNIK,OSREDNJESLOVENSKA
KOŠKE POLJANE,ŠMARTNO PRI LITIJI,OSREDNJESLOVENSKA
KOŠNICA,ŠENTJUR,SAVINJSKA
KOŠNICA PRI CELJU,CELJE,SAVINJSKA
KOŠTABONA,KOPER/CAPODISTRIA,OBALNO-KRAŠKA
KOŠČAKE,CERKNICA,PRIMORSKO-NOTRANJSKA
KOŽBANA,BRDA,GORIŠKA
KOŽLJEK,CERKNICA,PRIMORSKO-NOTRANJSKA
KOŽLJEVEC,GROSUPLJE,OSREDNJESLOVENSKA
KOŽMANI,AJDOVŠČINA,GORIŠKA
KRABERK,SLOVENSKE KONJICE,SAVINJSKA
KRAJNA,TIŠINA,POMURSKA
KRAJNA BRDA,SEVNICA,POSAVSKA
KRAJNA VAS,SEŽANA,OBALNO-KRAŠKA
KRAJNO BRDO,LUKOVICA,OSREDNJESLOVENSKA
KRAJNČICA,ŠENTJUR,SAVINJSKA
KRALJEVCI,SVETI JURIJ OB ŠČAVNICI,POMURSKA
KRALJI,KOČEVJE,JUGOVZHODNA SLOVENIJA
KRAMAROVCI,ROGAŠOVCI,POMURSKA
KRAMPLJE,BLOKE,PRIMORSKO-NOTRANJSKA
KRANJ,KRANJ,GORENJSKA
KRANJSKA GORA,KRANJSKA GORA,GORENJSKA
KRANJČE,CERKNICA,PRIMORSKO-NOTRANJSKA
KRAPJE,LJUTOMER,POMURSKA
KRASINEC,METLIKA,JUGOVZHODNA SLOVENIJA
KRASNA,POLJČANE,PODRAVSKA
KRASNO,BRDA,GORIŠKA
KRAČALI,SODRAŽICA,JUGOVZHODNA SLOVENIJA
KRAŠCE,MORAVČE,OSREDNJESLOVENSKA
KRAŠKA VAS,BREŽICE,POSAVSKA
KRAŠNJA,LUKOVICA,OSREDNJESLOVENSKA
KRAŠNJI VRH,METLIKA,JUGOVZHODNA SLOVENIJA
KRAŠČI,CANKOVA,POMURSKA
KRED,KOBARID,GORIŠKA
KREGARJEVO,KAMNIK,OSREDNJESLOVENSKA
KREGOLIŠČE,SEŽANA,OBALNO-KRAŠKA
KREMBERK,SVETA ANA,PODRAVSKA
KREMEN,KRŠKO,POSAVSKA
KREMENCA,CERKNICA,PRIMORSKO-NOTRANJSKA
KREMENICA,IG,OSREDNJESLOVENSKA
KREMENIK,GORENJA VAS - POLJANE,GORENJSKA
KREPLJE,SEŽANA,OBALNO-KRAŠKA
KRESNICA,ŠENTILJ,PODRAVSKA
KRESNICE,LITIJA,ZASAVSKA
KRESNIŠKE POLJANE,LITIJA,ZASAVSKA
KRESNIŠKI VRH,LITIJA,ZASAVSKA
KRISTAN VRH,ŠMARJE PRI JELŠAH,SAVINJSKA
KRIVI VRH,SVETA ANA,PODRAVSKA
KRIVICA,ŠENTJUR,SAVINJSKA
KRIVO BRDO,GORENJA VAS - POLJANE,GORENJSKA
KRIVOGLAVICE,METLIKA,JUGOVZHODNA SLOVENIJA
KRIVČEVO,KAMNIK,OSREDNJESLOVENSKA
KRIŠKA REBER,TREBNJE,JUGOVZHODNA SLOVENIJA
KRIŠKA VAS,IVANČNA GORICA,OSREDNJESLOVENSKA
KRIŠTANCI,LJUTOMER,POMURSKA
KRIŠTANDOL,HRASTNIK,ZASAVSKA
KRIŽ,KOMENDA,OSREDNJESLOVENSKA
KRIŽ,SEVNICA,POSAVSKA
KRIŽ,SEŽANA,OBALNO-KRAŠKA
KRIŽ,TREBNJE,JUGOVZHODNA SLOVENIJA
KRIŽAN VRH,BISTRICA OB SOTLI,POSAVSKA
KRIŽATE,MORAVČE,OSREDNJESLOVENSKA
KRIŽE,BREŽICE,POSAVSKA
KRIŽE,NOVO MESTO,JUGOVZHODNA SLOVENIJA
KRIŽE,TRŽIČ,GORENJSKA
KRIŽEVCI,GORNJI PETROVCI,POMURSKA
KRIŽEVCI PRI LJUTOMERU,KRIŽEVCI,POMURSKA
KRIŽEVEC,ZREČE,SAVINJSKA
KRIŽEVSKA VAS,DOL PRI LJUBLJANI,OSREDNJESLOVENSKA
KRIŽEVSKA VAS,METLIKA,JUGOVZHODNA SLOVENIJA
KRIŽEČA VAS,POLJČANE,PODRAVSKA
KRIŽIŠČE,SEVNICA,POSAVSKA
KRIŽMANI,OSILNICA,JUGOVZHODNA SLOVENIJA
KRIŽNA GORA,AJDOVŠČINA,GORIŠKA
KRIŽNA GORA,ŠKOFJA LOKA,GORENJSKA
KRIŽNI VRH,MOKRONOG - TREBELNO,JUGOVZHODNA SLOVENIJA
KRIŽNI VRH,SLOVENSKA BISTRICA,PODRAVSKA
KRKA,IVANČNA GORICA,OSREDNJESLOVENSKA
KRKAVČE,KOPER/CAPODISTRIA,OBALNO-KRAŠKA
KRKOVO NAD FARO,KOSTEL,JUGOVZHODNA SLOVENIJA
KRKOVO PRI KARLOVICI,VELIKE LAŠČE,OSREDNJESLOVENSKA
KRMAČINA,METLIKA,JUGOVZHODNA SLOVENIJA
KRMELJ,SEVNICA,POSAVSKA
KRN,KOBARID,GORIŠKA
KRNCI,MORAVSKE TOPLICE,POMURSKA
KRNICA,GORJE,GORENJSKA
KRNICA,KOPER/CAPODISTRIA,OBALNO-KRAŠKA
KRNICA,LUČE,SAVINJSKA
KRNICE,HRASTNIK,ZASAVSKA
KRNICE PRI NOVAKIH,GORENJA VAS - POLJANE,GORENJSKA
KRNČE,RIBNICA,JUGOVZHODNA SLOVENIJA
KROG,MURSKA SOBOTA,POMURSKA
KROMBERK,NOVA GORICA,GORIŠKA
KROPA,RADOVLJICA,GORENJSKA
KRPLIVNIK/KAPORNAK,HODOŠ/HODOS,POMURSKA
KRSINJI VRH,SEVNICA,POSAVSKA
KRSTENICA,KANAL,GORIŠKA
KRTINA,DOMŽALE,OSREDNJESLOVENSKA
KRTINA,TREBNJE,JUGOVZHODNA SLOVENIJA
KRTINCE,ŠMARJE PRI JELŠAH,SAVINJSKA
KRTINOVICA,SEŽANA,OBALNO-KRAŠKA
KRUPA,SEMIČ,JUGOVZHODNA SLOVENIJA
KRUPLIVNIK,GRAD,POMURSKA
KRUŠNI VRH,TREBNJE,JUGOVZHODNA SLOVENIJA
KRUŠČE,CERKNICA,PRIMORSKO-NOTRANJSKA
KRVAVA PEČ,VELIKE LAŠČE,OSREDNJESLOVENSKA
KRVAVI POTOK,HRPELJE - KOZINA,OBALNO-KRAŠKA
KRVAVČJI VRH,SEMIČ,JUGOVZHODNA SLOVENIJA
KRČEVINA,ORMOŽ,PODRAVSKA
KRČEVINA PRI VURBERGU,PTUJ,PODRAVSKA
KRŠIČ,KAMNIK,OSREDNJESLOVENSKA
KRŠKA VAS,BREŽICE,POSAVSKA
KRŠKA VAS,IVANČNA GORICA,OSREDNJESLOVENSKA
KRŠKO,KRŠKO,POSAVSKA
KRŽETI,SODRAŽICA,JUGOVZHODNA SLOVENIJA
KRŽIŠČE,CERKNICA,PRIMORSKO-NOTRANJSKA
KRŽIŠČE,KRŠKO,POSAVSKA
KRŽIŠČE PRI ČATEŽU,LITIJA,ZASAVSKA
KUBED,KOPER/CAPODISTRIA,OBALNO-KRAŠKA
KUHLARJI,KOČEVJE,JUGOVZHODNA SLOVENIJA
KUK,TOLMIN,GORIŠKA
KUKAVA,JURŠINCI,PODRAVSKA
KUKENBERK,TREBNJE,JUGOVZHODNA SLOVENIJA
KUKEČ,GORNJI PETROVCI,POMURSKA
KUKMAKA,VELIKE LAŠČE,OSREDNJESLOVENSKA
KUMEN,LOVRENC NA POHORJU,PODRAVSKA
KUMPOLJE,LITIJA,ZASAVSKA
KUNGOTA PRI PTUJU,KIDRIČEVO,PODRAVSKA
KUNOVA,GORNJA RADGONA,POMURSKA
KUNŠPERK,BISTRICA OB SOTLI,POSAVSKA
KUPETINCI,SVETI JURIJ OB ŠČAVNICI,POMURSKA
KUPLJENIK,BLED,GORENJSKA
KUPČINJI VRH,MAJŠPERK,PODRAVSKA
KUPŠINCI,MURSKA SOBOTA,POMURSKA
KURETNO,LAŠKO,SAVINJSKA
KURŠINCI,LJUTOMER,POMURSKA
KUTEŽEVO,ILIRSKA BISTRICA,PRIMORSKO-NOTRANJSKA
KUTINCI,SVETI JURIJ OB ŠČAVNICI,POMURSKA
KUZARJEV KAL,NOVO MESTO,JUGOVZHODNA SLOVENIJA
KUZMA,KUZMA,POMURSKA
KUŠERNIK,PESNICA,PODRAVSKA
KUŠTANOVCI,PUCONCI,POMURSKA
KUŽELIČ,KOSTEL,JUGOVZHODNA SLOVENIJA
KUŽELJ,KOSTEL,JUGOVZHODNA SLOVENIJA
KUŽELJEVEC,IVANČNA GORICA,OSREDNJESLOVENSKA
KVASICA,ČRNOMELJ,JUGOVZHODNA SLOVENIJA
LABINJE,CERKNO,GORIŠKA
LABOR,KOPER/CAPODISTRIA,OBALNO-KRAŠKA
LADJA,MEDVODE,OSREDNJESLOVENSKA
LADRA,KOBARID,GORIŠKA
LAHOMNO,LAŠKO,SAVINJSKA
LAHOMŠEK,LAŠKO,SAVINJSKA
LAHONCI,ORMOŽ,PODRAVSKA
LAHOV GRABEN,LAŠKO,SAVINJSKA
LAHOVNA,CELJE,SAVINJSKA
LAHOVO,BLOKE,PRIMORSKO-NOTRANJSKA
LAHOVČE,CERKLJE NA GORENJSKEM,GORENJSKA
LAJŠE,GORENJA VAS - POLJANE,GORENJSKA
LAJŠE,ŽELEZNIKI,GORENJSKA
LANCOVA VAS,VIDEM,PODRAVSKA
LANCOVO,RADOVLJICA,GORENJSKA
LANDEK,VOJNIK,SAVINJSKA
LANDOL,POSTOJNA,PRIMORSKO-NOTRANJSKA
LANIŠE,GORENJA VAS - POLJANE,GORENJSKA
LANIŠE,KAMNIK,OSREDNJESLOVENSKA
LANIŠČE,ŠKOFLJICA,OSREDNJESLOVENSKA
LAPORJE,SLOVENSKA BISTRICA,PODRAVSKA
LAPORJE,VELIKE LAŠČE,OSREDNJESLOVENSKA
LASENO,KAMNIK,OSREDNJESLOVENSKA
LASIGOVCI,DORNAVA,PODRAVSKA
LASTNIČ,PODČETRTEK,SAVINJSKA
LASTOMERCI,GORNJA RADGONA,POMURSKA
LATKOVA VAS,PREBOLD,SAVINJSKA
LAVRICA,ŠKOFLJICA,OSREDNJESLOVENSKA
LAVROVEC,LOGATEC,OSREDNJESLOVENSKA
LAVTARSKI VRH,KRANJ,GORENJSKA
LAZE,BREŽICE,POSAVSKA
LAZE,GORENJA VAS - POLJANE,GORENJSKA
LAZE,LOGATEC,OSREDNJESLOVENSKA
LAZE,NOVO MESTO,JUGOVZHODNA SLOVENIJA
LAZE,VELENJE,SAVINJSKA
LAZE,VELIKE LAŠČE,OSREDNJESLOVENSKA
LAZE NAD KRKO,IVANČNA GORICA,OSREDNJESLOVENSKA
LAZE PRI BOROVNICI,BOROVNICA,OSREDNJESLOVENSKA
LAZE PRI BOŠTANJU,SEVNICA,POSAVSKA
LAZE PRI DOLSKEM,DOL PRI LJUBLJANI,OSREDNJESLOVENSKA
LAZE PRI DOMŽALAH,DOMŽALE,OSREDNJESLOVENSKA
LAZE PRI DRAMLJAH,ŠENTJUR,SAVINJSKA
LAZE PRI GOBNIKU,LITIJA,ZASAVSKA
LAZE PRI GORENJEM JEZERU,CERKNICA,PRIMORSKO-NOTRANJSKA
LAZE PRI KOSTELU,KOSTEL,JUGOVZHODNA SLOVENIJA
LAZE PRI ONEKU,KOČEVJE,JUGOVZHODNA SLOVENIJA
LAZE PRI PREDGRADU,KOČEVJE,JUGOVZHODNA SLOVENIJA
LAZE PRI VAČAH,LITIJA,ZASAVSKA
LAZE V TUHINJU,KAMNIK,OSREDNJESLOVENSKA
LAZEC,CERKNO,GORIŠKA
LAZEC,LOŠKI POTOK,JUGOVZHODNA SLOVENIJA
LAZINA,ŽUŽEMBERK,JUGOVZHODNA SLOVENIJA
LAZIŠE,LAŠKO,SAVINJSKA
LAZNA,NOVA GORICA,GORIŠKA
LAZNICA,CERKNO,GORIŠKA
LAZNICA,MARIBOR,PODRAVSKA
LAČAVES,ORMOŽ,PODRAVSKA
LAČJA VAS,NAZARJE,SAVINJSKA
LAČNA GORA,OPLOTNICA,PODRAVSKA
LAŠE,ŠMARJE PRI JELŠAH,SAVINJSKA
LAŠKA VAS,LAŠKO,SAVINJSKA
LAŠKA VAS PRI ŠTORAH,ŠTORE,SAVINJSKA
LAŠKI ROVT,BOHINJ,GORENJSKA
LAŠKO,LAŠKO,SAVINJSKA
LAŠČE,BOROVNICA,OSREDNJESLOVENSKA
LAŠČE,ŽUŽEMBERK,JUGOVZHODNA SLOVENIJA
LAŽE,DIVAČA,OBALNO-KRAŠKA
LAŽIŠE,DOBJE,SAVINJSKA
LEDEČA VAS,ŠENTJERNEJ,JUGOVZHODNA SLOVENIJA
LEDINA,SEVNICA,POSAVSKA
LEDINE,IDRIJA,GORIŠKA
LEDINEK,SVETA ANA,PODRAVSKA
LEDINICA,ŽIRI,GORENJSKA
LEDINSKE KRNICE,IDRIJA,GORIŠKA
LEDINSKO RAZPOTJE,IDRIJA,GORIŠKA
LEGEN,SLOVENJ GRADEC,KOROŠKA
LEHEN NA POHORJU,PODVELKA,KOROŠKA
LEKMARJE,ŠMARJE PRI JELŠAH,SAVINJSKA
LEMBERG PRI NOVI CERKVI,VOJNIK,SAVINJSKA
LEMBERG PRI ŠMARJU,ŠMARJE PRI JELŠAH,SAVINJSKA
LEMERJE,PUCONCI,POMURSKA
LENART PRI GORNJEM GRADU,GORNJI GRAD,SAVINJSKA
LENART V SLOV. GORICAH,LENART,PODRAVSKA
LENDAVA/LENDVA,LENDAVA/LENDVA,POMURSKA
LENDAVSKE GORICE/LENDVAHEGY,LENDAVA/LENDVA,POMURSKA
LEPA NJIVA,MOZIRJE,SAVINJSKA
LEPENA,BOVEC,GORIŠKA
LEPENCE,BOHINJ,GORENJSKA
LEPI VRH,BLOKE,PRIMORSKO-NOTRANJSKA
LESCE,RADOVLJICA,GORENJSKA
LESIČNO,KOZJE,SAVINJSKA
LESKOVCA,LAŠKO,SAVINJSKA
LESKOVEC,CELJE,SAVINJSKA
LESKOVEC,IVANČNA GORICA,OSREDNJESLOVENSKA
LESKOVEC,NOVO MESTO,JUGOVZHODNA SLOVENIJA
LESKOVEC,SLOVENSKA BISTRICA,PODRAVSKA
LESKOVEC PRI KRŠKEM,KRŠKO,POSAVSKA
LESKOVEC V PODBORŠTU,SEVNICA,POSAVSKA
LESKOVICA,GORENJA VAS - POLJANE,GORENJSKA
LESKOVICA PRI ŠMARTNEM,ŠMARTNO PRI LITIJI,OSREDNJESLOVENSKA
LESNO BRDO,HORJUL,OSREDNJESLOVENSKA
LESNO BRDO,VRHNIKA,OSREDNJESLOVENSKA
LETENICE,KRANJ,GORENJSKA
LETUŠ,BRASLOVČE,SAVINJSKA
LEVANJCI,DESTRNIK,PODRAVSKA
LEVEC,ŽALEC,SAVINJSKA
LEVIČ,SLOVENSKA BISTRICA,PODRAVSKA
LEVPA,KANAL,GORIŠKA
LEVSTIKI,RIBNICA,JUGOVZHODNA SLOVENIJA
LEŠANE,APAČE,POMURSKA
LEŠE,LITIJA,ZASAVSKA
LEŠE,PREVALJE,KOROŠKA
LEŠE,TRŽIČ,GORENJSKA
LEŠJE,MAJŠPERK,PODRAVSKA
LEŠJE,VOJNIK,SAVINJSKA
LEŠNICA,NOVO MESTO,JUGOVZHODNA SLOVENIJA
LEŠNICA,ORMOŽ,PODRAVSKA
LEŠNIŠKI VRH,ORMOŽ,PODRAVSKA
LEŠNJAKE,CERKNICA,PRIMORSKO-NOTRANJSKA
LEŠČEVJE,IVANČNA GORICA,OSREDNJESLOVENSKA
LIBANJA,ORMOŽ,PODRAVSKA
LIBELIČE,DRAVOGRAD,KOROŠKA
LIBELIŠKA GORA,DRAVOGRAD,KOROŠKA
LIBELJ,KRŠKO,POSAVSKA
LIBERGA,ŠMARTNO PRI LITIJI,OSREDNJESLOVENSKA
LIBNA,KRŠKO,POSAVSKA
LIBOJE,ŽALEC,SAVINJSKA
LIBUŠNJE,KOBARID,GORIŠKA
LIG,KANAL,GORIŠKA
LIMBARSKA GORA,MORAVČE,OSREDNJESLOVENSKA
LIMBUŠ,MARIBOR,PODRAVSKA
LIMOVCE,VRANSKO,SAVINJSKA
LINDEK,VOJNIK,SAVINJSKA
LIPA,BELTINCI,POMURSKA
LIPA,DOBREPOLJE,OSREDNJESLOVENSKA
LIPA,LUKOVICA,OSREDNJESLOVENSKA
LIPA,MIREN - KOSTANJEVICA,GORIŠKA
LIPA,ZREČE,SAVINJSKA
LIPA PRI FRANKOLOVEM,VOJNIK,SAVINJSKA
LIPCE,JESENICE,GORENJSKA
LIPE,LJUBLJANA,OSREDNJESLOVENSKA
LIPICA,SEŽANA,OBALNO-KRAŠKA
LIPICA,ŠKOFJA LOKA,GORENJSKA
LIPJE,VELENJE,SAVINJSKA
LIPLJE,KAMNIK,OSREDNJESLOVENSKA
LIPLJE,POSTOJNA,PRIMORSKO-NOTRANJSKA
LIPNI DOL,LAŠKO,SAVINJSKA
LIPNICA,RADOVLJICA,GORENJSKA
LIPNIK,TREBNJE,JUGOVZHODNA SLOVENIJA
LIPOGLAV,SLOVENSKE KONJICE,SAVINJSKA
LIPOVCI,BELTINCI,POMURSKA
LIPOVEC,RIBNICA,JUGOVZHODNA SLOVENIJA
LIPOVEC,SEMIČ,JUGOVZHODNA SLOVENIJA
LIPOVEC,ŠMARJE PRI JELŠAH,SAVINJSKA
LIPOVEC PRI KOSTELU,KOSTEL,JUGOVZHODNA SLOVENIJA
LIPOVEC PRI ŠKOFJI VASI,CELJE,SAVINJSKA
LIPOVŠICA,SODRAŽICA,JUGOVZHODNA SLOVENIJA
LIPSENJ,CERKNICA,PRIMORSKO-NOTRANJSKA
LISEC,TOLMIN,GORIŠKA
LISEC,TREBNJE,JUGOVZHODNA SLOVENIJA
LISJAKI,KOMEN,OBALNO-KRAŠKA
LITIJA,LITIJA,ZASAVSKA
LITMERK,ORMOŽ,PODRAVSKA
LIVEK,KOBARID,GORIŠKA
LIVOLD,KOČEVJE,JUGOVZHODNA SLOVENIJA
LIVŠKE RAVNE,KOBARID,GORIŠKA
LIČENCA,SLOVENSKE KONJICE,SAVINJSKA
LJUBEČNA,CELJE,SAVINJSKA
LJUBEŽ V LAZIH,LITIJA,ZASAVSKA
LJUBGOJNA,HORJUL,OSREDNJESLOVENSKA
LJUBIJA,MOZIRJE,SAVINJSKA
LJUBINJ,TOLMIN,GORIŠKA
LJUBIČNO,POLJČANE,PODRAVSKA
LJUBLJANA,LJUBLJANA,OSREDNJESLOVENSKA
LJUBNICA,VITANJE,SAVINJSKA
LJUBNO,RADOVLJICA,GORENJSKA
LJUBNO OB SAVINJI,LJUBNO,SAVINJSKA
LJUBSTAVA,VIDEM,PODRAVSKA
LJUTOMER,LJUTOMER,POMURSKA
LOBNICA,RUŠE,PODRAVSKA
LOBČEK,GROSUPLJE,OSREDNJESLOVENSKA
LOG,KRANJSKA GORA,GORENJSKA
LOG,LUKOVICA,OSREDNJESLOVENSKA
LOG,MOKRONOG - TREBELNO,JUGOVZHODNA SLOVENIJA
LOG,ROGATEC,SAVINJSKA
LOG,RUŠE,PODRAVSKA
LOG,SEVNICA,POSAVSKA
LOG NAD ŠKOFJO LOKO,ŠKOFJA LOKA,GORENJSKA
LOG POD MANGARTOM,BOVEC,GORIŠKA
LOG PRI BREZOVICI,LOG - DRAGOMER,OSREDNJESLOVENSKA
LOG PRI MLINŠAH,ZAGORJE OB SAVI,ZASAVSKA
LOG PRI POLHOVEM GRADCU,DOBROVA - POLHOV GRADEC,OSREDNJESLOVENSKA
LOG PRI VRHOVEM,RADEČE,POSAVSKA
LOG PRI ŽUŽEMBERKU,TREBNJE,JUGOVZHODNA SLOVENIJA
LOG V BOHINJU,BOHINJ,GORENJSKA
LOG ČEZSOŠKI,BOVEC,GORIŠKA
LOGARJI,VELIKE LAŠČE,OSREDNJESLOVENSKA
LOGAROVCI,KRIŽEVCI,POMURSKA
LOGARSKA DOLINA,SOLČAVA,SAVINJSKA
LOGARŠČE,TOLMIN,GORIŠKA
LOGATEC,LOGATEC,OSREDNJESLOVENSKA
LOGJE,KOBARID,GORIŠKA
LOHAČA,POSTOJNA,PRIMORSKO-NOTRANJSKA
LOJE,TOLMIN,GORIŠKA
LOKA,KOPER/CAPODISTRIA,OBALNO-KRAŠKA
LOKA,STARŠE,PODRAVSKA
LOKA,TRŽIČ,GORENJSKA
LOKA,ŠENTJERNEJ,JUGOVZHODNA SLOVENIJA
LOKA PRI DOBRNI,DOBRNA,SAVINJSKA
LOKA PRI FRAMU,RAČE - FRAM,PODRAVSKA
LOKA PRI MENGŠU,MENGEŠ,OSREDNJESLOVENSKA
LOKA PRI ZIDANEM MOSTU,SEVNICA,POSAVSKA
LOKA PRI ŽUSMU,ŠENTJUR,SAVINJSKA
LOKANJA VAS,SLOVENSKA BISTRICA,PODRAVSKA
LOKARJE,ŠENTJUR,SAVINJSKA
LOKAVCI,GORNJA RADGONA,POMURSKA
LOKAVEC,AJDOVŠČINA,GORIŠKA
LOKAVEC,LAŠKO,SAVINJSKA
LOKAVEC,SVETA ANA,PODRAVSKA
LOKE,KRŠKO,POSAVSKA
LOKE,NOVA GORICA,GORIŠKA
LOKE,STRAŽA,JUGOVZHODNA SLOVENIJA
LOKE,TABOR,SAVINJSKA
LOKE PRI MOZIRJU,MOZIRJE,SAVINJSKA
LOKE PRI PLANINI,ŠENTJUR,SAVINJSKA
LOKE PRI ZAGORJU,ZAGORJE OB SAVI,ZASAVSKA
LOKE V TUHINJU,KAMNIK,OSREDNJESLOVENSKA
LOKEV,SEŽANA,OBALNO-KRAŠKA
LOKOVEC,NOVA GORICA,GORIŠKA
LOKOVICA,PREVALJE,KOROŠKA
LOKOVICA,ŠOŠTANJ,SAVINJSKA
LOKOVINA,DOBRNA,SAVINJSKA
LOKROVEC,CELJE,SAVINJSKA
LOKVE,KRŠKO,POSAVSKA
LOKVE,NOVA GORICA,GORIŠKA
LOKVE,ČRNOMELJ,JUGOVZHODNA SLOVENIJA
LOKVE PRI DOBRNIČU,TREBNJE,JUGOVZHODNA SLOVENIJA
LOKVICA,MIREN - KOSTANJEVICA,GORIŠKA
LOM,MEŽICA,KOROŠKA
LOM NAD VOLČO,GORENJA VAS - POLJANE,GORENJSKA
LOM POD STORŽIČEM,TRŽIČ,GORENJSKA
LOMANOŠE,GORNJA RADGONA,POMURSKA
LOME,IDRIJA,GORIŠKA
LOMNO,KRŠKO,POSAVSKA
LONČARJEV DOL,SEVNICA,POSAVSKA
LONČAROVCI,MORAVSKE TOPLICE,POMURSKA
LOPACA,ŠENTJUR,SAVINJSKA
LOPAR,KOPER/CAPODISTRIA,OBALNO-KRAŠKA
LOPATA,CELJE,SAVINJSKA
LOPATA,ŽUŽEMBERK,JUGOVZHODNA SLOVENIJA
LOPATNIK,VELENJE,SAVINJSKA
LOPATNIK PRI VELENJU,VELENJE,SAVINJSKA
LOPERŠICE,ORMOŽ,PODRAVSKA
LORMANJE,LENART,PODRAVSKA
LOVNIK,POLJČANE,PODRAVSKA
LOVRANOVO,BLOKE,PRIMORSKO-NOTRANJSKA
LOVRENC NA DRAVSKEM POLJU,KIDRIČEVO,PODRAVSKA
LOVRENC NA POHORJU,LOVRENC NA POHORJU,PODRAVSKA
LOVSKO BRDO,GORENJA VAS - POLJANE,GORENJSKA
LOZICE,VIPAVA,GORIŠKA
LOČE,BREŽICE,POSAVSKA
LOČE,CELJE,SAVINJSKA
LOČE,SLOVENSKE KONJICE,SAVINJSKA
LOČICA OB SAVINJI,POLZELA,SAVINJSKA
LOČICA PRI VRANSKEM,VRANSKO,SAVINJSKA
LOČIČ,TRNOVSKA VAS,PODRAVSKA
LOČKI VRH,BENEDIKT,PODRAVSKA
LOČKI VRH,DESTRNIK,PODRAVSKA
LOŠKA GORA,RADEČE,POSAVSKA
LOŠKA GORA PRI ZREČAH,ZREČE,SAVINJSKA
LOŠKA VAS,DOLENJSKE TOPLICE,JUGOVZHODNA SLOVENIJA
LOŽ,LOŠKA DOLINA,PRIMORSKO-NOTRANJSKA
LOŽANE,PESNICA,PODRAVSKA
LOŽE,LAŠKO,SAVINJSKA
LOŽE,VIPAVA,GORIŠKA
LOŽEC,OSILNICA,JUGOVZHODNA SLOVENIJA
LOŽICE,KANAL,GORIŠKA
LOŽINA,PODLEHNIK,PODRAVSKA
LOŽNICA,MAKOLE,PODRAVSKA
LOŽNICA,VELENJE,SAVINJSKA
LOŽNICA PRI ŽALCU,ŽALEC,SAVINJSKA
LUCIJA/LUCIA,PIRAN/PIRANO,OBALNO-KRAŠKA
LUCOVA,GORNJI PETROVCI,POMURSKA
LUDRANSKI VRH,ČRNA NA KOROŠKEM,KOROŠKA
LUKANJA,SLOVENSKA BISTRICA,PODRAVSKA
LUKAVCI,KRIŽEVCI,POMURSKA
LUKAČEVCI,MORAVSKE TOPLICE,POMURSKA
LUKINI,KOPER/CAPODISTRIA,OBALNO-KRAŠKA
LUKOVEC,KOMEN,OBALNO-KRAŠKA
LUKOVEC,LITIJA,ZASAVSKA
LUKOVEC,SEVNICA,POSAVSKA
LUKOVEK,TREBNJE,JUGOVZHODNA SLOVENIJA
LUKOVICA PRI BREZOVICI,LOG - DRAGOMER,OSREDNJESLOVENSKA
LUKOVICA PRI DOMŽALAH,LUKOVICA,OSREDNJESLOVENSKA
LUNOVEC,ORMOŽ,PODRAVSKA
LUPINICA,ŠMARTNO PRI LITIJI,OSREDNJESLOVENSKA
LUTRJE,ŠENTJUR,SAVINJSKA
LUTRŠKO SELO,NOVO MESTO,JUGOVZHODNA SLOVENIJA
LUTVERCI,APAČE,POMURSKA
LUČARJEV KAL,IVANČNA GORICA,OSREDNJESLOVENSKA
LUČE,GROSUPLJE,OSREDNJESLOVENSKA
LUČE,LUČE,SAVINJSKA
LUČINE,GORENJA VAS - POLJANE,GORENJSKA
LUŠEČKA VAS,POLJČANE,PODRAVSKA
LUŽA,TREBNJE,JUGOVZHODNA SLOVENIJA
LUŽARJI,VELIKE LAŠČE,OSREDNJESLOVENSKA
LUŽE,ŠENČUR,GORENJSKA
MAGOLNIK,LITIJA,ZASAVSKA
MAGOZD,KOBARID,GORIŠKA
MAHNETI,CERKNICA,PRIMORSKO-NOTRANJSKA
MAHNIČI,SEŽANA,OBALNO-KRAŠKA
MAHOVCI,APAČE,POMURSKA
MAHOVNIK,KOČEVJE,JUGOVZHODNA SLOVENIJA
MAJCNI,SEŽANA,OBALNO-KRAŠKA
MAJSKI VRH,VIDEM,PODRAVSKA
MAJŠPERK,MAJŠPERK,PODRAVSKA
MAKOLE,MAKOLE,PODRAVSKA
MAKOŠE,RIBNICA,JUGOVZHODNA SLOVENIJA
MALA BRDA,POSTOJNA,PRIMORSKO-NOTRANJSKA
MALA BREZA,LAŠKO,SAVINJSKA
MALA BUKOVICA,ILIRSKA BISTRICA,PRIMORSKO-NOTRANJSKA
MALA CIKAVA,NOVO MESTO,JUGOVZHODNA SLOVENIJA
MALA DOBRAVA,IVANČNA GORICA,OSREDNJESLOVENSKA
MALA DOLINA,BREŽICE,POSAVSKA
MALA GOBA,LITIJA,ZASAVSKA
MALA GORA,KOČEVJE,JUGOVZHODNA SLOVENIJA
MALA GORA,ZREČE,SAVINJSKA
MALA GORIČICA,IVANČNA GORICA,OSREDNJESLOVENSKA
MALA HUBAJNICA,SEVNICA,POSAVSKA
MALA ILOVA GORA,GROSUPLJE,OSREDNJESLOVENSKA
MALA KOSTREVNICA,ŠMARTNO PRI LITIJI,OSREDNJESLOVENSKA
MALA LAHINJA,ČRNOMELJ,JUGOVZHODNA SLOVENIJA
MALA LAŠNA,LUKOVICA,OSREDNJESLOVENSKA
MALA LIGOJNA,VRHNIKA,OSREDNJESLOVENSKA
MALA LOKA,DOMŽALE,OSREDNJESLOVENSKA
MALA LOKA,TREBNJE,JUGOVZHODNA SLOVENIJA
MALA LOKA PRI VIŠNJI GORI,GROSUPLJE,OSREDNJESLOVENSKA
MALA MISLINJA,MISLINJA,KOROŠKA
MALA NEDELJA,LJUTOMER,POMURSKA
MALA PIREŠICA,ŽALEC,SAVINJSKA
MALA POLANA,VELIKA POLANA,POMURSKA
MALA PRISTAVA,PIVKA,PRIMORSKO-NOTRANJSKA
MALA PRISTAVA,ŠMARJE PRI JELŠAH,SAVINJSKA
MALA RAČNA,GROSUPLJE,OSREDNJESLOVENSKA
MALA SELA,LITIJA,ZASAVSKA
MALA SELA,ČRNOMELJ,JUGOVZHODNA SLOVENIJA
MALA SLEVICA,VELIKE LAŠČE,OSREDNJESLOVENSKA
MALA STARA VAS,GROSUPLJE,OSREDNJESLOVENSKA
MALA STRMICA,ŠMARJEŠKE TOPLICE,JUGOVZHODNA SLOVENIJA
MALA VARNICA,VIDEM,PODRAVSKA
MALA VAS,DOBREPOLJE,OSREDNJESLOVENSKA
MALA VAS,GORIŠNICA,PODRAVSKA
MALA VAS PRI GROSUPLJEM,GROSUPLJE,OSREDNJESLOVENSKA
MALA VAS PRI ORMOŽU,SVETI TOMAŽ,PODRAVSKA
MALA ŠEVNICA,TREBNJE,JUGOVZHODNA SLOVENIJA
MALA ŠTANGA,ŠMARTNO PRI LITIJI,OSREDNJESLOVENSKA
MALAHORNA,OPLOTNICA,PODRAVSKA
MALE BRASLOVČE,BRASLOVČE,SAVINJSKA
MALE BRUSNICE,NOVO MESTO,JUGOVZHODNA SLOVENIJA
MALE DOLE,VOJNIK,SAVINJSKA
MALE DOLE PRI STEHANJI VASI,TREBNJE,JUGOVZHODNA SLOVENIJA
MALE DOLE PRI TEMENICI,IVANČNA GORICA,OSREDNJESLOVENSKA
MALE GRAHOVŠE,LAŠKO,SAVINJSKA
MALE KOMPOLJE,IVANČNA GORICA,OSREDNJESLOVENSKA
MALE LAŠČE,VELIKE LAŠČE,OSREDNJESLOVENSKA
MALE LESE,IVANČNA GORICA,OSREDNJESLOVENSKA
MALE LIPLJENE,GROSUPLJE,OSREDNJESLOVENSKA
MALE LOČE,ILIRSKA BISTRICA,PRIMORSKO-NOTRANJSKA
MALE PECE,IVANČNA GORICA,OSREDNJESLOVENSKA
MALE POLJANE,ŠKOCJAN,JUGOVZHODNA SLOVENIJA
MALE REBRCE,IVANČNA GORICA,OSREDNJESLOVENSKA
MALE RODNE,ROGAŠKA SLATINA,SAVINJSKA
MALE VINICE,SODRAŽICA,JUGOVZHODNA SLOVENIJA
MALE VODENICE,KOSTANJEVICA NA KRKI,POSAVSKA
MALE VRHE,IVANČNA GORICA,OSREDNJESLOVENSKA
MALE ČEŠNJICE,IVANČNA GORICA,OSREDNJESLOVENSKA
MALE ŽABLJE,AJDOVŠČINA,GORIŠKA
MALENCE,KOSTANJEVICA NA KRKI,POSAVSKA
MALENSKA VAS,MIRNA PEČ,JUGOVZHODNA SLOVENIJA
MALENSKI VRH,GORENJA VAS - POLJANE,GORENJSKA
MALEČNIK,MARIBOR,PODRAVSKA
MALI BAN,ŠENTJERNEJ,JUGOVZHODNA SLOVENIJA
MALI BREBROVNIK,ORMOŽ,PODRAVSKA
MALI BREG,SLOVENSKE KONJICE,SAVINJSKA
MALI CEROVEC,NOVO MESTO,JUGOVZHODNA SLOVENIJA
MALI CIRNIK,BREŽICE,POSAVSKA
MALI CIRNIK PRI ŠENTJANŽU,ŠENTRUPERT,JUGOVZHODNA SLOVENIJA
MALI DOL,KOMEN,OBALNO-KRAŠKA
MALI DOL,PESNICA,PODRAVSKA
MALI GABER,TREBNJE,JUGOVZHODNA SLOVENIJA
MALI HRIB,KAMNIK,OSREDNJESLOVENSKA
MALI JELNIK,LUKOVICA,OSREDNJESLOVENSKA
MALI KAL,IVANČNA GORICA,OSREDNJESLOVENSKA
MALI KAL,MIRNA PEČ,JUGOVZHODNA SLOVENIJA
MALI KAMEN,KRŠKO,POSAVSKA
MALI KONEC,GROSUPLJE,OSREDNJESLOVENSKA
MALI KOREN,KRŠKO,POSAVSKA
MALI KORINJ,IVANČNA GORICA,OSREDNJESLOVENSKA
MALI KUM,ZAGORJE OB SAVI,ZASAVSKA
MALI LIPOGLAV,LJUBLJANA,OSREDNJESLOVENSKA
MALI LIPOVEC,ŽUŽEMBERK,JUGOVZHODNA SLOVENIJA
MALI LOG,LOŠKI POTOK,JUGOVZHODNA SLOVENIJA
MALI LOČNIK,VELIKE LAŠČE,OSREDNJESLOVENSKA
MALI MORAVŠČAK,SVETI JURIJ OB ŠČAVNICI,POMURSKA
MALI NERAJEC,ČRNOMELJ,JUGOVZHODNA SLOVENIJA
MALI OBREŽ,BREŽICE,POSAVSKA
MALI OKIČ,CIRKULANE,PODRAVSKA
MALI OREHEK,NOVO MESTO,JUGOVZHODNA SLOVENIJA
MALI OSOLNIK,VELIKE LAŠČE,OSREDNJESLOVENSKA
MALI OTOK,POSTOJNA,PRIMORSKO-NOTRANJSKA
MALI PODLJUBEN,NOVO MESTO,JUGOVZHODNA SLOVENIJA
MALI PODLOG,KRŠKO,POSAVSKA
MALI RAKITOVEC,KAMNIK,OSREDNJESLOVENSKA
MALI RIGELJ,DOLENJSKE TOPLICE,JUGOVZHODNA SLOVENIJA
MALI SLATNIK,NOVO MESTO,JUGOVZHODNA SLOVENIJA
MALI TRN,KRŠKO,POSAVSKA
MALI VIDEM,TREBNJE,JUGOVZHODNA SLOVENIJA
MALI VRH,BREŽICE,POSAVSKA
MALI VRH,MIRNA PEČ,JUGOVZHODNA SLOVENIJA
MALI VRH,ŠMARTNO OB PAKI,SAVINJSKA
MALI VRH PRI PREŽGANJU,LJUBLJANA,OSREDNJESLOVENSKA
MALI VRH PRI ŠMARJU,GROSUPLJE,OSREDNJESLOVENSKA
MALIJA,IZOLA/ISOLA,OBALNO-KRAŠKA
MALINE,MOKRONOG - TREBELNO,JUGOVZHODNA SLOVENIJA
MALINE PRI ŠTREKLJEVCU,SEMIČ,JUGOVZHODNA SLOVENIJA
MALINIŠČE,OSILNICA,JUGOVZHODNA SLOVENIJA
MALKOVEC,SEVNICA,POSAVSKA
MALNA,SVETI JURIJ V SLOV. GORICAH,PODRAVSKA
MALNI,BLOKE,PRIMORSKO-NOTRANJSKA
MALO GLOBOKO,IVANČNA GORICA,OSREDNJESLOVENSKA
MALO HUDO,IVANČNA GORICA,OSREDNJESLOVENSKA
MALO LEŠČE,METLIKA,JUGOVZHODNA SLOVENIJA
MALO LIPJE,ŽUŽEMBERK,JUGOVZHODNA SLOVENIJA
MALO MLAČEVO,GROSUPLJE,OSREDNJESLOVENSKA
MALO MRAŠEVO,KRŠKO,POSAVSKA
MALO NAKLO,NAKLO,GORENJSKA
MALO POLJE,AJDOVŠČINA,GORIŠKA
MALO TINJE,SLOVENSKA BISTRICA,PODRAVSKA
MALO TREBELJEVO,LJUBLJANA,OSREDNJESLOVENSKA
MALO UBELJSKO,POSTOJNA,PRIMORSKO-NOTRANJSKA
MALO ČRNELO,IVANČNA GORICA,OSREDNJESLOVENSKA
MALOVŠE,AJDOVŠČINA,GORIŠKA
MAMOLJ,LITIJA,ZASAVSKA
MANČE,VIPAVA,GORIŠKA
MANŽAN,KOPER/CAPODISTRIA,OBALNO-KRAŠKA
MARENDOL,SEVNICA,POSAVSKA
MAREZIGE,KOPER/CAPODISTRIA,OBALNO-KRAŠKA
MARIBOR,MARIBOR,PODRAVSKA
MARIJA DOBJE,ŠENTJUR,SAVINJSKA
MARIJA GRADEC,LAŠKO,SAVINJSKA
MARIJA REKA,PREBOLD,SAVINJSKA
MARIJINA VAS,LAŠKO,SAVINJSKA
MARINDOL,ČRNOMELJ,JUGOVZHODNA SLOVENIJA
MARINČA VAS,IVANČNA GORICA,OSREDNJESLOVENSKA
MARINČEV GRIČ,VRHNIKA,OSREDNJESLOVENSKA
MARINČKI,VELIKE LAŠČE,OSREDNJESLOVENSKA
MARJETA NA DRAVSKEM POLJU,STARŠE,PODRAVSKA
MARKEČICA,OPLOTNICA,PODRAVSKA
MARKIŠAVCI,MURSKA SOBOTA,POMURSKA
MARKOVCI,MARKOVCI,PODRAVSKA
MARKOVCI,ŠALOVCI,POMURSKA
MARKOVEC,LOŠKA DOLINA,PRIMORSKO-NOTRANJSKA
MARKOVO,KAMNIK,OSREDNJESLOVENSKA
MARKOVŠČINA,HRPELJE - KOZINA,OBALNO-KRAŠKA
MARNO,HRASTNIK,ZASAVSKA
MAROLČE,RIBNICA,JUGOVZHODNA SLOVENIJA
MARTINJ VRH,ŽELEZNIKI,GORENJSKA
MARTINJA VAS,TREBNJE,JUGOVZHODNA SLOVENIJA
MARTINJA VAS PRI MOKRONOGU,MOKRONOG - TREBELNO,JUGOVZHODNA SLOVENIJA
MARTINJAK,CERKNICA,PRIMORSKO-NOTRANJSKA
MARTINJE,GORNJI PETROVCI,POMURSKA
MARTJANCI,MORAVSKE TOPLICE,POMURSKA
MARŠIČI,KOPER/CAPODISTRIA,OBALNO-KRAŠKA
MARŠIČI,RIBNICA,JUGOVZHODNA SLOVENIJA
MASORE,IDRIJA,GORIŠKA
MATAVUN,DIVAČA,OBALNO-KRAŠKA
MATENA,IG,OSREDNJESLOVENSKA
MATENJA VAS,POSTOJNA,PRIMORSKO-NOTRANJSKA
MATERIJA,HRPELJE - KOZINA,OBALNO-KRAŠKA
MATJAŠEVCI,KUZMA,POMURSKA
MATKE,PREBOLD,SAVINJSKA
MAVRC,KOSTEL,JUGOVZHODNA SLOVENIJA
MAVRLEN,ČRNOMELJ,JUGOVZHODNA SLOVENIJA
MAVČIČE,KRANJ,GORENJSKA
MAČE,PREDDVOR,GORENJSKA
MAČJI DOL,TREBNJE,JUGOVZHODNA SLOVENIJA
MAČKI,VELIKE LAŠČE,OSREDNJESLOVENSKA
MAČKOVCI,PUCONCI,POMURSKA
MAČKOVEC,KOČEVJE,JUGOVZHODNA SLOVENIJA
MAČKOVEC,LAŠKO,SAVINJSKA
MAČKOVEC,TREBNJE,JUGOVZHODNA SLOVENIJA
MAČKOVEC PRI DVORU,ŽUŽEMBERK,JUGOVZHODNA SLOVENIJA
MAČKOVEC PRI SUHORJU,METLIKA,JUGOVZHODNA SLOVENIJA
MAČKOVEC PRI ŠKOCJANU,ŠKOCJAN,JUGOVZHODNA SLOVENIJA
MAŠELJ,SEMIČ,JUGOVZHODNA SLOVENIJA
MEDANA,BRDA,GORIŠKA
MEDIJA,ZAGORJE OB SAVI,ZASAVSKA
MEDLOG,CELJE,SAVINJSKA
MEDNO,LJUBLJANA,OSREDNJESLOVENSKA
MEDRIBNIK,CIRKULANE,PODRAVSKA
MEDVEDCE,MAJŠPERK,PODRAVSKA
MEDVEDICA,GROSUPLJE,OSREDNJESLOVENSKA
MEDVEDJE BRDO,LOGATEC,OSREDNJESLOVENSKA
MEDVEDJEK,TREBNJE,JUGOVZHODNA SLOVENIJA
MEDVEDJEK,VELIKE LAŠČE,OSREDNJESLOVENSKA
MEDVODE,MEDVODE,OSREDNJESLOVENSKA
MEGLENIK,TREBNJE,JUGOVZHODNA SLOVENIJA
MEJA,KRANJ,GORENJSKA
MEJE,CIRKULANE,PODRAVSKA
MEKINJE,KAMNIK,OSREDNJESLOVENSKA
MEKINJE NAD STIČNO,IVANČNA GORICA,OSREDNJESLOVENSKA
MEKOTNJAK,LJUTOMER,POMURSKA
MELANJSKI VRH,RADENCI,POMURSKA
MELE,GORNJA RADGONA,POMURSKA
MELINCI,BELTINCI,POMURSKA
MELIŠE,LJUBNO,SAVINJSKA
MELJSKI HRIB,MARIBOR,PODRAVSKA
MENGEŠ,MENGEŠ,OSREDNJESLOVENSKA
MENIŠKA VAS,DOLENJSKE TOPLICE,JUGOVZHODNA SLOVENIJA
MEREČE,ILIRSKA BISTRICA,PRIMORSKO-NOTRANJSKA
MERČE,SEŽANA,OBALNO-KRAŠKA
MESTINJE,ŠMARJE PRI JELŠAH,SAVINJSKA
MESTNI VRH,PTUJ,PODRAVSKA
METAVA,MARIBOR,PODRAVSKA
METLIKA,METLIKA,JUGOVZHODNA SLOVENIJA
METNAJ,IVANČNA GORICA,OSREDNJESLOVENSKA
METNI VRH,SEVNICA,POSAVSKA
METULJE,BLOKE,PRIMORSKO-NOTRANJSKA
MEVCE,IVANČNA GORICA,OSREDNJESLOVENSKA
MEVKUŽ,GORJE,GORENJSKA
MEZGOVCI,SVETI TOMAŽ,PODRAVSKA
MEZGOVCI OB PESNICI,DORNAVA,PODRAVSKA
MEŽICA,MEŽICA,KOROŠKA
MIGOJNICE,ŽALEC,SAVINJSKA
MIGOLICA,MIRNA,JUGOVZHODNA SLOVENIJA
MIGOLSKA GORA,MIRNA,JUGOVZHODNA SLOVENIJA
MIHALOVCI,ORMOŽ,PODRAVSKA
MIHALOVEC,BREŽICE,POSAVSKA
MIHELCA,ŠMARTNO PRI LITIJI,OSREDNJESLOVENSKA
MIHELE,HRPELJE - KOZINA,OBALNO-KRAŠKA
MIHELJA VAS,ČRNOMELJ,JUGOVZHODNA SLOVENIJA
MIHOVCE,KIDRIČEVO,PODRAVSKA
MIHOVCI PRI VEL. NEDELJI,ORMOŽ,PODRAVSKA
MIHOVEC,NOVO MESTO,JUGOVZHODNA SLOVENIJA
MIHOVICA,ŠENTJERNEJ,JUGOVZHODNA SLOVENIJA
MIHOVO,ŠENTJERNEJ,JUGOVZHODNA SLOVENIJA
MIKLARJI,ČRNOMELJ,JUGOVZHODNA SLOVENIJA
MIKLAVŽ NA DRAVSKEM POLJU,MIKLAVŽ NA DRAVSKEM POLJU,PODRAVSKA
MIKLAVŽ PRI ORMOŽU,ORMOŽ,PODRAVSKA
MIKLAVŽ PRI TABORU,TABOR,SAVINJSKA
MIKOTE,KRŠKO,POSAVSKA
MILAVA,CERKNICA,PRIMORSKO-NOTRANJSKA
MILIČI,ČRNOMELJ,JUGOVZHODNA SLOVENIJA
MILJE,ŠENČUR,GORENJSKA
MIREN,MIREN - KOSTANJEVICA,GORIŠKA
MIRKE,VRHNIKA,OSREDNJESLOVENSKA
MIRNA,MIRNA,JUGOVZHODNA SLOVENIJA
MIRNA PEČ,MIRNA PEČ,JUGOVZHODNA SLOVENIJA
MIRNA VAS,MOKRONOG - TREBELNO,JUGOVZHODNA SLOVENIJA
MIRTOVIČI,OSILNICA,JUGOVZHODNA SLOVENIJA
MISLINJA,MISLINJA,KOROŠKA
MISLINJSKA DOBRAVA,SLOVENJ GRADEC,KOROŠKA
MISLIČE,DIVAČA,OBALNO-KRAŠKA
MIZNI DOL,VRHNIKA,OSREDNJESLOVENSKA
MIŠAČE,RADOVLJICA,GORENJSKA
MIŠJI DOL,ŠMARTNO PRI LITIJI,OSREDNJESLOVENSKA
MLADJE,KRŠKO,POSAVSKA
MLAJTINCI,MORAVSKE TOPLICE,POMURSKA
MLAKA,KOMENDA,OSREDNJESLOVENSKA
MLAKA,RADOVLJICA,GORENJSKA
MLAKA NAD LUŠO,GORENJA VAS - POLJANE,GORENJSKA
MLAKA PRI KOČEVJU,KOČEVJE,JUGOVZHODNA SLOVENIJA
MLAKA PRI KOČEVSKI REKI,KOČEVJE,JUGOVZHODNA SLOVENIJA
MLAKA PRI KRANJU,KRANJ,GORENJSKA
MLAKE,METLIKA,JUGOVZHODNA SLOVENIJA
MLAKE,MUTA,KOROŠKA
MLAČE,SLOVENSKE KONJICE,SAVINJSKA
MLEŠČEVO,IVANČNA GORICA,OSREDNJESLOVENSKA
MLINSKO,KOBARID,GORIŠKA
MLINŠE,ZAGORJE OB SAVI,ZASAVSKA
MODRAŽE,POLJČANE,PODRAVSKA
MODREJ,TOLMIN,GORIŠKA
MODREJCE,TOLMIN,GORIŠKA
MODRIČ,LAŠKO,SAVINJSKA
MODRIČ,SLOVENSKA BISTRICA,PODRAVSKA
MOHORJE,VELIKE LAŠČE,OSREDNJESLOVENSKA
MOJSTRANA,KRANJSKA GORA,GORENJSKA
MOKRI POTOK,KOČEVJE,JUGOVZHODNA SLOVENIJA
MOKRONOG,MOKRONOG - TREBELNO,JUGOVZHODNA SLOVENIJA
MONTINJAN,KOPER/CAPODISTRIA,OBALNO-KRAŠKA
MORAVA,KOČEVJE,JUGOVZHODNA SLOVENIJA
MORAVCI V SLOV. GORICAH,LJUTOMER,POMURSKA
MORAVSKE TOPLICE,MORAVSKE TOPLICE,POMURSKA
MORAVČE,MORAVČE,OSREDNJESLOVENSKA
MORAVČE PRI GABROVKI,LITIJA,ZASAVSKA
MORAVŠKA GORA,LITIJA,ZASAVSKA
MORJE,RAČE - FRAM,PODRAVSKA
MORSKO,KANAL,GORIŠKA
MOST,MOKRONOG - TREBELNO,JUGOVZHODNA SLOVENIJA
MOST NA SOČI,TOLMIN,GORIŠKA
MOSTE,KOMENDA,OSREDNJESLOVENSKA
MOSTE,ŽIROVNICA,GORENJSKA
MOSTEC,BREŽICE,POSAVSKA
MOSTEČNO,MAKOLE,PODRAVSKA
MOSTJE,JURŠINCI,PODRAVSKA
MOSTJE/HIDVEG,LENDAVA/LENDVA,POMURSKA
MOTA,LJUTOMER,POMURSKA
MOTNIK,KAMNIK,OSREDNJESLOVENSKA
MOTOVILCI,GRAD,POMURSKA
MOTVARJEVCI/SZENTLASZLO,MORAVSKE TOPLICE,POMURSKA
MOVERNA VAS,SEMIČ,JUGOVZHODNA SLOVENIJA
MOVRAŽ,KOPER/CAPODISTRIA,OBALNO-KRAŠKA
MOZELJ,KOČEVJE,JUGOVZHODNA SLOVENIJA
MOZIRJE,MOZIRJE,SAVINJSKA
MOČILA,KANAL,GORIŠKA
MOČILE,ČRNOMELJ,JUGOVZHODNA SLOVENIJA
MOČILNO,RADEČE,POSAVSKA
MOČLE,ŠMARJE PRI JELŠAH,SAVINJSKA
MOČNA,LENART,PODRAVSKA
MOČUNIGI,KOPER/CAPODISTRIA,OBALNO-KRAŠKA
MOČVIRJE,ŠKOCJAN,JUGOVZHODNA SLOVENIJA
MOŠE,MEDVODE,OSREDNJESLOVENSKA
MOŠENIK,MORAVČE,OSREDNJESLOVENSKA
MOŠENIK,ZAGORJE OB SAVI,ZASAVSKA
MOŠKANJCI,GORIŠNICA,PODRAVSKA
MOŠKRIN,ŠKOFJA LOKA,GORENJSKA
MOŠNJE,RADOVLJICA,GORENJSKA
MOŠČANCI,PUCONCI,POMURSKA
MOŽJANCA,PREDDVOR,GORENJSKA
MRAMOROVO PRI LUŽARJIH,BLOKE,PRIMORSKO-NOTRANJSKA
MRAMOROVO PRI PAJKOVEM,BLOKE,PRIMORSKO-NOTRANJSKA
MRTOVEC,SEVNICA,POSAVSKA
MRTVICE,KOČEVJE,JUGOVZHODNA SLOVENIJA
MRTVICE,KRŠKO,POSAVSKA
MRZLA LUŽA,TREBNJE,JUGOVZHODNA SLOVENIJA
MRZLA PLANINA,SEVNICA,POSAVSKA
MRZLAVA VAS,BREŽICE,POSAVSKA
MRZLI LOG,IDRIJA,GORIŠKA
MRZLI VRH,IDRIJA,GORIŠKA
MRZLI VRH,ŽIRI,GORENJSKA
MRZLO POLJE,IVANČNA GORICA,OSREDNJESLOVENSKA
MRZLO POLJE,LAŠKO,SAVINJSKA
MRČNA SELA,KRŠKO,POSAVSKA
MRŠE,HRPELJE - KOZINA,OBALNO-KRAŠKA
MRŠEČA VAS,ŠENTJERNEJ,JUGOVZHODNA SLOVENIJA
MUHA VAS,KOČEVJE,JUGOVZHODNA SLOVENIJA
MUHABRAN,TREBNJE,JUGOVZHODNA SLOVENIJA
MULHE,ŠMARTNO PRI LITIJI,OSREDNJESLOVENSKA
MULJAVA,IVANČNA GORICA,OSREDNJESLOVENSKA
MURAVE,GORENJA VAS - POLJANE,GORENJSKA
MURETINCI,GORIŠNICA,PODRAVSKA
MURSKA SOBOTA,MURSKA SOBOTA,POMURSKA
MURSKI PETROVCI,TIŠINA,POMURSKA
MURSKI VRH,RADENCI,POMURSKA
MURSKI ČRNCI,TIŠINA,POMURSKA
MURŠČAK,RADENCI,POMURSKA
MUTA,MUTA,KOROŠKA
NA LOGU,ŠKOFJA LOKA,GORENJSKA
NADANJE SELO,PIVKA,PRIMORSKO-NOTRANJSKA
NADBIŠEC,LENART,PODRAVSKA
NADGRAD,SLOVENSKA BISTRICA,PODRAVSKA
NADLESK,LOŠKA DOLINA,PRIMORSKO-NOTRANJSKA
NADOLE,ŽETALE,PODRAVSKA
NADROŽICA,KOMEN,OBALNO-KRAŠKA
NAKLO,DIVAČA,OBALNO-KRAŠKA
NAKLO,NAKLO,GORENJSKA
NAKLO,ČRNOMELJ,JUGOVZHODNA SLOVENIJA
NANOS,VIPAVA,GORIŠKA
NARAPLJE,MAJŠPERK,PODRAVSKA
NAREDI,VELIKE LAŠČE,OSREDNJESLOVENSKA
NARIN,PIVKA,PRIMORSKO-NOTRANJSKA
NASIREC,HRPELJE - KOZINA,OBALNO-KRAŠKA
NASOVA,APAČE,POMURSKA
NASOVČE,KOMENDA,OSREDNJESLOVENSKA
NAVRŠKI VRH,RAVNE NA KOROŠKEM,KOROŠKA
NAZARJE,NAZARJE,SAVINJSKA
NEBLO,BRDA,GORIŠKA
NEBOVA,MARIBOR,PODRAVSKA
NEDELICA,TURNIŠČE,POMURSKA
NEGASTRN,MORAVČE,OSREDNJESLOVENSKA
NEGOVA,GORNJA RADGONA,POMURSKA
NEGOVSKI VRH,BENEDIKT,PODRAVSKA
NEMCI,NOVA GORICA,GORIŠKA
NEMILJE,KRANJ,GORENJSKA
NEMČAVCI,MURSKA SOBOTA,POMURSKA
NEMŠKA GORA,KRŠKO,POSAVSKA
NEMŠKA LOKA,KOČEVJE,JUGOVZHODNA SLOVENIJA
NEMŠKA VAS,KRŠKO,POSAVSKA
NEMŠKA VAS,RIBNICA,JUGOVZHODNA SLOVENIJA
NEMŠKA VAS NA BLOKAH,BLOKE,PRIMORSKO-NOTRANJSKA
NEMŠKI ROVT,BOHINJ,GORENJSKA
NERADNOVCI,GORNJI PETROVCI,POMURSKA
NESTOPLJA VAS,SEMIČ,JUGOVZHODNA SLOVENIJA
NEVERKE,PIVKA,PRIMORSKO-NOTRANJSKA
NEVLJE,KAMNIK,OSREDNJESLOVENSKA
NEZBIŠE,PODČETRTEK,SAVINJSKA
NIMNO,ROGAŠKA SLATINA,SAVINJSKA
NIZKA,REČICA OB SAVINJI,SAVINJSKA
NIŽEVEC,BOROVNICA,OSREDNJESLOVENSKA
NJIVERCE,KIDRIČEVO,PODRAVSKA
NJIVICA,KRANJ,GORENJSKA
NJIVICE,RADEČE,POSAVSKA
NOMENJ,BOHINJ,GORENJSKA
NORIČKI VRH,GORNJA RADGONA,POMURSKA
NORŠINCI,MORAVSKE TOPLICE,POMURSKA
NORŠINCI PRI LJUTOMERU,LJUTOMER,POMURSKA
NOTRANJE GORICE,BREZOVICA,OSREDNJESLOVENSKA
NOVA CERKEV,VOJNIK,SAVINJSKA
NOVA GORA,DOLENJSKE TOPLICE,JUGOVZHODNA SLOVENIJA
NOVA GORA,KRŠKO,POSAVSKA
NOVA GORA,LITIJA,ZASAVSKA
NOVA GORA NAD SLOV. BISTRICO,SLOVENSKA BISTRICA,PODRAVSKA
NOVA GORICA,NOVA GORICA,GORIŠKA
NOVA LIPA,ČRNOMELJ,JUGOVZHODNA SLOVENIJA
NOVA OSELICA,GORENJA VAS - POLJANE,GORENJSKA
NOVA SELA,KOSTEL,JUGOVZHODNA SLOVENIJA
NOVA SUŠICA,PIVKA,PRIMORSKO-NOTRANJSKA
NOVA VAS,BLOKE,PRIMORSKO-NOTRANJSKA
NOVA VAS,IVANČNA GORICA,OSREDNJESLOVENSKA
NOVA VAS,MIREN - KOSTANJEVICA,GORIŠKA
NOVA VAS,PREDDVOR,GORENJSKA
NOVA VAS,SEŽANA,OBALNO-KRAŠKA
NOVA VAS NAD DRAGONJO,PIRAN/PIRANO,OBALNO-KRAŠKA
NOVA VAS OB SOTLI,BREŽICE,POSAVSKA
NOVA VAS PRI JELŠANAH,ILIRSKA BISTRICA,PRIMORSKO-NOTRANJSKA
NOVA VAS PRI KONJICAH,SLOVENSKE KONJICE,SAVINJSKA
NOVA VAS PRI LESCAH,RADOVLJICA,GORENJSKA
NOVA VAS PRI MARKOVCIH,MARKOVCI,PODRAVSKA
NOVA VAS PRI MOKRICAH,BREŽICE,POSAVSKA
NOVA VAS PRI ŠMARJU,ŠMARJE PRI JELŠAH,SAVINJSKA
NOVA ŠTIFTA,GORNJI GRAD,SAVINJSKA
NOVA ŠTIFTA,SODRAŽICA,JUGOVZHODNA SLOVENIJA
NOVAKE,POLJČANE,PODRAVSKA
NOVAKE,TRŽIČ,GORENJSKA
NOVAKE,VOJNIK,SAVINJSKA
NOVE LOŽINE,KOČEVJE,JUGOVZHODNA SLOVENIJA
NOVELO,MIREN - KOSTANJEVICA,GORIŠKA
NOVI GRAD,SEVNICA,POSAVSKA
NOVI KOT,LOŠKI POTOK,JUGOVZHODNA SLOVENIJA
NOVI LAZI,KOČEVJE,JUGOVZHODNA SLOVENIJA
NOVI POT,SODRAŽICA,JUGOVZHODNA SLOVENIJA
NOVI SVET,LOGATEC,OSREDNJESLOVENSKA
NOVI VRH,APAČE,POMURSKA
NOVINCI,SVETI ANDRAŽ V SLOV. GORICAH,PODRAVSKA
NOVO CELJE,ŽALEC,SAVINJSKA
NOVO MESTO,NOVO MESTO,JUGOVZHODNA SLOVENIJA
NOVO TEPANJE,SLOVENSKE KONJICE,SAVINJSKA
NOVOKRAČINE,ILIRSKA BISTRICA,PRIMORSKO-NOTRANJSKA
NOZNO,BRDA,GORIŠKA
NOŠE,RADOVLJICA,GORENJSKA
NOŽED,IZOLA/ISOLA,OBALNO-KRAŠKA
NOŽICE,DOMŽALE,OSREDNJESLOVENSKA
NUNSKA GRABA,LJUTOMER,POMURSKA
NUSKOVA,ROGAŠOVCI,POMURSKA
OBLA GORICA,ŠMARTNO PRI LITIJI,OSREDNJESLOVENSKA
OBLOKE,TOLMIN,GORIŠKA
OBOLNO,IVANČNA GORICA,OSREDNJESLOVENSKA
OBRAT,BENEDIKT,PODRAVSKA
OBREŽ,SREDIŠČE OB DRAVI,PODRAVSKA
OBREŽJE,BREŽICE,POSAVSKA
OBREŽJE,RADEČE,POSAVSKA
OBREŽJE PRI ZIDANEM MOSTU,LAŠKO,SAVINJSKA
OBRH,DOLENJSKE TOPLICE,JUGOVZHODNA SLOVENIJA
OBRH PRI DRAGATUŠU,ČRNOMELJ,JUGOVZHODNA SLOVENIJA
OBRNE,BLED,GORENJSKA
OBROV,HRPELJE - KOZINA,OBALNO-KRAŠKA
OBRŠE,LUKOVICA,OSREDNJESLOVENSKA
OBČICE,DOLENJSKE TOPLICE,JUGOVZHODNA SLOVENIJA
OBČINE,TREBNJE,JUGOVZHODNA SLOVENIJA
OCINJE,ROGAŠOVCI,POMURSKA
OCIZLA,HRPELJE - KOZINA,OBALNO-KRAŠKA
ODOLINA,HRPELJE - KOZINA,OBALNO-KRAŠKA
ODRANCI,ODRANCI,POMURSKA
ODRGA,TREBNJE,JUGOVZHODNA SLOVENIJA
OGLJENŠAK,SLOVENSKA BISTRICA,PODRAVSKA
OGOREVC,ŠTORE,SAVINJSKA
OGRADA,BLOKE,PRIMORSKO-NOTRANJSKA
OGRAJA,KOČEVJE,JUGOVZHODNA SLOVENIJA
OGULIN,ČRNOMELJ,JUGOVZHODNA SLOVENIJA
OHONICA,BOROVNICA,OSREDNJESLOVENSKA
OJSTRI VRH,ŽELEZNIKI,GORENJSKA
OJSTRICA,DRAVOGRAD,KOROŠKA
OJSTRIŠKA VAS,TABOR,SAVINJSKA
OJSTRO,LAŠKO,SAVINJSKA
OJSTRO,TRBOVLJE,ZASAVSKA
OKLJUKA,METLIKA,JUGOVZHODNA SLOVENIJA
OKLUKOVA GORA,BREŽICE,POSAVSKA
OKONINA,LJUBNO,SAVINJSKA
OKOSLAVCI,RADENCI,POMURSKA
OKOŠKA GORA,OPLOTNICA,PODRAVSKA
OKROG,LITIJA,ZASAVSKA
OKROG,ŠENTJUR,SAVINJSKA
OKROG,ŠENTRUPERT,JUGOVZHODNA SLOVENIJA
OKROG PRI MOTNIKU,KAMNIK,OSREDNJESLOVENSKA
OKROGLICE,SEVNICA,POSAVSKA
OKROGLO,KAMNIK,OSREDNJESLOVENSKA
OKROGLO,NAKLO,GORENJSKA
OLEŠČE,LAŠKO,SAVINJSKA
OLIKA,KOPER/CAPODISTRIA,OBALNO-KRAŠKA
OLIMJE,PODČETRTEK,SAVINJSKA
OLŠEVEK,ŠENČUR,GORENJSKA
OMOTA,SEMIČ,JUGOVZHODNA SLOVENIJA
ONEK,KOČEVJE,JUGOVZHODNA SLOVENIJA
ONKRAJ MEŽE,MEŽICA,KOROŠKA
OPALE,ŽIRI,GORENJSKA
OPALKOVO,VELIKE LAŠČE,OSREDNJESLOVENSKA
OPATJE SELO,MIREN - KOSTANJEVICA,GORIŠKA
OPLOTNICA,OPLOTNICA,PODRAVSKA
OREHEK,CERKNO,GORIŠKA
OREHEK,POSTOJNA,PRIMORSKO-NOTRANJSKA
OREHEK PRI MATERIJI,HRPELJE - KOZINA,OBALNO-KRAŠKA
OREHOVA VAS,HOČE - SLIVNICA,PODRAVSKA
OREHOVCI,GORNJA RADGONA,POMURSKA
OREHOVEC,KOSTANJEVICA NA KRKI,POSAVSKA
OREHOVEC,ŠMARJE PRI JELŠAH,SAVINJSKA
OREHOVICA,VIPAVA,GORIŠKA
OREHOVICA,ZAGORJE OB SAVI,ZASAVSKA
OREHOVICA,ŠENTJERNEJ,JUGOVZHODNA SLOVENIJA
OREHOVLJE,KRANJ,GORENJSKA
OREHOVLJE,MIREN - KOSTANJEVICA,GORIŠKA
OREHOVO,SEVNICA,POSAVSKA
OREHOVSKI VRH,GORNJA RADGONA,POMURSKA
OREŠJE,ŠMARJEŠKE TOPLICE,JUGOVZHODNA SLOVENIJA
OREŠJE NA BIZELJSKEM,BREŽICE,POSAVSKA
OREŠJE NAD SEVNICO,SEVNICA,POSAVSKA
ORKLJEVEC,MIRNA PEČ,JUGOVZHODNA SLOVENIJA
ORLA VAS,BRASLOVČE,SAVINJSKA
ORLAKA,TREBNJE,JUGOVZHODNA SLOVENIJA
ORLE,ŠKOFLJICA,OSREDNJESLOVENSKA
ORLEK,SEŽANA,OBALNO-KRAŠKA
ORMOŽ,ORMOŽ,PODRAVSKA
ORNUŠKA VAS,MOKRONOG - TREBELNO,JUGOVZHODNA SLOVENIJA
OROVA VAS,POLZELA,SAVINJSKA
ORTNEK,RIBNICA,JUGOVZHODNA SLOVENIJA
ORTNICE,KOZJE,SAVINJSKA
OSEK,NOVA GORICA,GORIŠKA
OSEK,SVETA TROJICA V SLOV. GORICAH,PODRAVSKA
OSENCA,CELJE,SAVINJSKA
OSILNICA,OSILNICA,JUGOVZHODNA SLOVENIJA
OSKORŠNICA,SEMIČ,JUGOVZHODNA SLOVENIJA
OSKRT,KOSTEL,JUGOVZHODNA SLOVENIJA
OSLICA,IVANČNA GORICA,OSREDNJESLOVENSKA
OSLUŠEVCI,ORMOŽ,PODRAVSKA
OSOJNICA,ŽIRI,GORENJSKA
OSOJNIK,SEMIČ,JUGOVZHODNA SLOVENIJA
OSOJNIK,ŽELEZNIKI,GORENJSKA
OSOLNIK,MEDVODE,OSREDNJESLOVENSKA
OSP,KOPER/CAPODISTRIA,OBALNO-KRAŠKA
OSREDEK,CERKNICA,PRIMORSKO-NOTRANJSKA
OSREDEK,VELIKE LAŠČE,OSREDNJESLOVENSKA
OSREDEK,ZAGORJE OB SAVI,ZASAVSKA
OSREDEK,ŠENTJUR,SAVINJSKA
OSREDEK NAD STIČNO,IVANČNA GORICA,OSREDNJESLOVENSKA
OSREDEK PRI DOBROVI,DOBROVA - POLHOV GRADEC,OSREDNJESLOVENSKA
OSREDEK PRI HUBAJNICI,SEVNICA,POSAVSKA
OSREDEK PRI KRMELJU,SEVNICA,POSAVSKA
OSREDEK PRI PODSREDI,KOZJE,SAVINJSKA
OSREDEK PRI TRŠKI GORI,KRŠKO,POSAVSKA
OSREDEK PRI ZREČAH,ZREČE,SAVINJSKA
OSREDKE,DOL PRI LJUBLJANI,OSREDNJESLOVENSKA
OSREČJE,ŠKOCJAN,JUGOVZHODNA SLOVENIJA
OSTENK,TRBOVLJE,ZASAVSKA
OSTROG,ŠENTJERNEJ,JUGOVZHODNA SLOVENIJA
OSTROVICA,HRPELJE - KOZINA,OBALNO-KRAŠKA
OSTROŽNIK,MOKRONOG - TREBELNO,JUGOVZHODNA SLOVENIJA
OSTROŽNO BRDO,ILIRSKA BISTRICA,PRIMORSKO-NOTRANJSKA
OSTROŽNO PRI LOČAH,SLOVENSKE KONJICE,SAVINJSKA
OSTROŽNO PRI PONIKVI - DEL,ŠENTJUR,SAVINJSKA
OTALEŽ,CERKNO,GORIŠKA
OTAVICE,RIBNICA,JUGOVZHODNA SLOVENIJA
OTAVNIK,SEVNICA,POSAVSKA
OTEMNA,CELJE,SAVINJSKA
OTIŠKI VRH,DRAVOGRAD,KOROŠKA
OTLICA,AJDOVŠČINA,GORIŠKA
OTOK,CERKNICA,PRIMORSKO-NOTRANJSKA
OTOK,METLIKA,JUGOVZHODNA SLOVENIJA
OTONICA,CERKNICA,PRIMORSKO-NOTRANJSKA
OTOVCI,PUCONCI,POMURSKA
OTOVEC,ČRNOMELJ,JUGOVZHODNA SLOVENIJA
OTOČE,RADOVLJICA,GORENJSKA
OTOČEC,NOVO MESTO,JUGOVZHODNA SLOVENIJA
OTOŠČE,DIVAČA,OBALNO-KRAŠKA
OVSIŠE,RADOVLJICA,GORENJSKA
OZELJAN,NOVA GORICA,GORIŠKA
OČESLAVCI,GORNJA RADGONA,POMURSKA
OŠELJ,SLOVENSKA BISTRICA,PODRAVSKA
OŠEVEK,KAMNIK,OSREDNJESLOVENSKA
OŠEVLJEK,RENČE - VOGRSKO,GORIŠKA
OŠTRC,KOSTANJEVICA NA KRKI,POSAVSKA
OŽBALT,PODVELKA,KOROŠKA
PACINJE,PTUJ,PODRAVSKA
PADEŠKI VRH,ZREČE,SAVINJSKA
PADEŽ,LAŠKO,SAVINJSKA
PADEŽ,VRHNIKA,OSREDNJESLOVENSKA
PADEŽ,ZAGORJE OB SAVI,ZASAVSKA
PADNA,PIRAN/PIRANO,OBALNO-KRAŠKA
PADOVO PRI FARI,KOSTEL,JUGOVZHODNA SLOVENIJA
PADOVO PRI OSILNICI,OSILNICA,JUGOVZHODNA SLOVENIJA
PAHA,NOVO MESTO,JUGOVZHODNA SLOVENIJA
PAKA,DOBREPOLJE,OSREDNJESLOVENSKA
PAKA,VITANJE,SAVINJSKA
PAKA - DEL,MISLINJA,KOROŠKA
PAKA PRI PREDGRADU,KOČEVJE,JUGOVZHODNA SLOVENIJA
PAKA PRI VELENJU,VELENJE,SAVINJSKA
PAKO,BOROVNICA,OSREDNJESLOVENSKA
PALJEVO,KANAL,GORIŠKA
PALOVIČE,TRŽIČ,GORENJSKA
PALČJE,PIVKA,PRIMORSKO-NOTRANJSKA
PAMEČE,SLOVENJ GRADEC,KOROŠKA
PANCE,LJUBLJANA,OSREDNJESLOVENSKA
PANEČE,LAŠKO,SAVINJSKA
PANGRČ GRM,NOVO MESTO,JUGOVZHODNA SLOVENIJA
PANGRŠICA,KRANJ,GORENJSKA
PANOVCI,GORNJI PETROVCI,POMURSKA
PAPEŽI,OSILNICA,JUGOVZHODNA SLOVENIJA
PAPIRNICA,ŠKOFJA LOKA,GORENJSKA
PARADIŠČE,GROSUPLJE,OSREDNJESLOVENSKA
PARADIŽ,CIRKULANE,PODRAVSKA
PARECAG/PAREZZAGO,PIRAN/PIRANO,OBALNO-KRAŠKA
PARIDOL,ŠENTJUR,SAVINJSKA
PARIČJAK,RADENCI,POMURSKA
PARIŽLJE,BRASLOVČE,SAVINJSKA
PARJE,PIVKA,PRIMORSKO-NOTRANJSKA
PAROŽ,DOBRNA,SAVINJSKA
PAUNOVIČI,ČRNOMELJ,JUGOVZHODNA SLOVENIJA
PAVIČIČI,ČRNOMELJ,JUGOVZHODNA SLOVENIJA
PAVLA VAS,SEVNICA,POSAVSKA
PAVLICA,ILIRSKA BISTRICA,PRIMORSKO-NOTRANJSKA
PAVLOVA VAS,BREŽICE,POSAVSKA
PAVLOVCI,ORMOŽ,PODRAVSKA
PAVLOVSKI VRH,ORMOŽ,PODRAVSKA
PAŠKA VAS,ŠMARTNO OB PAKI,SAVINJSKA
PAŠKI KOZJAK,VELENJE,SAVINJSKA
PECE,GROSUPLJE,OSREDNJESLOVENSKA
PECELJ,PODČETRTEK,SAVINJSKA
PEDROVO,NOVA GORICA,GORIŠKA
PEKEL,MARIBOR,PODRAVSKA
PEKEL,TREBNJE,JUGOVZHODNA SLOVENIJA
PEKRE,MARIBOR,PODRAVSKA
PENOJE,SLOVENSKE KONJICE,SAVINJSKA
PEPELNO,CELJE,SAVINJSKA
PERAJI,KOPER/CAPODISTRIA,OBALNO-KRAŠKA
PERATI,KOBARID,GORIŠKA
PERAČICA,RADOVLJICA,GORENJSKA
PERIŠČE,BREŽICE,POSAVSKA
PERNICA,PESNICA,PODRAVSKA
PERNICE,MUTA,KOROŠKA
PERNIKI,GORJE,GORENJSKA
PERNOVO,ŽALEC,SAVINJSKA
PEROVEC,SLOVENSKE KONJICE,SAVINJSKA
PEROVO,RIBNICA,JUGOVZHODNA SLOVENIJA
PERTOČA,ROGAŠOVCI,POMURSKA
PERUDINA,ČRNOMELJ,JUGOVZHODNA SLOVENIJA
PESJE,KRŠKO,POSAVSKA
PESKOVCI,GORNJI PETROVCI,POMURSKA
PESNICA,KUNGOTA,PODRAVSKA
PESNICA PRI MARIBORU,PESNICA,PODRAVSKA
PESNIŠKI DVOR,PESNICA,PODRAVSKA
PESTIKE,ZAVRČ,PODRAVSKA
PETANE,NOVO MESTO,JUGOVZHODNA SLOVENIJA
PETANJCI,TIŠINA,POMURSKA
PETELINJE,DOL PRI LJUBLJANI,OSREDNJESLOVENSKA
PETELINJE,PIVKA,PRIMORSKO-NOTRANJSKA
PETELINJEK,NOVO MESTO,JUGOVZHODNA SLOVENIJA
PETELINJEK PRI LOČAH,SLOVENSKE KONJICE,SAVINJSKA
PETIŠOVCI/PETESHAZA,LENDAVA/LENDVA,POMURSKA
PETKOVEC,LOGATEC,OSREDNJESLOVENSKA
PETRINA,KOSTEL,JUGOVZHODNA SLOVENIJA
PETRINCI,SODRAŽICA,JUGOVZHODNA SLOVENIJA
PETRINJE,HRPELJE - KOZINA,OBALNO-KRAŠKA
PETROVA VAS,ČRNOMELJ,JUGOVZHODNA SLOVENIJA
PETROVO BRDO,TOLMIN,GORIŠKA
PETROVČE,ŽALEC,SAVINJSKA
PETRUŠNJA VAS,IVANČNA GORICA,OSREDNJESLOVENSKA
PEVNO,ŠKOFJA LOKA,GORENJSKA
PEČ,GROSUPLJE,OSREDNJESLOVENSKA
PEČAROVCI,PUCONCI,POMURSKA
PEČE,MORAVČE,OSREDNJESLOVENSKA
PEČICA,ŠMARJE PRI JELŠAH,SAVINJSKA
PEČICE,BREŽICE,POSAVSKA
PEČICE,LITIJA,ZASAVSKA
PEČINE,TOLMIN,GORIŠKA
PEČJE,SEVNICA,POSAVSKA
PEČKE,MAKOLE,PODRAVSKA
PEČKI,VELIKE LAŠČE,OSREDNJESLOVENSKA
PEČNIK,IDRIJA,GORIŠKA
PEČOVJE,ŠTORE,SAVINJSKA
PEČOVNIK,CELJE,SAVINJSKA
PEŠČENI VRH,CERKVENJAK,PODRAVSKA
PEŠČENIK,IVANČNA GORICA,OSREDNJESLOVENSKA
PIJANA GORA,KRŠKO,POSAVSKA
PIJAVA GORICA,ŠKOFLJICA,OSREDNJESLOVENSKA
PIJAVICE,SEVNICA,POSAVSKA
PIJOVCI,ŠMARJE PRI JELŠAH,SAVINJSKA
PIKOVNIK,CERKNICA,PRIMORSKO-NOTRANJSKA
PILŠTANJ,KOZJE,SAVINJSKA
PINCE - MAROF/PINCE - MAJOR,LENDAVA/LENDVA,POMURSKA
PINCE/PINCE,LENDAVA/LENDVA,POMURSKA
PIRAN/PIRANO,PIRAN/PIRANO,OBALNO-KRAŠKA
PIREŠICA,VELENJE,SAVINJSKA
PIRMANE,CERKNICA,PRIMORSKO-NOTRANJSKA
PIRČE,KOSTEL,JUGOVZHODNA SLOVENIJA
PIRŠENBREG,BREŽICE,POSAVSKA
PIRŠEVO,KAMNIK,OSREDNJESLOVENSKA
PISARI,KOPER/CAPODISTRIA,OBALNO-KRAŠKA
PIVKA,PIVKA,PRIMORSKO-NOTRANJSKA
PIVOLA,HOČE - SLIVNICA,PODRAVSKA
PIŠECE,BREŽICE,POSAVSKA
PLACAR,DESTRNIK,PODRAVSKA
PLACEROVCI,GORIŠNICA,PODRAVSKA
PLANICA,KRANJ,GORENJSKA
PLANICA,RAČE - FRAM,PODRAVSKA
PLANINA,AJDOVŠČINA,GORIŠKA
PLANINA,IVANČNA GORICA,OSREDNJESLOVENSKA
PLANINA,KOSTEL,JUGOVZHODNA SLOVENIJA
PLANINA,LJUBNO,SAVINJSKA
PLANINA,POSTOJNA,PRIMORSKO-NOTRANJSKA
PLANINA,SEMIČ,JUGOVZHODNA SLOVENIJA
PLANINA NA POHORJU,ZREČE,SAVINJSKA
PLANINA NAD HORJULOM,DOBROVA - POLHOV GRADEC,OSREDNJESLOVENSKA
PLANINA POD GOLICO,JESENICE,GORENJSKA
PLANINA POD ŠUMIKOM,SLOVENSKA BISTRICA,PODRAVSKA
PLANINA PRI CERKNEM,CERKNO,GORIŠKA
PLANINA PRI RAKI,KRŠKO,POSAVSKA
PLANINA PRI SEVNICI,ŠENTJUR,SAVINJSKA
PLANINA V PODBOČJU,KRŠKO,POSAVSKA
PLANINCA,BREZOVICA,OSREDNJESLOVENSKA
PLANINCA,ŠENTJUR,SAVINJSKA
PLANINSKA VAS,TRBOVLJE,ZASAVSKA
PLANINSKA VAS,ŠENTJUR,SAVINJSKA
PLANINSKI VRH,ŠENTJUR,SAVINJSKA
PLANJSKO,MAJŠPERK,PODRAVSKA
PLAT,MEŽICA,KOROŠKA
PLAT,ROGAŠKA SLATINA,SAVINJSKA
PLATINOVEC,ŠMARJE PRI JELŠAH,SAVINJSKA
PLAVE,KANAL,GORIŠKA
PLAVJE,KOPER/CAPODISTRIA,OBALNO-KRAŠKA
PLAVŠKI ROVT,JESENICE,GORENJSKA
PLAZOVJE,LAŠKO,SAVINJSKA
PLAČ,KUNGOTA,PODRAVSKA
PLAČE,AJDOVŠČINA,GORIŠKA
PLEMBERK,NOVO MESTO,JUGOVZHODNA SLOVENIJA
PLES,BISTRICA OB SOTLI,POSAVSKA
PLES,MORAVČE,OSREDNJESLOVENSKA
PLESKO,HRASTNIK,ZASAVSKA
PLETERJE,KIDRIČEVO,PODRAVSKA
PLETERJE,KRŠKO,POSAVSKA
PLETOVARJE,ŠENTJUR,SAVINJSKA
PLEŠ,ŽUŽEMBERK,JUGOVZHODNA SLOVENIJA
PLEŠE,ŠKOFLJICA,OSREDNJESLOVENSKA
PLEŠIVEC,VELENJE,SAVINJSKA
PLEŠIVICA,BREZOVICA,OSREDNJESLOVENSKA
PLEŠIVICA,LJUTOMER,POMURSKA
PLEŠIVICA,SEŽANA,OBALNO-KRAŠKA
PLEŠIVICA,ŽUŽEMBERK,JUGOVZHODNA SLOVENIJA
PLEŠIVICA PRI ŽALNI,GROSUPLJE,OSREDNJESLOVENSKA
PLEŠIVO,BRDA,GORIŠKA
PLINTOVEC,KUNGOTA,PODRAVSKA
PLISKOVICA,SEŽANA,OBALNO-KRAŠKA
PLITVICA,APAČE,POMURSKA
PLITVIČKI VRH,GORNJA RADGONA,POMURSKA
PLODRŠNICA,ŠENTILJ,PODRAVSKA
PLOSOVO,VELIKE LAŠČE,OSREDNJESLOVENSKA
PLUSKA,TREBNJE,JUGOVZHODNA SLOVENIJA
PLUŽNA,BOVEC,GORIŠKA
PLUŽNJE,CERKNO,GORIŠKA
POBEGI,KOPER/CAPODISTRIA,OBALNO-KRAŠKA
POBREŽ,OPLOTNICA,PODRAVSKA
POBREŽJE,VIDEM,PODRAVSKA
POBREŽJE,ČRNOMELJ,JUGOVZHODNA SLOVENIJA
PODBELA,KOBARID,GORIŠKA
PODBEŽE,ILIRSKA BISTRICA,PRIMORSKO-NOTRANJSKA
PODBLICA,KRANJ,GORENJSKA
PODBORŠT,IVANČNA GORICA,OSREDNJESLOVENSKA
PODBORŠT,SEVNICA,POSAVSKA
PODBORŠT PRI KOMENDI,KOMENDA,OSREDNJESLOVENSKA
PODBOČ,POLJČANE,PODRAVSKA
PODBOČJE,KRŠKO,POSAVSKA
PODBRDO,TOLMIN,GORIŠKA
PODBREG,KAMNIK,OSREDNJESLOVENSKA
PODBREG,VIPAVA,GORIŠKA
PODBREZJE,NAKLO,GORENJSKA
PODBREŽE,SEŽANA,OBALNO-KRAŠKA
PODBUKOVJE,IVANČNA GORICA,OSREDNJESLOVENSKA
PODBUKOVJE PRI VAČAH,LITIJA,ZASAVSKA
PODCERKEV,LOŠKA DOLINA,PRIMORSKO-NOTRANJSKA
PODEN,KOSTEL,JUGOVZHODNA SLOVENIJA
PODGAJ,ŠENTJUR,SAVINJSKA
PODGORA,DOBREPOLJE,OSREDNJESLOVENSKA
PODGORA,GORENJA VAS - POLJANE,GORENJSKA
PODGORA,RAVNE NA KOROŠKEM,KOROŠKA
PODGORA,STRAŽA,JUGOVZHODNA SLOVENIJA
PODGORA,ŠMARTNO OB PAKI,SAVINJSKA
PODGORA PRI DOLSKEM,DOL PRI LJUBLJANI,OSREDNJESLOVENSKA
PODGORA PRI LOŽU,LOŠKA DOLINA,PRIMORSKO-NOTRANJSKA
PODGORA PRI ZLATEM POLJU,LUKOVICA,OSREDNJESLOVENSKA
PODGORCI,ORMOŽ,PODRAVSKA
PODGORICA,DOBREPOLJE,OSREDNJESLOVENSKA
PODGORICA,SEVNICA,POSAVSKA
PODGORICA PRI PEČAH,MORAVČE,OSREDNJESLOVENSKA
PODGORICA PRI PODTABORU,GROSUPLJE,OSREDNJESLOVENSKA
PODGORICA PRI ŠMARJU,GROSUPLJE,OSREDNJESLOVENSKA
PODGORJE,APAČE,POMURSKA
PODGORJE,KAMNIK,OSREDNJESLOVENSKA
PODGORJE,KOPER/CAPODISTRIA,OBALNO-KRAŠKA
PODGORJE,SLOVENJ GRADEC,KOROŠKA
PODGORJE,VELENJE,SAVINJSKA
PODGORJE OB SEVNIČNI,SEVNICA,POSAVSKA
PODGORJE POD ČERINOM,VOJNIK,SAVINJSKA
PODGORJE PRI LETUŠU,BRASLOVČE,SAVINJSKA
PODGORJE PRI PIŠECAH,BREŽICE,POSAVSKA
PODGOZD,IG,OSREDNJESLOVENSKA
PODGOZD,NOVA GORICA,GORIŠKA
PODGOZD,ŽUŽEMBERK,JUGOVZHODNA SLOVENIJA
PODGRAD,GORNJA RADGONA,POMURSKA
PODGRAD,ILIRSKA BISTRICA,PRIMORSKO-NOTRANJSKA
PODGRAD,LJUBLJANA,OSREDNJESLOVENSKA
PODGRAD,NOVO MESTO,JUGOVZHODNA SLOVENIJA
PODGRAD,ŠENTJUR,SAVINJSKA
PODGRAD NA POHORJU,SLOVENSKA BISTRICA,PODRAVSKA
PODGRAD PRI VREMAH,DIVAČA,OBALNO-KRAŠKA
PODGRADJE,LJUTOMER,POMURSKA
PODGRAJE,ILIRSKA BISTRICA,PRIMORSKO-NOTRANJSKA
PODGRAČENO,BREŽICE,POSAVSKA
PODGRIČ,VIPAVA,GORIŠKA
PODHOJNI HRIB,VELIKE LAŠČE,OSREDNJESLOVENSKA
PODHOM,GORJE,GORENJSKA
PODHOSTA,DOLENJSKE TOPLICE,JUGOVZHODNA SLOVENIJA
PODHRUŠKA,KAMNIK,OSREDNJESLOVENSKA
PODIGRAC,KUNGOTA,PODRAVSKA
PODJELJE,BOHINJ,GORENJSKA
PODJELOVO BRDO,GORENJA VAS - POLJANE,GORENJSKA
PODJELŠE,KAMNIK,OSREDNJESLOVENSKA
PODJETNIŠKO NASELJE KOČEVJE,KOČEVJE,JUGOVZHODNA SLOVENIJA
PODKLANC,DRAVOGRAD,KOROŠKA
PODKLANEC,SODRAŽICA,JUGOVZHODNA SLOVENIJA
PODKLANEC,ČRNOMELJ,JUGOVZHODNA SLOVENIJA
PODKLANEC,ŽIRI,GORENJSKA
PODKOGELJ,VELIKE LAŠČE,OSREDNJESLOVENSKA
PODKOREN,KRANJSKA GORA,GORENJSKA
PODKOČNA,JESENICE,GORENJSKA
PODKRAJ,AJDOVŠČINA,GORIŠKA
PODKRAJ,HRASTNIK,ZASAVSKA
PODKRAJ,IG,OSREDNJESLOVENSKA
PODKRAJ,RAVNE NA KOROŠKEM,KOROŠKA
PODKRAJ,VELIKE LAŠČE,OSREDNJESLOVENSKA
PODKRAJ,ŽALEC,SAVINJSKA
PODKRAJ PRI MEŽICI,MEŽICA,KOROŠKA
PODKRAJ PRI VELENJU,VELENJE,SAVINJSKA
PODKRAJ PRI ZAGORJU,ZAGORJE OB SAVI,ZASAVSKA
PODKUM,ZAGORJE OB SAVI,ZASAVSKA
PODLANIŠČE,CERKNO,GORIŠKA
PODLEHNIK,PODLEHNIK,PODRAVSKA
PODLESJE,KOČEVJE,JUGOVZHODNA SLOVENIJA
PODLEŠJE,ŠENTJUR,SAVINJSKA
PODLIPA,KRŠKO,POSAVSKA
PODLIPA,VRHNIKA,OSREDNJESLOVENSKA
PODLIPA,ŽUŽEMBERK,JUGOVZHODNA SLOVENIJA
PODLIPOGLAV,LJUBLJANA,OSREDNJESLOVENSKA
PODLIPOVICA,ZAGORJE OB SAVI,ZASAVSKA
PODLISEC,TREBNJE,JUGOVZHODNA SLOVENIJA
PODLJUBELJ,TRŽIČ,GORENJSKA
PODLOG,VELIKE LAŠČE,OSREDNJESLOVENSKA
PODLOG,ČRNOMELJ,JUGOVZHODNA SLOVENIJA
PODLOG POD BOHORJEM,ŠENTJUR,SAVINJSKA
PODLOG V SAVINJSKI DOLINI,ŽALEC,SAVINJSKA
PODLOM,KAMNIK,OSREDNJESLOVENSKA
PODLONK,ŽELEZNIKI,GORENJSKA
PODLOŽ,LOŠKA DOLINA,PRIMORSKO-NOTRANJSKA
PODLOŽE,MAJŠPERK,PODRAVSKA
PODMELEC,TOLMIN,GORIŠKA
PODMILJ,LUKOVICA,OSREDNJESLOVENSKA
PODMOLNIK,LJUBLJANA,OSREDNJESLOVENSKA
PODNANOS,VIPAVA,GORIŠKA
PODNART,RADOVLJICA,GORENJSKA
PODOB,SLOVENSKE KONJICE,SAVINJSKA
PODOBENO,GORENJA VAS - POLJANE,GORENJSKA
PODOLNICA,HORJUL,OSREDNJESLOVENSKA
PODOLŠEVA,SOLČAVA,SAVINJSKA
PODOVA,RAČE - FRAM,PODRAVSKA
PODPECA,ČRNA NA KOROŠKEM,KOROŠKA
PODPEČ,BREZOVICA,OSREDNJESLOVENSKA
PODPEČ,DOBREPOLJE,OSREDNJESLOVENSKA
PODPEČ,KOPER/CAPODISTRIA,OBALNO-KRAŠKA
PODPEČ NAD MAROFOM,ŠENTJUR,SAVINJSKA
PODPEČ OB DRAVINJI,SLOVENSKE KONJICE,SAVINJSKA
PODPEČ POD SKALO,LITIJA,ZASAVSKA
PODPEČ PRI ŠENTVIDU,ŠENTJUR,SAVINJSKA
PODPLANINA,LOŠKI POTOK,JUGOVZHODNA SLOVENIJA
PODPLAT,ROGAŠKA SLATINA,SAVINJSKA
PODPLEČE,CERKNO,GORIŠKA
PODPLEŠIVICA,BREZOVICA,OSREDNJESLOVENSKA
PODPOREZEN,ŽELEZNIKI,GORENJSKA
PODPRESKA,LOŠKI POTOK,JUGOVZHODNA SLOVENIJA
PODPULFRCA,ŠKOFJA LOKA,GORENJSKA
PODRAGA,VIPAVA,GORIŠKA
PODREBER,DOBROVA - POLHOV GRADEC,OSREDNJESLOVENSKA
PODREBER,SEMIČ,JUGOVZHODNA SLOVENIJA
PODREČA,KRANJ,GORENJSKA
PODREČJE,DOMŽALE,OSREDNJESLOVENSKA
PODROJE,ŠMARTNO PRI LITIJI,OSREDNJESLOVENSKA
PODSABOTIN,BRDA,GORIŠKA
PODSKRAJNIK,CERKNICA,PRIMORSKO-NOTRANJSKA
PODSLIVNICA,CERKNICA,PRIMORSKO-NOTRANJSKA
PODSMREKA,DOBROVA - POLHOV GRADEC,OSREDNJESLOVENSKA
PODSMREKA PRI VELIKIH LAŠČAH,VELIKE LAŠČE,OSREDNJESLOVENSKA
PODSMREKA PRI VIŠNJI GORI,IVANČNA GORICA,OSREDNJESLOVENSKA
PODSMREČJE,LUKOVICA,OSREDNJESLOVENSKA
PODSREDA,KOZJE,SAVINJSKA
PODSTENE,KOČEVJE,JUGOVZHODNA SLOVENIJA
PODSTENE PRI KOSTELU,KOSTEL,JUGOVZHODNA SLOVENIJA
PODSTENICE,DOLENJSKE TOPLICE,JUGOVZHODNA SLOVENIJA
PODSTENJE,ILIRSKA BISTRICA,PRIMORSKO-NOTRANJSKA
PODSTENJŠEK,ILIRSKA BISTRICA,PRIMORSKO-NOTRANJSKA
PODSTRAN,MORAVČE,OSREDNJESLOVENSKA
PODSTRM,KOSTANJEVICA NA KRKI,POSAVSKA
PODSTRMEC,VELIKE LAŠČE,OSREDNJESLOVENSKA
PODSTUDENEC,KAMNIK,OSREDNJESLOVENSKA
PODTABOR,DOBREPOLJE,OSREDNJESLOVENSKA
PODTABOR,ILIRSKA BISTRICA,PRIMORSKO-NOTRANJSKA
PODTURN,MOKRONOG - TREBELNO,JUGOVZHODNA SLOVENIJA
PODTURN,ROGAŠKA SLATINA,SAVINJSKA
PODTURN PRI DOL. TOPLICAH,DOLENJSKE TOPLICE,JUGOVZHODNA SLOVENIJA
PODULAKA,VELIKE LAŠČE,OSREDNJESLOVENSKA
PODULCE,KRŠKO,POSAVSKA
PODVELKA,PODVELKA,KOROŠKA
PODVEŽA,LUČE,SAVINJSKA
PODVIN,ŽALEC,SAVINJSKA
PODVIN PRI POLZELI,POLZELA,SAVINJSKA
PODVINCI,PTUJ,PODRAVSKA
PODVINE,ŠENTJUR,SAVINJSKA
PODVINJE,BREŽICE,POSAVSKA
PODVOLOVLJEK,LUČE,SAVINJSKA
PODVRH,BRASLOVČE,SAVINJSKA
PODVRH,GORENJA VAS - POLJANE,GORENJSKA
PODVRH,OSILNICA,JUGOVZHODNA SLOVENIJA
PODVRH,SEVNICA,POSAVSKA
PODZEMELJ,METLIKA,JUGOVZHODNA SLOVENIJA
PODČETRTEK,PODČETRTEK,SAVINJSKA
PODŠENTJUR,LITIJA,ZASAVSKA
PODŽAGA,VELIKE LAŠČE,OSREDNJESLOVENSKA
POGLED,APAČE,POMURSKA
POGLED,MORAVČE,OSREDNJESLOVENSKA
POGONIK,LITIJA,ZASAVSKA
POHORJE,CIRKULANE,PODRAVSKA
POKLEK NAD BLANCO,SEVNICA,POSAVSKA
POKLEK PRI PODSREDI,KOZJE,SAVINJSKA
POKOJIŠČE,VRHNIKA,OSREDNJESLOVENSKA
POKOJNICA,IVANČNA GORICA,OSREDNJESLOVENSKA
POKOŠE,SLOVENSKA BISTRICA,PODRAVSKA
POLAJNA,ZREČE,SAVINJSKA
POLANA,HOČE - SLIVNICA,PODRAVSKA
POLANA,LAŠKO,SAVINJSKA
POLANA,MURSKA SOBOTA,POMURSKA
POLENCI,DORNAVA,PODRAVSKA
POLENE,SLOVENSKE KONJICE,SAVINJSKA
POLENŠAK,DORNAVA,PODRAVSKA
POLETIČI,KOPER/CAPODISTRIA,OBALNO-KRAŠKA
POLHOV GRADEC,DOBROVA - POLHOV GRADEC,OSREDNJESLOVENSKA
POLHOVICA,ŠENTJERNEJ,JUGOVZHODNA SLOVENIJA
POLICA,GROSUPLJE,OSREDNJESLOVENSKA
POLICA,NAKLO,GORENJSKA
POLICE,CERKNO,GORIŠKA
POLICE,GORNJA RADGONA,POMURSKA
POLIČKA VAS,PESNICA,PODRAVSKA
POLIČKI VRH,PESNICA,PODRAVSKA
POLJANA,KAMNIK,OSREDNJESLOVENSKA
POLJANA,PREVALJE,KOROŠKA
POLJANE,CERKNO,GORIŠKA
POLJANE,REČICA OB SAVINJI,SAVINJSKA
POLJANE NAD BLAGOVICO,LUKOVICA,OSREDNJESLOVENSKA
POLJANE NAD ŠKOFJO LOKO,GORENJA VAS - POLJANE,GORENJSKA
POLJANE PRI MIRNI PEČI,MIRNA PEČ,JUGOVZHODNA SLOVENIJA
POLJANE PRI PODGRADU,HRPELJE - KOZINA,OBALNO-KRAŠKA
POLJANE PRI PRIMSKOVEM,ŠMARTNO PRI LITIJI,OSREDNJESLOVENSKA
POLJANE PRI STIČNI,IVANČNA GORICA,OSREDNJESLOVENSKA
POLJANE PRI ŠTJAKU,SEŽANA,OBALNO-KRAŠKA
POLJANE PRI ŽUŽEMBERKU,ŽUŽEMBERK,JUGOVZHODNA SLOVENIJA
POLJE,BOHINJ,GORENJSKA
POLJE,TOLMIN,GORIŠKA
POLJE OB SOTLI,PODČETRTEK,SAVINJSKA
POLJE PRI BISTRICI,BISTRICA OB SOTLI,POSAVSKA
POLJE PRI TRŽIŠČU,SEVNICA,POSAVSKA
POLJE PRI VIŠNJI GORI,IVANČNA GORICA,OSREDNJESLOVENSKA
POLJE PRI VODICAH,VODICE,OSREDNJESLOVENSKA
POLJUBINJ,TOLMIN,GORIŠKA
POLJČANE,POLJČANE,PODRAVSKA
POLJČE,BRASLOVČE,SAVINJSKA
POLJČE,RADOVLJICA,GORENJSKA
POLJŠICA PRI GORJAH,GORJE,GORENJSKA
POLJŠICA PRI PODNARTU,RADOVLJICA,GORENJSKA
POLOM,KOČEVJE,JUGOVZHODNA SLOVENIJA
POLZELA,POLZELA,SAVINJSKA
POLZELO,VELIKE LAŠČE,OSREDNJESLOVENSKA
POLŠEČE,BLOKE,PRIMORSKO-NOTRANJSKA
POLŠINA,ZAGORJE OB SAVI,ZASAVSKA
POLŠNIK,LITIJA,ZASAVSKA
POLŽANSKA GORCA,ŠMARJE PRI JELŠAH,SAVINJSKA
POLŽANSKA VAS,ŠMARJE PRI JELŠAH,SAVINJSKA
POLŽE,VOJNIK,SAVINJSKA
POMJAN,KOPER/CAPODISTRIA,OBALNO-KRAŠKA
PONDOR,TABOR,SAVINJSKA
PONGRAC,ŽALEC,SAVINJSKA
PONGRCE,KIDRIČEVO,PODRAVSKA
PONIKVA,ŠENTJUR,SAVINJSKA
PONIKVA PRI ŽALCU,ŽALEC,SAVINJSKA
PONIKVE,BREŽICE,POSAVSKA
PONIKVE,CERKNICA,PRIMORSKO-NOTRANJSKA
PONIKVE,DOBREPOLJE,OSREDNJESLOVENSKA
PONIKVE,SEŽANA,OBALNO-KRAŠKA
PONIKVE,TOLMIN,GORIŠKA
PONIKVE PRI STUDENCU,SEVNICA,POSAVSKA
PONKVICA,ŠENTJUR,SAVINJSKA
PONOVA VAS,GROSUPLJE,OSREDNJESLOVENSKA
PONOVIČE,LITIJA,ZASAVSKA
POPETRE,KOPER/CAPODISTRIA,OBALNO-KRAŠKA
POPOVCI,VIDEM,PODRAVSKA
POPOVO,TRŽIČ,GORENJSKA
PORDAŠINCI/KISFALU,MORAVSKE TOPLICE,POMURSKA
POREBER,KAMNIK,OSREDNJESLOVENSKA
POREZEN,TOLMIN,GORIŠKA
POREČE,VIPAVA,GORIŠKA
PORTOROŽ/PORTOROSE,PIRAN/PIRANO,OBALNO-KRAŠKA
POSAVEC,RADOVLJICA,GORENJSKA
POSLOVNA CONA ŽEJE PRI KOMENDI,KOMENDA,OSREDNJESLOVENSKA
POSTAJA,TOLMIN,GORIŠKA
POSTOJNA,POSTOJNA,PRIMORSKO-NOTRANJSKA
POTARJE,TRŽIČ,GORENJSKA
POTISKAVEC,DOBREPOLJE,OSREDNJESLOVENSKA
POTOK,IDRIJA,GORIŠKA
POTOK,KAMNIK,OSREDNJESLOVENSKA
POTOK,KOSTEL,JUGOVZHODNA SLOVENIJA
POTOK,NAZARJE,SAVINJSKA
POTOK,STRAŽA,JUGOVZHODNA SLOVENIJA
POTOK,TREBNJE,JUGOVZHODNA SLOVENIJA
POTOK,ŽELEZNIKI,GORENJSKA
POTOK PRI DORNBERKU,NOVA GORICA,GORIŠKA
POTOK PRI KOMENDI,KOMENDA,OSREDNJESLOVENSKA
POTOK PRI MULJAVI,IVANČNA GORICA,OSREDNJESLOVENSKA
POTOK PRI VAČAH,LITIJA,ZASAVSKA
POTOK V ČRNI,KAMNIK,OSREDNJESLOVENSKA
POTOKI,JESENICE,GORENJSKA
POTOKI,KOBARID,GORIŠKA
POTOKI,SEMIČ,JUGOVZHODNA SLOVENIJA
POTOV VRH,NOVO MESTO,JUGOVZHODNA SLOVENIJA
POTOČE,AJDOVŠČINA,GORIŠKA
POTOČE,DIVAČA,OBALNO-KRAŠKA
POTOČE,PREDDVOR,GORENJSKA
POTOŠKA VAS,ZAGORJE OB SAVI,ZASAVSKA
POVIR,SEŽANA,OBALNO-KRAŠKA
POVLJE,KRANJ,GORENJSKA
POVODJE,VODICE,OSREDNJESLOVENSKA
POVRŠJE,KRŠKO,POSAVSKA
POVČENO,LAŠKO,SAVINJSKA
POVŽANE,HRPELJE - KOZINA,OBALNO-KRAŠKA
POZIRNO,ŠKOFJA LOKA,GORENJSKA
POZNANOVCI,PUCONCI,POMURSKA
POZNIKOVO,VELIKE LAŠČE,OSREDNJESLOVENSKA
POČAKOVO,RADEČE,POSAVSKA
POČE,CERKNO,GORIŠKA
POČEHOVA,MARIBOR,PODRAVSKA
POČENIK,PESNICA,PODRAVSKA
POŠTENA VAS,BREŽICE,POSAVSKA
POŽARJE,ZAGORJE OB SAVI,ZASAVSKA
POŽEG,RAČE - FRAM,PODRAVSKA
POŽENIK,CERKLJE NA GORENJSKEM,GORENJSKA
POŽNICA,LAŠKO,SAVINJSKA
PRADE/PRADE,KOPER/CAPODISTRIA,OBALNO-KRAŠKA
PRAGERSKO,SLOVENSKA BISTRICA,PODRAVSKA
PRAPETNO,TOLMIN,GORIŠKA
PRAPETNO BRDO,TOLMIN,GORIŠKA
PRAPRETNO,RADEČE,POSAVSKA
PRAPRETNO,ŠENTJUR,SAVINJSKA
PRAPRETNO PRI HRASTNIKU - DEL,HRASTNIK,ZASAVSKA
PRAPRETNO PRI HRASTNIKU - DEL,TRBOVLJE,ZASAVSKA
PRAPREČE,VRANSKO,SAVINJSKA
PRAPREČE,ŽUŽEMBERK,JUGOVZHODNA SLOVENIJA
PRAPREČE - DEL,TRBOVLJE,ZASAVSKA
PRAPREČE - DEL,ZAGORJE OB SAVI,ZASAVSKA
PRAPREČE PRI STRAŽI,STRAŽA,JUGOVZHODNA SLOVENIJA
PRAPREČE PRI ŠENTJERNEJU,ŠENTJERNEJ,JUGOVZHODNA SLOVENIJA
PRAPROT,SEMIČ,JUGOVZHODNA SLOVENIJA
PRAPROTNA POLICA,CERKLJE NA GORENJSKEM,GORENJSKA
PRAPROTNICA,MIRNA,JUGOVZHODNA SLOVENIJA
PRAPROTNO,ŠKOFJA LOKA,GORENJSKA
PRAPROTNO BRDO,LOGATEC,OSREDNJESLOVENSKA
PRAPROČE,DOBROVA - POLHOV GRADEC,OSREDNJESLOVENSKA
PRAPROČE,KOPER/CAPODISTRIA,OBALNO-KRAŠKA
PRAPROČE,RIBNICA,JUGOVZHODNA SLOVENIJA
PRAPROČE,SEMIČ,JUGOVZHODNA SLOVENIJA
PRAPROČE PRI GROSUPLJEM,GROSUPLJE,OSREDNJESLOVENSKA
PRAPROČE PRI TEMENICI,IVANČNA GORICA,OSREDNJESLOVENSKA
PRAPROČE V TUHINJU,KAMNIK,OSREDNJESLOVENSKA
PRAPROŠE,RADOVLJICA,GORENJSKA
PRAZNIKI,VELIKE LAŠČE,OSREDNJESLOVENSKA
PRAŠE,KRANJ,GORENJSKA
PREBAČEVO,ŠENČUR,GORENJSKA
PREBOLD,PREBOLD,SAVINJSKA
PRECETINCI,LJUTOMER,POMURSKA
PRECLAVA,ORMOŽ,PODRAVSKA
PREDANOVCI,PUCONCI,POMURSKA
PREDDVOR,PREDDVOR,GORENJSKA
PREDEL,ŠMARJE PRI JELŠAH,SAVINJSKA
PREDENCA,ŠMARJE PRI JELŠAH,SAVINJSKA
PREDGRAD,KOČEVJE,JUGOVZHODNA SLOVENIJA
PREDGRIŽE,IDRIJA,GORIŠKA
PREDJAMA,POSTOJNA,PRIMORSKO-NOTRANJSKA
PREDLOKA,KOPER/CAPODISTRIA,OBALNO-KRAŠKA
PREDMEJA,AJDOVŠČINA,GORIŠKA
PREDMOST,GORENJA VAS - POLJANE,GORENJSKA
PREDOLE,GROSUPLJE,OSREDNJESLOVENSKA
PREDOSLJE,KRANJ,GORENJSKA
PREDSTRUGE,DOBREPOLJE,OSREDNJESLOVENSKA
PREGARA,KOPER/CAPODISTRIA,OBALNO-KRAŠKA
PREGARJE,ILIRSKA BISTRICA,PRIMORSKO-NOTRANJSKA
PREKOPA,VRANSKO,SAVINJSKA
PREKORJE,CELJE,SAVINJSKA
PRELASKO,PODČETRTEK,SAVINJSKA
PRELESJE,GORENJA VAS - POLJANE,GORENJSKA
PRELESJE,LITIJA,ZASAVSKA
PRELESJE,ČRNOMELJ,JUGOVZHODNA SLOVENIJA
PRELESJE,ŠENTRUPERT,JUGOVZHODNA SLOVENIJA
PRELOG,DOMŽALE,OSREDNJESLOVENSKA
PRELOGE,SEMIČ,JUGOVZHODNA SLOVENIJA
PRELOGE,SLOVENSKA BISTRICA,PODRAVSKA
PRELOGE PRI KONJICAH,SLOVENSKE KONJICE,SAVINJSKA
PRELOGE PRI ŠMARJU,ŠMARJE PRI JELŠAH,SAVINJSKA
PRELOKA,ČRNOMELJ,JUGOVZHODNA SLOVENIJA
PRELOŽE,ILIRSKA BISTRICA,PRIMORSKO-NOTRANJSKA
PRELOŽE PRI LOKVI,SEŽANA,OBALNO-KRAŠKA
PRELSKA,VELENJE,SAVINJSKA
PREM,ILIRSKA BISTRICA,PRIMORSKO-NOTRANJSKA
PREMAGOVCE,KRŠKO,POSAVSKA
PREMANČAN/PREMANZANO,KOPER/CAPODISTRIA,OBALNO-KRAŠKA
PREPOLJE,STARŠE,PODRAVSKA
PREPUŽ,SLOVENSKA BISTRICA,PODRAVSKA
PRERAD,DORNAVA,PODRAVSKA
PRESERJE,BRASLOVČE,SAVINJSKA
PRESERJE,BREZOVICA,OSREDNJESLOVENSKA
PRESERJE,NOVA GORICA,GORIŠKA
PRESERJE PRI KOMNU,KOMEN,OBALNO-KRAŠKA
PRESERJE PRI LUKOVICI,LUKOVICA,OSREDNJESLOVENSKA
PRESERJE PRI RADOMLJAH,DOMŽALE,OSREDNJESLOVENSKA
PRESERJE PRI ZLATEM POLJU,LUKOVICA,OSREDNJESLOVENSKA
PRESEČNO,DOBJE,SAVINJSKA
PRESIKA,LJUTOMER,POMURSKA
PRESKA,SEVNICA,POSAVSKA
PRESKA,SODRAŽICA,JUGOVZHODNA SLOVENIJA
PRESKA NAD KOSTREVNICO,ŠMARTNO PRI LITIJI,OSREDNJESLOVENSKA
PRESKA PRI DOBRNIČU,TREBNJE,JUGOVZHODNA SLOVENIJA
PRESLADOL,KRŠKO,POSAVSKA
PRESTRANEK,POSTOJNA,PRIMORSKO-NOTRANJSKA
PRETREŽ,SLOVENSKA BISTRICA,PODRAVSKA
PRETRŽ,MORAVČE,OSREDNJESLOVENSKA
PREVALE,LITIJA,ZASAVSKA
PREVALJE,LUKOVICA,OSREDNJESLOVENSKA
PREVALJE,PREVALJE,KOROŠKA
PREVALJE POD KRIMOM,BREZOVICA,OSREDNJESLOVENSKA
PREVEG,LITIJA,ZASAVSKA
PREVOJE,LUKOVICA,OSREDNJESLOVENSKA
PREVOJE PRI ŠENTVIDU,LUKOVICA,OSREDNJESLOVENSKA
PREVOLE,ŽUŽEMBERK,JUGOVZHODNA SLOVENIJA
PREZID,VRHNIKA,OSREDNJESLOVENSKA
PREZRENJE,RADOVLJICA,GORENJSKA
PREČNA,NOVO MESTO,JUGOVZHODNA SLOVENIJA
PREŠA,MAJŠPERK,PODRAVSKA
PREŠKI VRH,RAVNE NA KOROŠKEM,KOROŠKA
PREŠNA LOKA,SEVNICA,POSAVSKA
PREŠNICA,HRPELJE - KOZINA,OBALNO-KRAŠKA
PREŽA,KOČEVJE,JUGOVZHODNA SLOVENIJA
PREŽENJSKE NJIVE,LITIJA,ZASAVSKA
PREŽGANJE,LJUBLJANA,OSREDNJESLOVENSKA
PREŽIGAL,SLOVENSKE KONJICE,SAVINJSKA
PRHAJEVO,VELIKE LAŠČE,OSREDNJESLOVENSKA
PRI CERKVI - STRUGE,DOBREPOLJE,OSREDNJESLOVENSKA
PRIBINCI,ČRNOMELJ,JUGOVZHODNA SLOVENIJA
PRIBIŠJE,SEMIČ,JUGOVZHODNA SLOVENIJA
PRIGORICA,RIBNICA,JUGOVZHODNA SLOVENIJA
PRIHODI,JESENICE,GORENJSKA
PRIHOVA,NAZARJE,SAVINJSKA
PRIHOVA,OPLOTNICA,PODRAVSKA
PRIKRNICA,MORAVČE,OSREDNJESLOVENSKA
PRILESJE,LUKOVICA,OSREDNJESLOVENSKA
PRILESJE,VELIKE LAŠČE,OSREDNJESLOVENSKA
PRILESJE PRI PLAVAH,KANAL,GORIŠKA
PRILIPE,BREŽICE,POSAVSKA
PRILOZJE,METLIKA,JUGOVZHODNA SLOVENIJA
PRIMOSTEK,METLIKA,JUGOVZHODNA SLOVENIJA
PRIMOŽ,SEVNICA,POSAVSKA
PRIMOŽ PRI LJUBNEM,LJUBNO,SAVINJSKA
PRIMOŽ PRI ŠENTJURJU,ŠENTJUR,SAVINJSKA
PRIMOŽI,KOČEVJE,JUGOVZHODNA SLOVENIJA
PRIMSKOVO,ŠMARTNO PRI LITIJI,OSREDNJESLOVENSKA
PRIMČA VAS,IVANČNA GORICA,OSREDNJESLOVENSKA
PRIMŠTAL,TREBNJE,JUGOVZHODNA SLOVENIJA
PRISTAVA,BOROVNICA,OSREDNJESLOVENSKA
PRISTAVA,CIRKULANE,PODRAVSKA
PRISTAVA,LJUTOMER,POMURSKA
PRISTAVA,NOVA GORICA,GORIŠKA
PRISTAVA,NOVO MESTO,JUGOVZHODNA SLOVENIJA
PRISTAVA,SEŽANA,OBALNO-KRAŠKA
PRISTAVA,TRŽIČ,GORENJSKA
PRISTAVA,VOJNIK,SAVINJSKA
PRISTAVA NAD STIČNO,IVANČNA GORICA,OSREDNJESLOVENSKA
PRISTAVA OB KRKI,KRŠKO,POSAVSKA
PRISTAVA POD RAKO,KRŠKO,POSAVSKA
PRISTAVA PRI LESIČNEM,PODČETRTEK,SAVINJSKA
PRISTAVA PRI LESKOVCU,KRŠKO,POSAVSKA
PRISTAVA PRI MESTINJU,PODČETRTEK,SAVINJSKA
PRISTAVA PRI POLH. GRADCU,DOBROVA - POLHOV GRADEC,OSREDNJESLOVENSKA
PRISTAVA PRI VIŠNJI GORI,IVANČNA GORICA,OSREDNJESLOVENSKA
PRISTAVA PRI ŠENTJERNEJU,ŠENTJERNEJ,JUGOVZHODNA SLOVENIJA
PRISTAVICA,ROGAŠKA SLATINA,SAVINJSKA
PRISTAVICA,ŠENTJERNEJ,JUGOVZHODNA SLOVENIJA
PRISTAVICA PRI VEL. GABRU,TREBNJE,JUGOVZHODNA SLOVENIJA
PRISTAVLJA VAS,IVANČNA GORICA,OSREDNJESLOVENSKA
PRISTAVO,BRDA,GORIŠKA
PRISTOVA,DOBRNA,SAVINJSKA
PRNEK,ROGAŠKA SLATINA,SAVINJSKA
PROSENIŠKO,ŠENTJUR,SAVINJSKA
PROSENJAKOVCI/PARTOSFALVA,MORAVSKE TOPLICE,POMURSKA
PROSEČKA VAS,PUCONCI,POMURSKA
PROŽINSKA VAS,ŠTORE,SAVINJSKA
PRTOVČ,ŽELEZNIKI,GORENJSKA
PRUŠNJA VAS,KRŠKO,POSAVSKA
PRVAČINA,NOVA GORICA,GORIŠKA
PRVENCI,MARKOVCI,PODRAVSKA
PRVINE,LUKOVICA,OSREDNJESLOVENSKA
PRŠETINCI,SVETI TOMAŽ,PODRAVSKA
PTUJ,PTUJ,PODRAVSKA
PTUJSKA CESTA,GORNJA RADGONA,POMURSKA
PTUJSKA GORA,MAJŠPERK,PODRAVSKA
PUC,KOSTEL,JUGOVZHODNA SLOVENIJA
PUCONCI,PUCONCI,POMURSKA
PUDOB,LOŠKA DOLINA,PRIMORSKO-NOTRANJSKA
PUGLED,SEMIČ,JUGOVZHODNA SLOVENIJA
PUGLED PRI KARLOVICI,RIBNICA,JUGOVZHODNA SLOVENIJA
PUGLED PRI MOKRONOGU,MOKRONOG - TREBELNO,JUGOVZHODNA SLOVENIJA
PUGLED PRI STAREM LOGU,KOČEVJE,JUGOVZHODNA SLOVENIJA
PUNGERT,IVANČNA GORICA,OSREDNJESLOVENSKA
PUNGERT,LOŠKI POTOK,JUGOVZHODNA SLOVENIJA
PUNGERT,ŠKOFJA LOKA,GORENJSKA
PURGA,ČRNOMELJ,JUGOVZHODNA SLOVENIJA
PURKAČE,VELIKE LAŠČE,OSREDNJESLOVENSKA
PUSTI GRADEC,ČRNOMELJ,JUGOVZHODNA SLOVENIJA
PUSTI HRIB,RIBNICA,JUGOVZHODNA SLOVENIJA
PUSTI JAVOR,IVANČNA GORICA,OSREDNJESLOVENSKA
PUSTIKE,ŠMARJE PRI JELŠAH,SAVINJSKA
PUSTO POLJE,NAZARJE,SAVINJSKA
PUČE,KOPER/CAPODISTRIA,OBALNO-KRAŠKA
PUŠENCI,ORMOŽ,PODRAVSKA
PUŠTAL,ŠKOFJA LOKA,GORENJSKA
PUŠČA,MURSKA SOBOTA,POMURSKA
PUŠČAVA,LOVRENC NA POHORJU,PODRAVSKA
PUŠČAVA,MOKRONOG - TREBELNO,JUGOVZHODNA SLOVENIJA
PUŠČE,VELIKE LAŠČE,OSREDNJESLOVENSKA
PUŽEVCI,PUCONCI,POMURSKA
PŠAJNOVICA,KAMNIK,OSREDNJESLOVENSKA
PŠATA,CERKLJE NA GORENJSKEM,GORENJSKA
PŠATA,DOMŽALE,OSREDNJESLOVENSKA
PŠENIČNA POLICA,CERKLJE NA GORENJSKEM,GORENJSKA
PŠEVO,KRANJ,GORENJSKA
RADANA VAS,ZREČE,SAVINJSKA
RADANJA VAS,IVANČNA GORICA,OSREDNJESLOVENSKA
RADEGUNDA,MOZIRJE,SAVINJSKA
RADEHOVA,LENART,PODRAVSKA
RADELCA,RADLJE OB DRAVI,KOROŠKA
RADENCI,RADENCI,POMURSKA
RADENSKI VRH,RADENCI,POMURSKA
RADEČE,RADEČE,POSAVSKA
RADEŽ,SEVNICA,POSAVSKA
RADGONICA,LITIJA,ZASAVSKA
RADIZEL,HOČE - SLIVNICA,PODRAVSKA
RADKOVEC,SLOVENSKA BISTRICA,PODRAVSKA
RADLEK,BLOKE,PRIMORSKO-NOTRANJSKA
RADLJE OB DRAVI,RADLJE OB DRAVI,KOROŠKA
RADMIRJE,LJUBNO,SAVINJSKA
RADMOŽANCI/RADAMOS,LENDAVA/LENDVA,POMURSKA
RADNA,SEVNICA,POSAVSKA
RADNA VAS,MOKRONOG - TREBELNO,JUGOVZHODNA SLOVENIJA
RADOBLJE,LAŠKO,SAVINJSKA
RADOHOVA VAS,IVANČNA GORICA,OSREDNJESLOVENSKA
RADOMERJE,LJUTOMER,POMURSKA
RADOMERŠČAK,LJUTOMER,POMURSKA
RADOMLJE,DOMŽALE,OSREDNJESLOVENSKA
RADOSLAVCI,LJUTOMER,POMURSKA
RADOVCI,GRAD,POMURSKA
RADOVICA,METLIKA,JUGOVZHODNA SLOVENIJA
RADOVIČI,METLIKA,JUGOVZHODNA SLOVENIJA
RADOVLJA,ŠMARJEŠKE TOPLICE,JUGOVZHODNA SLOVENIJA
RADOVLJICA,RADOVLJICA,GORENJSKA
RADOVNA,GORJE,GORENJSKA
RADOŠI,METLIKA,JUGOVZHODNA SLOVENIJA
RADUHA,LUČE,SAVINJSKA
RADUŠE,SLOVENJ GRADEC,KOROŠKA
RADVENCI,GORNJA RADGONA,POMURSKA
RAFOLČE,LUKOVICA,OSREDNJESLOVENSKA
RAJEC,BREŽICE,POSAVSKA
RAJHENAV,KOČEVJE,JUGOVZHODNA SLOVENIJA
RAJNDOL,KOČEVJE,JUGOVZHODNA SLOVENIJA
RAJNKOVEC,ROGAŠKA SLATINA,SAVINJSKA
RAJNOVŠČE,NOVO MESTO,JUGOVZHODNA SLOVENIJA
RAJŠELE,KOSTEL,JUGOVZHODNA SLOVENIJA
RAKA,KRŠKO,POSAVSKA
RAKE,KOSTEL,JUGOVZHODNA SLOVENIJA
RAKEK,CERKNICA,PRIMORSKO-NOTRANJSKA
RAKITNA,BREZOVICA,OSREDNJESLOVENSKA
RAKITNICA,RIBNICA,JUGOVZHODNA SLOVENIJA
RAKITNIK,POSTOJNA,PRIMORSKO-NOTRANJSKA
RAKITOVEC,KOPER/CAPODISTRIA,OBALNO-KRAŠKA
RAKITOVEC,ŠENTJUR,SAVINJSKA
RAKIČAN,MURSKA SOBOTA,POMURSKA
RAKOV ŠKOCJAN,CERKNICA,PRIMORSKO-NOTRANJSKA
RAKOVA STEZA,VOJNIK,SAVINJSKA
RAKOVCI,SVETI TOMAŽ,PODRAVSKA
RAKOVEC,BREŽICE,POSAVSKA
RAKOVEC,METLIKA,JUGOVZHODNA SLOVENIJA
RAKOVEC,ŠMARJE PRI JELŠAH,SAVINJSKA
RAKOVICA,KRANJ,GORENJSKA
RAKOVLJE,BRASLOVČE,SAVINJSKA
RAKOVNIK,MEDVODE,OSREDNJESLOVENSKA
RAKOVNIK,ŠENTJERNEJ,JUGOVZHODNA SLOVENIJA
RAKOVNIK PRI BIRČNI VASI,NOVO MESTO,JUGOVZHODNA SLOVENIJA
RAKOVNIK PRI ŠENTRUPERTU,ŠENTRUPERT,JUGOVZHODNA SLOVENIJA
RAKULIK,POSTOJNA,PRIMORSKO-NOTRANJSKA
RANCA,PESNICA,PODRAVSKA
RANKOVCI,TIŠINA,POMURSKA
RANČE,RAČE - FRAM,PODRAVSKA
RAPLJEVO,DOBREPOLJE,OSREDNJESLOVENSKA
RASKOVEC,OPLOTNICA,PODRAVSKA
RATANSKA VAS,ROGAŠKA SLATINA,SAVINJSKA
RATEČE,KRANJSKA GORA,GORENJSKA
RATEČEVO BRDO,ILIRSKA BISTRICA,PRIMORSKO-NOTRANJSKA
RATEŽ,NOVO MESTO,JUGOVZHODNA SLOVENIJA
RATJE,ŽUŽEMBERK,JUGOVZHODNA SLOVENIJA
RATKOVCI,MORAVSKE TOPLICE,POMURSKA
RAVENSKA VAS,ZAGORJE OB SAVI,ZASAVSKA
RAVNA,KANAL,GORIŠKA
RAVNACE,METLIKA,JUGOVZHODNA SLOVENIJA
RAVNE,AJDOVŠČINA,GORIŠKA
RAVNE,CERKLJE NA GORENJSKEM,GORENJSKA
RAVNE,CERKNICA,PRIMORSKO-NOTRANJSKA
RAVNE,LITIJA,ZASAVSKA
RAVNE,MIRNA,JUGOVZHODNA SLOVENIJA
RAVNE,ŠOŠTANJ,SAVINJSKA
RAVNE,ŽELEZNIKI,GORENJSKA
RAVNE NA BLOKAH,BLOKE,PRIMORSKO-NOTRANJSKA
RAVNE NA KOROŠKEM,RAVNE NA KOROŠKEM,KOROŠKA
RAVNE NAD ŠENTRUPERTOM,ŠENTRUPERT,JUGOVZHODNA SLOVENIJA
RAVNE PRI CERKNEM,CERKNO,GORIŠKA
RAVNE PRI MLINŠAH,ZAGORJE OB SAVI,ZASAVSKA
RAVNE PRI ZDOLAH,KRŠKO,POSAVSKA
RAVNE PRI ŠMARTNEM,KAMNIK,OSREDNJESLOVENSKA
RAVNE PRI ŽIREH,ŽIRI,GORENJSKA
RAVNE V BOHINJU,BOHINJ,GORENJSKA
RAVNI,KRŠKO,POSAVSKA
RAVNI DOL,IVANČNA GORICA,OSREDNJESLOVENSKA
RAVNI DOL,SODRAŽICA,JUGOVZHODNA SLOVENIJA
RAVNICA,NOVA GORICA,GORIŠKA
RAVNICA,RADOVLJICA,GORENJSKA
RAVNIK,BLOKE,PRIMORSKO-NOTRANJSKA
RAVNIK,ŠENTRUPERT,JUGOVZHODNA SLOVENIJA
RAVNIK PRI HOTEDRŠICI,LOGATEC,OSREDNJESLOVENSKA
RAVNJE,SEŽANA,OBALNO-KRAŠKA
RAVNO,DOBJE,SAVINJSKA
RAVNO,KRŠKO,POSAVSKA
RAVNO BRDO,LJUBLJANA,OSREDNJESLOVENSKA
RAZBOR,SEVNICA,POSAVSKA
RAZBOR,ŠENTJUR,SAVINJSKA
RAZBOR PRI ČEMŠENIKU,ZAGORJE OB SAVI,ZASAVSKA
RAZBORCA,MISLINJA,KOROŠKA
RAZBORE,TREBNJE,JUGOVZHODNA SLOVENIJA
RAZBORE-K. O. JEŽNI VRH,ŠMARTNO PRI LITIJI,OSREDNJESLOVENSKA
RAZBORE-K. O. POLJANE - DEL,ŠMARTNO PRI LITIJI,OSREDNJESLOVENSKA
RAZDELJ,VOJNIK,SAVINJSKA
RAZDRTO,POSTOJNA,PRIMORSKO-NOTRANJSKA
RAZDRTO,ŠENTJERNEJ,JUGOVZHODNA SLOVENIJA
RAZGOR,VOJNIK,SAVINJSKA
RAZGOR PRI ŽABLJEKU,SLOVENSKA BISTRICA,PODRAVSKA
RAZGORCE,VOJNIK,SAVINJSKA
RAZGURI,SEŽANA,OBALNO-KRAŠKA
RAZKRIŽJE,RAZKRIŽJE,POMURSKA
RAZORI,DOBROVA - POLHOV GRADEC,OSREDNJESLOVENSKA
RAZPOTJE,IDRIJA,GORIŠKA
RAZPOTJE,ZAGORJE OB SAVI,ZASAVSKA
RAZTEZ,KRŠKO,POSAVSKA
RAZVANJE,MARIBOR,PODRAVSKA
RAČA,DOMŽALE,OSREDNJESLOVENSKA
RAČE,RAČE - FRAM,PODRAVSKA
RAČEVA,ŽIRI,GORENJSKA
RAČICA,SEVNICA,POSAVSKA
RAČICA,ŠMARTNO PRI LITIJI,OSREDNJESLOVENSKA
RAČICE,ILIRSKA BISTRICA,PRIMORSKO-NOTRANJSKA
RAČJA VAS,BREŽICE,POSAVSKA
RAČJE SELO,TREBNJE,JUGOVZHODNA SLOVENIJA
RAČKI VRH,RADENCI,POMURSKA
RAČNI VRH,DOMŽALE,OSREDNJESLOVENSKA
RAŠA,SEŽANA,OBALNO-KRAŠKA
RAŠICA,LJUBLJANA,OSREDNJESLOVENSKA
RAŠICA,VELIKE LAŠČE,OSREDNJESLOVENSKA
RDEČI BREG - DEL,LOVRENC NA POHORJU,PODRAVSKA
RDEČI BREG - DEL,PODVELKA,KOROŠKA
RDEČI KAL,IVANČNA GORICA,OSREDNJESLOVENSKA
RDEČI KAL,TREBNJE,JUGOVZHODNA SLOVENIJA
REBER,ŽUŽEMBERK,JUGOVZHODNA SLOVENIJA
REBER PRI ŠKOFLJICI,ŠKOFLJICA,OSREDNJESLOVENSKA
RECENJAK,LOVRENC NA POHORJU,PODRAVSKA
REJCOV GRIČ,IDRIJA,GORIŠKA
REKA,CERKNO,GORIŠKA
REKA,LAŠKO,SAVINJSKA
REMŠNIK,RADLJE OB DRAVI,KOROŠKA
RENKE,LITIJA,ZASAVSKA
RENKOVCI,TURNIŠČE,POMURSKA
RENČE,RENČE - VOGRSKO,GORIŠKA
REP,SLOVENSKA BISTRICA,PODRAVSKA
REPARJE,CERKNICA,PRIMORSKO-NOTRANJSKA
REPIŠČE,VIDEM,PODRAVSKA
REPLJE,TREBNJE,JUGOVZHODNA SLOVENIJA
REPNJE,VODICE,OSREDNJESLOVENSKA
REPNO,ŠENTJUR,SAVINJSKA
REPUŠ,DOBJE,SAVINJSKA
REPČE,LJUBLJANA,OSREDNJESLOVENSKA
REPČE,TREBNJE,JUGOVZHODNA SLOVENIJA
RESNIK,ZREČE,SAVINJSKA
RETEČE,ŠKOFJA LOKA,GORENJSKA
RETJE,LOŠKI POTOK,JUGOVZHODNA SLOVENIJA
RETJE NAD TRBOVLJAMI,TRBOVLJE,ZASAVSKA
RETNJE,TRŽIČ,GORENJSKA
REVA,TREBNJE,JUGOVZHODNA SLOVENIJA
REČICA,ILIRSKA BISTRICA,PRIMORSKO-NOTRANJSKA
REČICA OB PAKI,ŠMARTNO OB PAKI,SAVINJSKA
REČICA OB SAVINJI,REČICA OB SAVINJI,SAVINJSKA
REŠTANJ,KRŠKO,POSAVSKA
RIBJEK,MOKRONOG - TREBELNO,JUGOVZHODNA SLOVENIJA
RIBJEK,OSILNICA,JUGOVZHODNA SLOVENIJA
RIBNICA,BREŽICE,POSAVSKA
RIBNICA,PIVKA,PRIMORSKO-NOTRANJSKA
RIBNICA,RIBNICA,JUGOVZHODNA SLOVENIJA
RIBNICA NA POHORJU,RIBNICA NA POHORJU,KOROŠKA
RIBNIŠKO SELO,MARIBOR,PODRAVSKA
RIBNO,BLED,GORENJSKA
RIBČE,LITIJA,ZASAVSKA
RIBČEV LAZ,BOHINJ,GORENJSKA
RIFENGOZD,LAŠKO,SAVINJSKA
RIFNIK,ŠENTJUR,SAVINJSKA
RIGELJ PRI ORTNEKU,RIBNICA,JUGOVZHODNA SLOVENIJA
RIGONCE,BREŽICE,POSAVSKA
RIHARJEVEC,ŠMARTNO PRI LITIJI,OSREDNJESLOVENSKA
RIHPOVEC,TREBNJE,JUGOVZHODNA SLOVENIJA
RIHTAROVCI,RADENCI,POMURSKA
RIM,ČRNOMELJ,JUGOVZHODNA SLOVENIJA
RIMSKE TOPLICE,LAŠKO,SAVINJSKA
RINČETOVA GRABA,LJUTOMER,POMURSKA
RITMERK,ORMOŽ,PODRAVSKA
RITOMEČE,HRPELJE - KOZINA,OBALNO-KRAŠKA
RITOZNOJ,SLOVENSKA BISTRICA,PODRAVSKA
RIŽANA,KOPER/CAPODISTRIA,OBALNO-KRAŠKA
RJAVCI,SVETI ANDRAŽ V SLOV. GORICAH,PODRAVSKA
RJAVICA,ROGAŠKA SLATINA,SAVINJSKA
RJAVČE,ILIRSKA BISTRICA,PRIMORSKO-NOTRANJSKA
ROB,VELIKE LAŠČE,OSREDNJESLOVENSKA
ROBANOV KOT,SOLČAVA,SAVINJSKA
ROBIDIŠČE,KOBARID,GORIŠKA
ROBIDNI BREG,KANAL,GORIŠKA
ROBIDNICA,GORENJA VAS - POLJANE,GORENJSKA
ROBIČ,KOBARID,GORIŠKA
RODEŽ,ZAGORJE OB SAVI,ZASAVSKA
RODICA,DOMŽALE,OSREDNJESLOVENSKA
RODIK,HRPELJE - KOZINA,OBALNO-KRAŠKA
RODINE,ČRNOMELJ,JUGOVZHODNA SLOVENIJA
RODINE,ŽIROVNICA,GORENJSKA
RODINE PRI TREBNJEM,TREBNJE,JUGOVZHODNA SLOVENIJA
RODMOŠCI,GORNJA RADGONA,POMURSKA
RODNI VRH,PODLEHNIK,PODRAVSKA
ROGATEC,ROGATEC,SAVINJSKA
ROGATEC NAD ŽELIMLJAMI,IG,OSREDNJESLOVENSKA
ROGATI HRIB,KOČEVJE,JUGOVZHODNA SLOVENIJA
ROGAČICE,SEVNICA,POSAVSKA
ROGAŠKA SLATINA,ROGAŠKA SLATINA,SAVINJSKA
ROGAŠOVCI,ROGAŠOVCI,POMURSKA
ROGINSKA GORCA,PODČETRTEK,SAVINJSKA
ROGLA,ZREČE,SAVINJSKA
ROGOZA,HOČE - SLIVNICA,PODRAVSKA
ROGOZNICA,LENART,PODRAVSKA
ROJE,ŠENTJERNEJ,JUGOVZHODNA SLOVENIJA
ROJE PRI TREBELNEM,MOKRONOG - TREBELNO,JUGOVZHODNA SLOVENIJA
ROJE PRI ČATEŽU,TREBNJE,JUGOVZHODNA SLOVENIJA
ROPOČA,ROGAŠOVCI,POMURSKA
ROSALNICE,METLIKA,JUGOVZHODNA SLOVENIJA
ROTMAN,JURŠINCI,PODRAVSKA
ROVA,DOMŽALE,OSREDNJESLOVENSKA
ROVE,VOJNIK,SAVINJSKA
ROVE,ZAGORJE OB SAVI,ZASAVSKA
ROVIŠČE,ZAGORJE OB SAVI,ZASAVSKA
ROVIŠČE PRI STUDENCU,SEVNICA,POSAVSKA
ROVT,DOBROVA - POLHOV GRADEC,OSREDNJESLOVENSKA
ROVT POD MENINO,NAZARJE,SAVINJSKA
ROVTARSKE ŽIBRŠE,LOGATEC,OSREDNJESLOVENSKA
ROVTE,LOGATEC,OSREDNJESLOVENSKA
ROVTE,RADOVLJICA,GORENJSKA
ROVTE V SELŠKI DOLINI,ŠKOFJA LOKA,GORENJSKA
ROČE,TOLMIN,GORIŠKA
ROČEVNICA,TRŽIČ,GORENJSKA
ROČICA,PESNICA,PODRAVSKA
ROČINJ,KANAL,GORIŠKA
ROŠNJA,STARŠE,PODRAVSKA
ROŠPOH - DEL,KUNGOTA,PODRAVSKA
ROŠPOH - DEL,MARIBOR,PODRAVSKA
ROŽANEC,ČRNOMELJ,JUGOVZHODNA SLOVENIJA
ROŽANČE,BLOKE,PRIMORSKO-NOTRANJSKA
ROŽAR,KOPER/CAPODISTRIA,OBALNO-KRAŠKA
ROŽENBERK,ŠENTRUPERT,JUGOVZHODNA SLOVENIJA
ROŽENGRUNT,SVETA ANA,PODRAVSKA
ROŽENPELJ,TREBNJE,JUGOVZHODNA SLOVENIJA
ROŽICE,HRPELJE - KOZINA,OBALNO-KRAŠKA
ROŽIČ VRH,ČRNOMELJ,JUGOVZHODNA SLOVENIJA
ROŽIČKI VRH,SVETI JURIJ OB ŠČAVNICI,POMURSKA
ROŽIČNO,KAMNIK,OSREDNJESLOVENSKA
ROŽNA DOLINA,NOVA GORICA,GORIŠKA
ROŽNI DOL,SEMIČ,JUGOVZHODNA SLOVENIJA
ROŽNI VRH,CELJE,SAVINJSKA
ROŽNI VRH,TREBNJE,JUGOVZHODNA SLOVENIJA
ROŽNIK,GROSUPLJE,OSREDNJESLOVENSKA
ROŽNO,KRŠKO,POSAVSKA
RTIČE,ZAGORJE OB SAVI,ZASAVSKA
RUBIJE,KOMEN,OBALNO-KRAŠKA
RUCMANCI,SVETI TOMAŽ,PODRAVSKA
RUDNA VAS,RADEČE,POSAVSKA
RUDNICA,PODČETRTEK,SAVINJSKA
RUDNIK PRI MORAVČAH,MORAVČE,OSREDNJESLOVENSKA
RUDNIK PRI RADOMLJAH,KAMNIK,OSREDNJESLOVENSKA
RUDNO,ŽELEZNIKI,GORENJSKA
RUDOLFOVO,CERKNICA,PRIMORSKO-NOTRANJSKA
RUHNA VAS,ŠKOCJAN,JUGOVZHODNA SLOVENIJA
RUMANJA VAS,STRAŽA,JUGOVZHODNA SLOVENIJA
RUNARSKO,BLOKE,PRIMORSKO-NOTRANJSKA
RUNEČ,ORMOŽ,PODRAVSKA
RUNTOLE,CELJE,SAVINJSKA
RUPE,CELJE,SAVINJSKA
RUPE,VELIKE LAŠČE,OSREDNJESLOVENSKA
RUPERČE,MARIBOR,PODRAVSKA
RUT,TOLMIN,GORIŠKA
RUTA,LOVRENC NA POHORJU,PODRAVSKA
RUČETNA VAS,ČRNOMELJ,JUGOVZHODNA SLOVENIJA
RUŠE,RUŠE,PODRAVSKA
RUŠE,ŽALEC,SAVINJSKA
RŽIŠE,ZAGORJE OB SAVI,ZASAVSKA
RŽIŠČE,KOSTANJEVICA NA KRKI,POSAVSKA
RŽIŠČE,LITIJA,ZASAVSKA
SABONJE,ILIRSKA BISTRICA,PRIMORSKO-NOTRANJSKA
SAD,IVANČNA GORICA,OSREDNJESLOVENSKA
SADINJA VAS,LJUBLJANA,OSREDNJESLOVENSKA
SADINJA VAS PRI DVORU,ŽUŽEMBERK,JUGOVZHODNA SLOVENIJA
SADNI HRIB,KOČEVJE,JUGOVZHODNA SLOVENIJA
SAJENICE,MIRNA,JUGOVZHODNA SLOVENIJA
SAJEVCE,KOSTANJEVICA NA KRKI,POSAVSKA
SAJEVEC,RIBNICA,JUGOVZHODNA SLOVENIJA
SAJEVČE,POSTOJNA,PRIMORSKO-NOTRANJSKA
SAKSID,NOVA GORICA,GORIŠKA
SAKUŠAK,JURŠINCI,PODRAVSKA
SAMOTORICA,HORJUL,OSREDNJESLOVENSKA
SANABOR,VIPAVA,GORIŠKA
SAPNIK,KOSTEL,JUGOVZHODNA SLOVENIJA
SARSKO,IG,OSREDNJESLOVENSKA
SATAHOVCI,MURSKA SOBOTA,POMURSKA
SAVA,LITIJA,ZASAVSKA
SAVCI,SVETI TOMAŽ,PODRAVSKA
SAVICA,BOHINJ,GORENJSKA
SAVINA,LJUBNO,SAVINJSKA
SAVINSKO,MAKOLE,PODRAVSKA
SEBEBORCI,MORAVSKE TOPLICE,POMURSKA
SEBENJE,TRŽIČ,GORENJSKA
SEDLARJEVO,PODČETRTEK,SAVINJSKA
SEDLAŠEK,PODLEHNIK,PODRAVSKA
SEDLO,KOBARID,GORIŠKA
SEDRAŽ,LAŠKO,SAVINJSKA
SEGONJE,ŠKOCJAN,JUGOVZHODNA SLOVENIJA
SEGOVCI,APAČE,POMURSKA
SEJANCI,SVETI TOMAŽ,PODRAVSKA
SEJENICE,TREBNJE,JUGOVZHODNA SLOVENIJA
SEKIRIŠČE,VELIKE LAŠČE,OSREDNJESLOVENSKA
SELA,OSILNICA,JUGOVZHODNA SLOVENIJA
SELA,PODČETRTEK,SAVINJSKA
SELA,SEŽANA,OBALNO-KRAŠKA
SELA,VIDEM,PODRAVSKA
SELA,ŠMARJEŠKE TOPLICE,JUGOVZHODNA SLOVENIJA
SELA NA KRASU,MIREN - KOSTANJEVICA,GORIŠKA
SELA NAD PODMELCEM,TOLMIN,GORIŠKA
SELA PRI AJDOVCU,ŽUŽEMBERK,JUGOVZHODNA SLOVENIJA
SELA PRI DOBOVI,BREŽICE,POSAVSKA
SELA PRI DOBU,IVANČNA GORICA,OSREDNJESLOVENSKA
SELA PRI DOL. TOPLICAH,DOLENJSKE TOPLICE,JUGOVZHODNA SLOVENIJA
SELA PRI DRAGATUŠU,ČRNOMELJ,JUGOVZHODNA SLOVENIJA
SELA PRI HINJAH,ŽUŽEMBERK,JUGOVZHODNA SLOVENIJA
SELA PRI JUGORJU,METLIKA,JUGOVZHODNA SLOVENIJA
SELA PRI KAMNIKU,KAMNIK,OSREDNJESLOVENSKA
SELA PRI OTOVCU,ČRNOMELJ,JUGOVZHODNA SLOVENIJA
SELA PRI RAKI,KRŠKO,POSAVSKA
SELA PRI RATEŽU,NOVO MESTO,JUGOVZHODNA SLOVENIJA
SELA PRI SOBRAČAH,IVANČNA GORICA,OSREDNJESLOVENSKA
SELA PRI VIŠNJI GORI,IVANČNA GORICA,OSREDNJESLOVENSKA
SELA PRI VOLČAH,TOLMIN,GORIŠKA
SELA PRI VRČICAH,SEMIČ,JUGOVZHODNA SLOVENIJA
SELA PRI ZAJČJEM VRHU,NOVO MESTO,JUGOVZHODNA SLOVENIJA
SELA PRI ZBURAH,ŠMARJEŠKE TOPLICE,JUGOVZHODNA SLOVENIJA
SELA PRI ŠENTJERNEJU,ŠENTJERNEJ,JUGOVZHODNA SLOVENIJA
SELA PRI ŠMARJU,GROSUPLJE,OSREDNJESLOVENSKA
SELA PRI ŠTRAVBERKU,NOVO MESTO,JUGOVZHODNA SLOVENIJA
SELA PRI ŠUMBERKU,TREBNJE,JUGOVZHODNA SLOVENIJA
SELCA,ŽELEZNIKI,GORENJSKA
SELCE,LENART,PODRAVSKA
SELCE,LITIJA,ZASAVSKA
SELCE,LUKOVICA,OSREDNJESLOVENSKA
SELCE,PIVKA,PRIMORSKO-NOTRANJSKA
SELCE,TOLMIN,GORIŠKA
SELCE,VOJNIK,SAVINJSKA
SELCE NAD BLANCO,SEVNICA,POSAVSKA
SELCE PRI LESKOVCU,KRŠKO,POSAVSKA
SELCE PRI MORAVČAH,MORAVČE,OSREDNJESLOVENSKA
SELCE PRI ŠPEHARJIH,ČRNOMELJ,JUGOVZHODNA SLOVENIJA
SELE,SLOVENJ GRADEC,KOROŠKA
SELE,ŠENTJUR,SAVINJSKA
SELE - DEL,RAVNE NA KOROŠKEM,KOROŠKA
SELE PRI POLSKAVI,SLOVENSKA BISTRICA,PODRAVSKA
SELIŠČE,DOLENJSKE TOPLICE,JUGOVZHODNA SLOVENIJA
SELIŠČE,TOLMIN,GORIŠKA
SELIŠČI,SVETI JURIJ OB ŠČAVNICI,POMURSKA
SELNICA OB DRAVI,SELNICA OB DRAVI,PODRAVSKA
SELNICA OB MURI,ŠENTILJ,PODRAVSKA
SELNIK,IG,OSREDNJESLOVENSKA
SELO,AJDOVŠČINA,GORIŠKA
SELO,KRŠKO,POSAVSKA
SELO,MORAVSKE TOPLICE,POMURSKA
SELO,SEŽANA,OBALNO-KRAŠKA
SELO,ŽIRI,GORENJSKA
SELO NAD LAŠKIM,LAŠKO,SAVINJSKA
SELO NAD POLHOVIM GRADCEM,DOBROVA - POLHOV GRADEC,OSREDNJESLOVENSKA
SELO PRI BLEDU,BLED,GORENJSKA
SELO PRI IHANU,DOMŽALE,OSREDNJESLOVENSKA
SELO PRI KOSTELU,KOSTEL,JUGOVZHODNA SLOVENIJA
SELO PRI MIRNI,MIRNA,JUGOVZHODNA SLOVENIJA
SELO PRI MORAVČAH,MORAVČE,OSREDNJESLOVENSKA
SELO PRI PANCAH,LJUBLJANA,OSREDNJESLOVENSKA
SELO PRI RADOHOVI VASI,IVANČNA GORICA,OSREDNJESLOVENSKA
SELO PRI ROBU,VELIKE LAŠČE,OSREDNJESLOVENSKA
SELO PRI VODICAH,VODICE,OSREDNJESLOVENSKA
SELO PRI VRANSKEM,VRANSKO,SAVINJSKA
SELO PRI ZAGORICI,MIRNA PEČ,JUGOVZHODNA SLOVENIJA
SELO PRI ZAGORJU,ZAGORJE OB SAVI,ZASAVSKA
SELO PRI ŽIROVNICI,ŽIROVNICA,GORENJSKA
SELOVEC,DRAVOGRAD,KOROŠKA
SELSKA GORA,MIRNA,JUGOVZHODNA SLOVENIJA
SELSKI VRH,SLOVENSKE KONJICE,SAVINJSKA
SELŠEK,ŠMARTNO PRI LITIJI,OSREDNJESLOVENSKA
SELŠČEK,CERKNICA,PRIMORSKO-NOTRANJSKA
SEMIČ,SEMIČ,JUGOVZHODNA SLOVENIJA
SENADOLE,DIVAČA,OBALNO-KRAŠKA
SENADOLICE,SEŽANA,OBALNO-KRAŠKA
SENEŠCI,ORMOŽ,PODRAVSKA
SENIK,BRDA,GORIŠKA
SENIK,SVETI TOMAŽ,PODRAVSKA
SENIČICA,MEDVODE,OSREDNJESLOVENSKA
SENIČNO,TRŽIČ,GORENJSKA
SENIŠKI BREG,KANAL,GORIŠKA
SENOVICA,ŠMARJE PRI JELŠAH,SAVINJSKA
SENOVO,KRŠKO,POSAVSKA
SENOŽETE,KRŠKO,POSAVSKA
SENOŽETE,LAŠKO,SAVINJSKA
SENOŽETI,DOL PRI LJUBLJANI,OSREDNJESLOVENSKA
SENOŽETI,ZAGORJE OB SAVI,ZASAVSKA
SENOŽEČE,DIVAČA,OBALNO-KRAŠKA
SENUŠE,KRŠKO,POSAVSKA
SENČAK,SVETI TOMAŽ,PODRAVSKA
SENČAK PRI JURŠINCIH,JURŠINCI,PODRAVSKA
SERDICA,ROGAŠOVCI,POMURSKA
SERJUČE,MORAVČE,OSREDNJESLOVENSKA
SESTRŽE,MAJŠPERK,PODRAVSKA
SETNICA - DEL,DOBROVA - POLHOV GRADEC,OSREDNJESLOVENSKA
SETNICA - DEL,MEDVODE,OSREDNJESLOVENSKA
SETNIK,DOBROVA - POLHOV GRADEC,OSREDNJESLOVENSKA
SEVCE,LAŠKO,SAVINJSKA
SEVEC,SLOVENSKA BISTRICA,PODRAVSKA
SEVNICA,SEVNICA,POSAVSKA
SEVNO,NOVO MESTO,JUGOVZHODNA SLOVENIJA
SEVNO,ŠMARTNO PRI LITIJI,OSREDNJESLOVENSKA
SEČ,KOČEVJE,JUGOVZHODNA SLOVENIJA
SEČA/SEZZA,PIRAN/PIRANO,OBALNO-KRAŠKA
SEČJE SELO,ČRNOMELJ,JUGOVZHODNA SLOVENIJA
SEČOVLJE/SICCIOLE,PIRAN/PIRANO,OBALNO-KRAŠKA
SEŽANA,SEŽANA,OBALNO-KRAŠKA
SIDOL,KAMNIK,OSREDNJESLOVENSKA
SIDRAŽ,CERKLJE NA GORENJSKEM,GORENJSKA
SILOVA,VELENJE,SAVINJSKA
SILOVEC,BREŽICE,POSAVSKA
SINJA GORICA,VRHNIKA,OSREDNJESLOVENSKA
SINJI VRH,ČRNOMELJ,JUGOVZHODNA SLOVENIJA
SINOVICA,SODRAŽICA,JUGOVZHODNA SLOVENIJA
SIRČI,KOPER/CAPODISTRIA,OBALNO-KRAŠKA
SITAROVCI,LJUTOMER,POMURSKA
SITEŽ,MAJŠPERK,PODRAVSKA
SKADANŠČINA,HRPELJE - KOZINA,OBALNO-KRAŠKA
SKAKOVCI,CANKOVA,POMURSKA
SKARUČNA,VODICE,OSREDNJESLOVENSKA
SKOKE,MIKLAVŽ NA DRAVSKEM POLJU,PODRAVSKA
SKOMARJE,ZREČE,SAVINJSKA
SKOPO,SEŽANA,OBALNO-KRAŠKA
SKORBA,HAJDINA,PODRAVSKA
SKORIŠNJAK,VIDEM,PODRAVSKA
SKORNO,ŠMARTNO OB PAKI,SAVINJSKA
SKORNO PRI ŠOŠTANJU,ŠOŠTANJ,SAVINJSKA
SKRBLJE,MAJŠPERK,PODRAVSKA
SKRILJE,AJDOVŠČINA,GORIŠKA
SKROVNIK,SEVNICA,POSAVSKA
SLADKA GORA,ŠMARJE PRI JELŠAH,SAVINJSKA
SLADKI VRH,ŠENTILJ,PODRAVSKA
SLAMNA VAS,METLIKA,JUGOVZHODNA SLOVENIJA
SLAMNIKI,BLED,GORENJSKA
SLAMNJAK,LJUTOMER,POMURSKA
SLANCE,CELJE,SAVINJSKA
SLANČJI VRH,SEVNICA,POSAVSKA
SLAP,SEVNICA,POSAVSKA
SLAP,TRŽIČ,GORENJSKA
SLAP,VIPAVA,GORIŠKA
SLAP OB IDRIJCI,TOLMIN,GORIŠKA
SLAPE,MAJŠPERK,PODRAVSKA
SLAPNIK,BRDA,GORIŠKA
SLAPTINCI,SVETI JURIJ OB ŠČAVNICI,POMURSKA
SLATENIK,PESNICA,PODRAVSKA
SLATINA,CIRKULANE,PODRAVSKA
SLATINA,KUNGOTA,PODRAVSKA
SLATINA,ŠMARTNO OB PAKI,SAVINJSKA
SLATINA PRI DOBJEM,DOBJE,SAVINJSKA
SLATINA PRI PONIKVI,ŠENTJUR,SAVINJSKA
SLATINA V ROŽNI DOLINI,CELJE,SAVINJSKA
SLATINSKI DOL,KUNGOTA,PODRAVSKA
SLATNA,RADOVLJICA,GORENJSKA
SLATNIK,RIBNICA,JUGOVZHODNA SLOVENIJA
SLAVINA,LITIJA,ZASAVSKA
SLAVINA,POSTOJNA,PRIMORSKO-NOTRANJSKA
SLAVINJE,POSTOJNA,PRIMORSKO-NOTRANJSKA
SLAVSKI LAZ,KOSTEL,JUGOVZHODNA SLOVENIJA
SLAVČE,BRDA,GORIŠKA
SLAVŠINA,SVETI ANDRAŽ V SLOV. GORICAH,PODRAVSKA
SLEME,BLOKE,PRIMORSKO-NOTRANJSKA
SLEPŠEK,MOKRONOG - TREBELNO,JUGOVZHODNA SLOVENIJA
SLINOVCE,KOSTANJEVICA NA KRKI,POSAVSKA
SLIVICE,CERKNICA,PRIMORSKO-NOTRANJSKA
SLIVJE,HRPELJE - KOZINA,OBALNO-KRAŠKA
SLIVJE,KRŠKO,POSAVSKA
SLIVNA,LITIJA,ZASAVSKA
SLIVNICA PRI CELJU,ŠENTJUR,SAVINJSKA
SLIVNICA PRI MARIBORU,HOČE - SLIVNICA,PODRAVSKA
SLIVNIŠKO POHORJE,HOČE - SLIVNICA,PODRAVSKA
SLIVNO,LAŠKO,SAVINJSKA
SLOGONSKO,BREŽICE,POSAVSKA
SLOKA GORA,VELIKE LAŠČE,OSREDNJESLOVENSKA
SLOMI,DORNAVA,PODRAVSKA
SLOPE,HRPELJE - KOZINA,OBALNO-KRAŠKA
SLOVENJ GRADEC,SLOVENJ GRADEC,KOROŠKA
SLOVENJA VAS,HAJDINA,PODRAVSKA
SLOVENSKA BISTRICA,SLOVENSKA BISTRICA,PODRAVSKA
SLOVENSKA VAS,BREŽICE,POSAVSKA
SLOVENSKA VAS,KOČEVJE,JUGOVZHODNA SLOVENIJA
SLOVENSKA VAS,PIVKA,PRIMORSKO-NOTRANJSKA
SLOVENSKA VAS,ŠENTRUPERT,JUGOVZHODNA SLOVENIJA
SLOVENSKE KONJICE,SLOVENSKE KONJICE,SAVINJSKA
SLOVENSKI JAVORNIK,JESENICE,GORENJSKA
SLUGOVO,CERKNICA,PRIMORSKO-NOTRANJSKA
SMAST,KOBARID,GORIŠKA
SMEDNIK,KRŠKO,POSAVSKA
SMEČICE,KRŠKO,POSAVSKA
SMLEDNIK,MEDVODE,OSREDNJESLOVENSKA
SMOKUČ,ŽIROVNICA,GORENJSKA
SMOKVICA,KOPER/CAPODISTRIA,OBALNO-KRAŠKA
SMOLDNO,GORENJA VAS - POLJANE,GORENJSKA
SMOLENJA VAS,NOVO MESTO,JUGOVZHODNA SLOVENIJA
SMOLEVA,ŽELEZNIKI,GORENJSKA
SMOLINCI,CERKVENJAK,PODRAVSKA
SMOLNIK,DOBROVA - POLHOV GRADEC,OSREDNJESLOVENSKA
SMOLNIK,RUŠE,PODRAVSKA
SMREČJE,VRHNIKA,OSREDNJESLOVENSKA
SMREČJE V ČRNI,KAMNIK,OSREDNJESLOVENSKA
SMREČNO,SLOVENSKA BISTRICA,PODRAVSKA
SMRJE,ILIRSKA BISTRICA,PRIMORSKO-NOTRANJSKA
SMRJENE,ŠKOFLJICA,OSREDNJESLOVENSKA
SMUKA,KOČEVJE,JUGOVZHODNA SLOVENIJA
SNEŽATNO,BRDA,GORIŠKA
SNEŽEČE,BRDA,GORIŠKA
SNEŽNIK,ILIRSKA BISTRICA,PRIMORSKO-NOTRANJSKA
SNOVIK,KAMNIK,OSREDNJESLOVENSKA
SOBENJA VAS,BREŽICE,POSAVSKA
SOBETINCI,MARKOVCI,PODRAVSKA
SOBRAČE,IVANČNA GORICA,OSREDNJESLOVENSKA
SOCERB,KOPER/CAPODISTRIA,OBALNO-KRAŠKA
SOCKA,VOJNIK,SAVINJSKA
SODEVCI,ČRNOMELJ,JUGOVZHODNA SLOVENIJA
SODINCI,ORMOŽ,PODRAVSKA
SODIŠINCI,TIŠINA,POMURSKA
SODJI VRH,SEMIČ,JUGOVZHODNA SLOVENIJA
SODNA VAS,PODČETRTEK,SAVINJSKA
SODRAŽICA,SODRAŽICA,JUGOVZHODNA SLOVENIJA
SOJEK,SLOVENSKE KONJICE,SAVINJSKA
SOKOLIČI,KOPER/CAPODISTRIA,OBALNO-KRAŠKA
SOLKAN,NOVA GORICA,GORIŠKA
SOLČAVA,SOLČAVA,SAVINJSKA
SOPOTA,LITIJA,ZASAVSKA
SOPOTA,ZAGORJE OB SAVI,ZASAVSKA
SOPOTNICA,ŠKOFJA LOKA,GORENJSKA
SORA,MEDVODE,OSREDNJESLOVENSKA
SOTENSKO POD KALOBJEM,ŠENTJUR,SAVINJSKA
SOTENSKO PRI ŠMARJU,ŠMARJE PRI JELŠAH,SAVINJSKA
SOTESKA,DOLENJSKE TOPLICE,JUGOVZHODNA SLOVENIJA
SOTESKA,KAMNIK,OSREDNJESLOVENSKA
SOTESKA PRI MORAVČAH,MORAVČE,OSREDNJESLOVENSKA
SOTINA,ROGAŠOVCI,POMURSKA
SOVINEK,SEMIČ,JUGOVZHODNA SLOVENIJA
SOVINJA PEČ,KAMNIK,OSREDNJESLOVENSKA
SOVIČE,VIDEM,PODRAVSKA
SOVJAK,SVETI JURIJ OB ŠČAVNICI,POMURSKA
SOVJAK,TRNOVSKA VAS,PODRAVSKA
SOVODENJ,GORENJA VAS - POLJANE,GORENJSKA
SOVRA,ŽIRI,GORENJSKA
SOZE,ILIRSKA BISTRICA,PRIMORSKO-NOTRANJSKA
SOČA,BOVEC,GORIŠKA
SOČERGA,KOPER/CAPODISTRIA,OBALNO-KRAŠKA
SPODNJA BAČKOVA,BENEDIKT,PODRAVSKA
SPODNJA BELA,PREDDVOR,GORENJSKA
SPODNJA BESNICA,KRANJ,GORENJSKA
SPODNJA BILPA,KOČEVJE,JUGOVZHODNA SLOVENIJA
SPODNJA BRANICA,NOVA GORICA,GORIŠKA
SPODNJA BREŽNICA,POLJČANE,PODRAVSKA
SPODNJA DOBRAVA,MORAVČE,OSREDNJESLOVENSKA
SPODNJA DOBRAVA,RADOVLJICA,GORENJSKA
SPODNJA DRAGA,IVANČNA GORICA,OSREDNJESLOVENSKA
SPODNJA GORICA,RAČE - FRAM,PODRAVSKA
SPODNJA HAJDINA,HAJDINA,PODRAVSKA
SPODNJA IDRIJA,IDRIJA,GORIŠKA
SPODNJA JABLANICA,ŠMARTNO PRI LITIJI,OSREDNJESLOVENSKA
SPODNJA JAVORŠICA,MORAVČE,OSREDNJESLOVENSKA
SPODNJA KANOMLJA,IDRIJA,GORIŠKA
SPODNJA KAPLA,PODVELKA,KOROŠKA
SPODNJA KORENA,DUPLEK,PODRAVSKA
SPODNJA KOSTRIVNICA,ROGAŠKA SLATINA,SAVINJSKA
SPODNJA LIBNA,KRŠKO,POSAVSKA
SPODNJA LIPNICA,RADOVLJICA,GORENJSKA
SPODNJA LOŽNICA,SLOVENSKA BISTRICA,PODRAVSKA
SPODNJA LUŠA,ŠKOFJA LOKA,GORENJSKA
SPODNJA NOVA VAS,SLOVENSKA BISTRICA,PODRAVSKA
SPODNJA ORLICA,RADLJE OB DRAVI,KOROŠKA
SPODNJA POHANCA,BREŽICE,POSAVSKA
SPODNJA POLSKAVA,SLOVENSKA BISTRICA,PODRAVSKA
SPODNJA PONKVICA,ŠMARJE PRI JELŠAH,SAVINJSKA
SPODNJA PRISTAVA,SLOVENSKE KONJICE,SAVINJSKA
SPODNJA REČICA,LAŠKO,SAVINJSKA
SPODNJA REČICA,REČICA OB SAVINJI,SAVINJSKA
SPODNJA ROČICA,BENEDIKT,PODRAVSKA
SPODNJA SELNICA,SELNICA OB DRAVI,PODRAVSKA
SPODNJA SENARSKA,SVETA TROJICA V SLOV. GORICAH,PODRAVSKA
SPODNJA SENICA,MEDVODE,OSREDNJESLOVENSKA
SPODNJA SLIVNICA,GROSUPLJE,OSREDNJESLOVENSKA
SPODNJA SORICA,ŽELEZNIKI,GORENJSKA
SPODNJA SVEČA,MAJŠPERK,PODRAVSKA
SPODNJA VELKA,ŠENTILJ,PODRAVSKA
SPODNJA VIŽINGA,RADLJE OB DRAVI,KOROŠKA
SPODNJA VOLIČINA,LENART,PODRAVSKA
SPODNJA ŠČAVNICA,GORNJA RADGONA,POMURSKA
SPODNJE BITNJE,KRANJ,GORENJSKA
SPODNJE BLATO,GROSUPLJE,OSREDNJESLOVENSKA
SPODNJE BREZOVO,IVANČNA GORICA,OSREDNJESLOVENSKA
SPODNJE DANJE,ŽELEZNIKI,GORENJSKA
SPODNJE DOBRENJE,PESNICA,PODRAVSKA
SPODNJE DULE,KRŠKO,POSAVSKA
SPODNJE DUPLICE,GROSUPLJE,OSREDNJESLOVENSKA
SPODNJE DUPLJE,NAKLO,GORENJSKA
SPODNJE GAMELJNE,LJUBLJANA,OSREDNJESLOVENSKA
SPODNJE GORJE,GORJE,GORENJSKA
SPODNJE GORČE,BRASLOVČE,SAVINJSKA
SPODNJE GRUŠKOVJE,PODLEHNIK,PODRAVSKA
SPODNJE GRUŠOVJE,SLOVENSKE KONJICE,SAVINJSKA
SPODNJE GRUŠOVLJE,ŽALEC,SAVINJSKA
SPODNJE HLAPJE,PESNICA,PODRAVSKA
SPODNJE HOČE,HOČE - SLIVNICA,PODRAVSKA
SPODNJE JABLANE,KIDRIČEVO,PODRAVSKA
SPODNJE JARŠE,DOMŽALE,OSREDNJESLOVENSKA
SPODNJE JELENJE,LITIJA,ZASAVSKA
SPODNJE JEZERSKO,JEZERSKO,GORENJSKA
SPODNJE KONJIŠČE,APAČE,POMURSKA
SPODNJE KOSEZE,LUKOVICA,OSREDNJESLOVENSKA
SPODNJE KRAŠE,NAZARJE,SAVINJSKA
SPODNJE LAZE,GORJE,GORENJSKA
SPODNJE LAŽE,SLOVENSKE KONJICE,SAVINJSKA
SPODNJE LOKE,LUKOVICA,OSREDNJESLOVENSKA
SPODNJE MESTINJE,ŠMARJE PRI JELŠAH,SAVINJSKA
SPODNJE MLADETIČE,SEVNICA,POSAVSKA
SPODNJE NEGONJE,ROGAŠKA SLATINA,SAVINJSKA
SPODNJE PALOVČE,KAMNIK,OSREDNJESLOVENSKA
SPODNJE PARTINJE,LENART,PODRAVSKA
SPODNJE PIJAVŠKO,KRŠKO,POSAVSKA
SPODNJE PIRNIČE,MEDVODE,OSREDNJESLOVENSKA
SPODNJE POBREŽJE,REČICA OB SAVINJI,SAVINJSKA
SPODNJE POLJČANE,POLJČANE,PODRAVSKA
SPODNJE PRAPREČE,LUKOVICA,OSREDNJESLOVENSKA
SPODNJE PREBUKOVJE,SLOVENSKA BISTRICA,PODRAVSKA
SPODNJE PRELOGE,SLOVENSKE KONJICE,SAVINJSKA
SPODNJE ROJE,ŽALEC,SAVINJSKA
SPODNJE SELCE,ŠMARJE PRI JELŠAH,SAVINJSKA
SPODNJE SEČOVO,ROGAŠKA SLATINA,SAVINJSKA
SPODNJE SLEMENE,ŠENTJUR,SAVINJSKA
SPODNJE STRANICE,ZREČE,SAVINJSKA
SPODNJE STRANJE,KAMNIK,OSREDNJESLOVENSKA
SPODNJE TINSKO,ŠMARJE PRI JELŠAH,SAVINJSKA
SPODNJE VERJANE,SVETA TROJICA V SLOV. GORICAH,PODRAVSKA
SPODNJE VETRNO,TRŽIČ,GORENJSKA
SPODNJE VODALE,SEVNICA,POSAVSKA
SPODNJE VRTIČE,KUNGOTA,PODRAVSKA
SPODNJE ŠKOFIJE,KOPER/CAPODISTRIA,OBALNO-KRAŠKA
SPODNJI BOČ,SELNICA OB DRAVI,PODRAVSKA
SPODNJI BRNIK,CERKLJE NA GORENJSKEM,GORENJSKA
SPODNJI DOLIČ,VITANJE,SAVINJSKA
SPODNJI DUPLEK,DUPLEK,PODRAVSKA
SPODNJI GABERNIK,ROGAŠKA SLATINA,SAVINJSKA
SPODNJI GAJ PRI PRAGERSKEM,KIDRIČEVO,PODRAVSKA
SPODNJI GASTERAJ,SVETI JURIJ V SLOV. GORICAH,PODRAVSKA
SPODNJI HOTIČ,LITIJA,ZASAVSKA
SPODNJI IVANJCI,GORNJA RADGONA,POMURSKA
SPODNJI JAKOBSKI DOL,PESNICA,PODRAVSKA
SPODNJI JERNEJ,SLOVENSKE KONJICE,SAVINJSKA
SPODNJI KAMENŠČAK,LJUTOMER,POMURSKA
SPODNJI KLJUČAROVCI,ORMOŽ,PODRAVSKA
SPODNJI KOCJAN,RADENCI,POMURSKA
SPODNJI LESKOVEC,VIDEM,PODRAVSKA
SPODNJI LOG,KOČEVJE,JUGOVZHODNA SLOVENIJA
SPODNJI LOG,LITIJA,ZASAVSKA
SPODNJI OTOK,RADOVLJICA,GORENJSKA
SPODNJI PETELINJEK,LUKOVICA,OSREDNJESLOVENSKA
SPODNJI PORČIČ,LENART,PODRAVSKA
SPODNJI PREKAR,MORAVČE,OSREDNJESLOVENSKA
SPODNJI RAZBOR,SLOVENJ GRADEC,KOROŠKA
SPODNJI SLEMEN,SELNICA OB DRAVI,PODRAVSKA
SPODNJI STARI GRAD,KRŠKO,POSAVSKA
SPODNJI TUŠTANJ,MORAVČE,OSREDNJESLOVENSKA
SPODNJI VELOVLEK,PTUJ,PODRAVSKA
SPODNJI VRSNIK,IDRIJA,GORIŠKA
SPODNJI ČAČIČ,OSILNICA,JUGOVZHODNA SLOVENIJA
SPODNJI ŠEMNIK,ZAGORJE OB SAVI,ZASAVSKA
SPODNJI ŽERJAVCI,LENART,PODRAVSKA
SPUHLJA,PTUJ,PODRAVSKA
SRAKOVLJE,KRANJ,GORENJSKA
SREBOTJE,ŠENTILJ,PODRAVSKA
SREBRNIK,BISTRICA OB SOTLI,POSAVSKA
SREBRNIČE,NOVO MESTO,JUGOVZHODNA SLOVENIJA
SREDGORA,SEMIČ,JUGOVZHODNA SLOVENIJA
SREDIŠČE OB DRAVI,SREDIŠČE OB DRAVI,PODRAVSKA
SREDIŠČE/SZERDAHALY,MORAVSKE TOPLICE,POMURSKA
SREDNIK,SEVNICA,POSAVSKA
SREDNJA BELA,PREDDVOR,GORENJSKA
SREDNJA BISTRICA,ČRENŠOVCI,POMURSKA
SREDNJA DOBRAVA,RADOVLJICA,GORENJSKA
SREDNJA KANOMLJA,IDRIJA,GORIŠKA
SREDNJA VAS,RADOVLJICA,GORENJSKA
SREDNJA VAS,SEMIČ,JUGOVZHODNA SLOVENIJA
SREDNJA VAS - GORIČE,KRANJ,GORENJSKA
SREDNJA VAS - LOŠKI POTOK,LOŠKI POTOK,JUGOVZHODNA SLOVENIJA
SREDNJA VAS - POLJANE,GORENJA VAS - POLJANE,GORENJSKA
SREDNJA VAS PRI DRAGI,LOŠKI POTOK,JUGOVZHODNA SLOVENIJA
SREDNJA VAS PRI KAMNIKU,KAMNIK,OSREDNJESLOVENSKA
SREDNJA VAS PRI POLH. GRAD.,DOBROVA - POLHOV GRADEC,OSREDNJESLOVENSKA
SREDNJA VAS PRI ŠENČURJU,ŠENČUR,GORENJSKA
SREDNJA VAS V BOHINJU,BOHINJ,GORENJSKA
SREDNJE,MARIBOR,PODRAVSKA
SREDNJE ARTO,KRŠKO,POSAVSKA
SREDNJE BITNJE,KRANJ,GORENJSKA
SREDNJE BRDO,GORENJA VAS - POLJANE,GORENJSKA
SREDNJE GAMELJNE,LJUBLJANA,OSREDNJESLOVENSKA
SREDNJE GRČEVJE,NOVO MESTO,JUGOVZHODNA SLOVENIJA
SREDNJE JARŠE,DOMŽALE,OSREDNJESLOVENSKA
SREDNJE LAKNICE,MOKRONOG - TREBELNO,JUGOVZHODNA SLOVENIJA
SREDNJE PIJAVŠKO,KRŠKO,POSAVSKA
SREDNJI DOLIČ,MISLINJA,KOROŠKA
SREDNJI GASTERAJ,SVETI JURIJ V SLOV. GORICAH,PODRAVSKA
SREDNJI GLOBODOL,MIRNA PEČ,JUGOVZHODNA SLOVENIJA
SREDNJI LIPOVEC,ŽUŽEMBERK,JUGOVZHODNA SLOVENIJA
SREDNJI POTOK,KOSTEL,JUGOVZHODNA SLOVENIJA
SREDNJI RADENCI,ČRNOMELJ,JUGOVZHODNA SLOVENIJA
SREDNJI VRH,DOBROVA - POLHOV GRADEC,OSREDNJESLOVENSKA
SREDNJI VRH,KRANJSKA GORA,GORENJSKA
SREMIČ,KRŠKO,POSAVSKA
SRGAŠI,KOPER/CAPODISTRIA,OBALNO-KRAŠKA
SRNJAK,VELIKE LAŠČE,OSREDNJESLOVENSKA
SROBOTNIK OB KOLPI,KOSTEL,JUGOVZHODNA SLOVENIJA
SROBOTNIK PRI VEL. LAŠČAH,VELIKE LAŠČE,OSREDNJESLOVENSKA
SROMLJE,BREŽICE,POSAVSKA
SRPENICA,BOVEC,GORIŠKA
SRŽEVICA,ŠENTJUR,SAVINJSKA
STAHOVICA,KAMNIK,OSREDNJESLOVENSKA
STAJE,IG,OSREDNJESLOVENSKA
STAN,MIRNA,JUGOVZHODNA SLOVENIJA
STANETINCI,CERKVENJAK,PODRAVSKA
STANETINCI,SVETI JURIJ OB ŠČAVNICI,POMURSKA
STANEČKA VAS,MAJŠPERK,PODRAVSKA
STANEŽIČE,LJUBLJANA,OSREDNJESLOVENSKA
STANIŠE,ŠKOFJA LOKA,GORENJSKA
STANJEVCI,GORNJI PETROVCI,POMURSKA
STANKOVO,BREŽICE,POSAVSKA
STANOVIŠČE,KOBARID,GORIŠKA
STANOVNO,ORMOŽ,PODRAVSKA
STANOVSKO,POLJČANE,PODRAVSKA
STANOŠINA,PODLEHNIK,PODRAVSKA
STARA BUČKA,ŠKOCJAN,JUGOVZHODNA SLOVENIJA
STARA CERKEV,KOČEVJE,JUGOVZHODNA SLOVENIJA
STARA CESTA,LJUTOMER,POMURSKA
STARA FUŽINA,BOHINJ,GORENJSKA
STARA GORA,BENEDIKT,PODRAVSKA
STARA GORA,MIRNA,JUGOVZHODNA SLOVENIJA
STARA GORA,NOVA GORICA,GORIŠKA
STARA GORA,SVETI JURIJ OB ŠČAVNICI,POMURSKA
STARA GORA PRI VEL.GABRU,ŠMARTNO PRI LITIJI,OSREDNJESLOVENSKA
STARA GORA PRI ŠENTILJU,ŠENTILJ,PODRAVSKA
STARA LIPA,ČRNOMELJ,JUGOVZHODNA SLOVENIJA
STARA LOKA,ŠKOFJA LOKA,GORENJSKA
STARA NOVA VAS,KRIŽEVCI,POMURSKA
STARA OSELICA,GORENJA VAS - POLJANE,GORENJSKA
STARA SELA,KAMNIK,OSREDNJESLOVENSKA
STARA SUŠICA,PIVKA,PRIMORSKO-NOTRANJSKA
STARA VAS,POSTOJNA,PRIMORSKO-NOTRANJSKA
STARA VAS - BIZELJSKO,BREŽICE,POSAVSKA
STARA VRHNIKA,VRHNIKA,OSREDNJESLOVENSKA
STARE SLEMENE,SLOVENSKE KONJICE,SAVINJSKA
STARE ŽAGE,DOLENJSKE TOPLICE,JUGOVZHODNA SLOVENIJA
STARI BREG,KOČEVJE,JUGOVZHODNA SLOVENIJA
STARI DVOR,RADEČE,POSAVSKA
STARI GRAD,KRŠKO,POSAVSKA
STARI GRAD,MAKOLE,PODRAVSKA
STARI GRAD V PODBOČJU,KRŠKO,POSAVSKA
STARI KOT,LOŠKI POTOK,JUGOVZHODNA SLOVENIJA
STARI LOG,KOČEVJE,JUGOVZHODNA SLOVENIJA
STARI LOG,SLOVENSKA BISTRICA,PODRAVSKA
STARI TRG,IVANČNA GORICA,OSREDNJESLOVENSKA
STARI TRG,SLOVENJ GRADEC,KOROŠKA
STARI TRG OB KOLPI,ČRNOMELJ,JUGOVZHODNA SLOVENIJA
STARI TRG PRI LOŽU,LOŠKA DOLINA,PRIMORSKO-NOTRANJSKA
STARIHOV VRH,SEMIČ,JUGOVZHODNA SLOVENIJA
STARO BREZJE,KOČEVJE,JUGOVZHODNA SLOVENIJA
STARO SELO,KOBARID,GORIŠKA
STAROD,ILIRSKA BISTRICA,PRIMORSKO-NOTRANJSKA
STAROŠINCE,KIDRIČEVO,PODRAVSKA
STARŠE,STARŠE,PODRAVSKA
STAVEŠINCI,GORNJA RADGONA,POMURSKA
STAVEŠINSKI VRH,GORNJA RADGONA,POMURSKA
STAVČA VAS,ŽUŽEMBERK,JUGOVZHODNA SLOVENIJA
STEBLJEVEK,KAMNIK,OSREDNJESLOVENSKA
STEGNE,MORAVČE,OSREDNJESLOVENSKA
STEHANJA VAS,TREBNJE,JUGOVZHODNA SLOVENIJA
STELNIK,KOSTEL,JUGOVZHODNA SLOVENIJA
STENICA,VITANJE,SAVINJSKA
STEPANI,KOPER/CAPODISTRIA,OBALNO-KRAŠKA
STESKE,NOVA GORICA,GORIŠKA
STIRPNIK,ŠKOFJA LOKA,GORENJSKA
STIČNA,IVANČNA GORICA,OSREDNJESLOVENSKA
STIŠKA VAS,CERKLJE NA GORENJSKEM,GORENJSKA
STOGOVCI,APAČE,POMURSKA
STOGOVCI,MAJŠPERK,PODRAVSKA
STOJANSKI VRH,BREŽICE,POSAVSKA
STOJNCI,MARKOVCI,PODRAVSKA
STOLNIK,KAMNIK,OSREDNJESLOVENSKA
STOLOVNIK,KRŠKO,POSAVSKA
STOMAŽ,AJDOVŠČINA,GORIŠKA
STOMAŽ,SEŽANA,OBALNO-KRAŠKA
STOPCE,LAŠKO,SAVINJSKA
STOPE,VELIKE LAŠČE,OSREDNJESLOVENSKA
STOPERCE,MAJŠPERK,PODRAVSKA
STOPIČE,NOVO MESTO,JUGOVZHODNA SLOVENIJA
STOPNIK,TOLMIN,GORIŠKA
STOPNIK,VRANSKO,SAVINJSKA
STOPNO,MAKOLE,PODRAVSKA
STOPNO,ŠKOCJAN,JUGOVZHODNA SLOVENIJA
STOPČE,ŠENTJUR,SAVINJSKA
STRAHINJ,NAKLO,GORENJSKA
STRAHOMER,IG,OSREDNJESLOVENSKA
STRAHOVLJE,ZAGORJE OB SAVI,ZASAVSKA
STRAJNA,PODLEHNIK,PODRAVSKA
STRANE,POSTOJNA,PRIMORSKO-NOTRANJSKA
STRANICE,ZREČE,SAVINJSKA
STRANJE,KRŠKO,POSAVSKA
STRANJE,ŠMARJE PRI JELŠAH,SAVINJSKA
STRANJE PRI DOBRNIČU,TREBNJE,JUGOVZHODNA SLOVENIJA
STRANJE PRI VELIKEM GABRU,TREBNJE,JUGOVZHODNA SLOVENIJA
STRANJE PRI ŠKOCJANU,ŠKOCJAN,JUGOVZHODNA SLOVENIJA
STRANSKA VAS,DOBROVA - POLHOV GRADEC,OSREDNJESLOVENSKA
STRANSKA VAS,NOVO MESTO,JUGOVZHODNA SLOVENIJA
STRANSKA VAS OB VIŠNJICI,IVANČNA GORICA,OSREDNJESLOVENSKA
STRANSKA VAS PRI SEMIČU,SEMIČ,JUGOVZHODNA SLOVENIJA
STRANSKE MAKOLE,MAKOLE,PODRAVSKA
STRANSKI VRH,LITIJA,ZASAVSKA
STRAŠKA GORCA,ŠENTJUR,SAVINJSKA
STRAŽA,CERKNO,GORIŠKA
STRAŽA,LUKOVICA,OSREDNJESLOVENSKA
STRAŽA,STRAŽA,JUGOVZHODNA SLOVENIJA
STRAŽA,ŠENTRUPERT,JUGOVZHODNA SLOVENIJA
STRAŽA NA GORI,ŠENTJUR,SAVINJSKA
STRAŽA PRI DOLU,VOJNIK,SAVINJSKA
STRAŽA PRI KRŠKEM,KRŠKO,POSAVSKA
STRAŽA PRI MORAVČAH,MORAVČE,OSREDNJESLOVENSKA
STRAŽA PRI NOVI CERKVI,VOJNIK,SAVINJSKA
STRAŽA PRI OPLOTNICI,OPLOTNICA,PODRAVSKA
STRAŽA PRI RAKI,KRŠKO,POSAVSKA
STRAŽE,LENART,PODRAVSKA
STRAŽGONJCA,KIDRIČEVO,PODRAVSKA
STRAŽICA,VOJNIK,SAVINJSKA
STRAŽIŠČE,CERKNICA,PRIMORSKO-NOTRANJSKA
STRAŽIŠČE,PREVALJE,KOROŠKA
STRAŽIŠČE,RAVNE NA KOROŠKEM,KOROŠKA
STRAŽNJI VRH,ČRNOMELJ,JUGOVZHODNA SLOVENIJA
STREHOVCI,DOBROVNIK/DOBRONAK,POMURSKA
STREJACI,DORNAVA,PODRAVSKA
STRELAC,ŠMARJEŠKE TOPLICE,JUGOVZHODNA SLOVENIJA
STRELCI,MARKOVCI,PODRAVSKA
STRENSKO,LAŠKO,SAVINJSKA
STREZETINA,ORMOŽ,PODRAVSKA
STRJANCI,ORMOŽ,PODRAVSKA
STRLETJE,VELIKE LAŠČE,OSREDNJESLOVENSKA
STRMCA,BLOKE,PRIMORSKO-NOTRANJSKA
STRMCA,LAŠKO,SAVINJSKA
STRMCA,POSTOJNA,PRIMORSKO-NOTRANJSKA
STRMEC,IDRIJA,GORIŠKA
STRMEC,LITIJA,ZASAVSKA
STRMEC,LUČE,SAVINJSKA
STRMEC,VELIKE LAŠČE,OSREDNJESLOVENSKA
STRMEC NA PREDELU,BOVEC,GORIŠKA
STRMEC NAD DOBRNO,DOBRNA,SAVINJSKA
STRMEC PRI DESTRNIKU,DESTRNIK,PODRAVSKA
STRMEC PRI LESKOVCU,VIDEM,PODRAVSKA
STRMEC PRI ORMOŽU,ORMOŽ,PODRAVSKA
STRMEC PRI POLENŠAKU,DORNAVA,PODRAVSKA
STRMEC PRI SV. FLORIJANU,ROGAŠKA SLATINA,SAVINJSKA
STRMICA,VRHNIKA,OSREDNJESLOVENSKA
STRMICA,ŠKOFJA LOKA,GORENJSKA
STRMO REBRO,KRŠKO,POSAVSKA
STRNIŠČE,KIDRIČEVO,PODRAVSKA
STROJIČI,OSILNICA,JUGOVZHODNA SLOVENIJA
STROJNA,RAVNE NA KOROŠKEM,KOROŠKA
STROČJA VAS,LJUTOMER,POMURSKA
STRTENICA,ŠMARJE PRI JELŠAH,SAVINJSKA
STRTENIK,SLOVENSKE KONJICE,SAVINJSKA
STRUG,MAKOLE,PODRAVSKA
STRUKOVCI,PUCONCI,POMURSKA
STRUNJAN/STRUGNANO,PIRAN/PIRANO,OBALNO-KRAŠKA
STRUŽNICA,KOSTEL,JUGOVZHODNA SLOVENIJA
STRŽIŠČE,SEVNICA,POSAVSKA
STRŽIŠČE,TOLMIN,GORIŠKA
STUDENA GORA,ILIRSKA BISTRICA,PRIMORSKO-NOTRANJSKA
STUDENCA,KAMNIK,OSREDNJESLOVENSKA
STUDENCE,HRASTNIK,ZASAVSKA
STUDENCE,ŽALEC,SAVINJSKA
STUDENEC,POSTOJNA,PRIMORSKO-NOTRANJSKA
STUDENEC,SEVNICA,POSAVSKA
STUDENEC,TREBNJE,JUGOVZHODNA SLOVENIJA
STUDENEC NA BLOKAH,BLOKE,PRIMORSKO-NOTRANJSKA
STUDENEC PRI KRTINI,DOMŽALE,OSREDNJESLOVENSKA
STUDENICE,POLJČANE,PODRAVSKA
STUDENO,POSTOJNA,PRIMORSKO-NOTRANJSKA
STUDENO,ŽELEZNIKI,GORENJSKA
STUDENO NA BLOKAH,BLOKE,PRIMORSKO-NOTRANJSKA
STUDENČICE,MEDVODE,OSREDNJESLOVENSKA
STUDENČICE,RADOVLJICA,GORENJSKA
STUDOR,GORENJA VAS - POLJANE,GORENJSKA
STUDOR V BOHINJU,BOHINJ,GORENJSKA
SUHA,ŠKOFJA LOKA,GORENJSKA
SUHA PRI PREDOSLJAH,KRANJ,GORENJSKA
SUHADOL,LAŠKO,SAVINJSKA
SUHADOL,SLOVENSKE KONJICE,SAVINJSKA
SUHADOLE,KOMENDA,OSREDNJESLOVENSKA
SUHADOLE,LITIJA,ZASAVSKA
SUHI POTOK,KOČEVJE,JUGOVZHODNA SLOVENIJA
SUHI VRH,MORAVSKE TOPLICE,POMURSKA
SUHI VRH,PREVALJE,KOROŠKA
SUHO,DOBJE,SAVINJSKA
SUHOR,KOSTEL,JUGOVZHODNA SLOVENIJA
SUHOR,NOVO MESTO,JUGOVZHODNA SLOVENIJA
SUHOR PRI DOL. TOPLICAH,DOLENJSKE TOPLICE,JUGOVZHODNA SLOVENIJA
SUHORJE,PIVKA,PRIMORSKO-NOTRANJSKA
SUŠA,GORENJA VAS - POLJANE,GORENJSKA
SUŠA,IG,OSREDNJESLOVENSKA
SUŠA,LUKOVICA,OSREDNJESLOVENSKA
SUŠAK,ILIRSKA BISTRICA,PRIMORSKO-NOTRANJSKA
SUŠICA,IVANČNA GORICA,OSREDNJESLOVENSKA
SUŠJE,RIBNICA,JUGOVZHODNA SLOVENIJA
SUŽID,KOBARID,GORIŠKA
SV. ANA V SLOV. GORICAH,SVETA ANA,PODRAVSKA
SV. ANDREJ,ŠKOFJA LOKA,GORENJSKA
SV. ANTON,KOPER/CAPODISTRIA,OBALNO-KRAŠKA
SV. ANTON NA POHORJU,RADLJE OB DRAVI,KOROŠKA
SV. BARBARA,ŠKOFJA LOKA,GORENJSKA
SV. BOŠTJAN,DRAVOGRAD,KOROŠKA
SV. DANIJEL,DRAVOGRAD,KOROŠKA
SV. DUH,DRAVOGRAD,KOROŠKA
SV. DUH,ŠKOFJA LOKA,GORENJSKA
SV. DUH NA OSTREM VRHU,SELNICA OB DRAVI,PODRAVSKA
SV. EMA,PODČETRTEK,SAVINJSKA
SV. FLORIJAN,ROGAŠKA SLATINA,SAVINJSKA
SV. GREGOR,RIBNICA,JUGOVZHODNA SLOVENIJA
SV. JERNEJ NAD MUTO,MUTA,KOROŠKA
SV. JURIJ,ROGATEC,SAVINJSKA
SV. LENART,ŠKOFJA LOKA,GORENJSKA
SV. LOVRENC,PREBOLD,SAVINJSKA
SV. OŽBOLT,ŠKOFJA LOKA,GORENJSKA
SV. PETER,PIRAN/PIRANO,OBALNO-KRAŠKA
SV. PETRA HRIB,ŠKOFJA LOKA,GORENJSKA
SV. PRIMOŽ NA POHORJU,VUZENICA,KOROŠKA
SV. PRIMOŽ NAD MUTO,MUTA,KOROŠKA
SV. TOMAŽ,ŠKOFJA LOKA,GORENJSKA
SV. TRIJE KRALJI,RADLJE OB DRAVI,KOROŠKA
SV. TRIJE KRALJI V SLOV. GOR.,BENEDIKT,PODRAVSKA
SV. TROJICA,DOMŽALE,OSREDNJESLOVENSKA
SV. TROJICA V SLOV. GORICAH,SVETA TROJICA V SLOV. GORICAH,PODRAVSKA
SV. VID,VUZENICA,KOROŠKA
SV. VRH,MOKRONOG - TREBELNO,JUGOVZHODNA SLOVENIJA
SVETA ANA PRI LOŽU,LOŠKA DOLINA,PRIMORSKO-NOTRANJSKA
SVETA GORA,NOVA GORICA,GORIŠKA
SVETA PLANINA,TRBOVLJE,ZASAVSKA
SVETA TROJICA,BLOKE,PRIMORSKO-NOTRANJSKA
SVETELKA,ŠENTJUR,SAVINJSKA
SVETI ANDREJ,MORAVČE,OSREDNJESLOVENSKA
SVETI DUH,BLOKE,PRIMORSKO-NOTRANJSKA
SVETI FLORIJAN NAD ŠKOFJO LOKO,ŠKOFJA LOKA,GORENJSKA
SVETI JERNEJ,SLOVENSKE KONJICE,SAVINJSKA
SVETI JOŠT NAD KRANJEM,KRANJ,GORENJSKA
SVETI JURIJ,ROGAŠOVCI,POMURSKA
SVETI JURIJ OB ŠČAVNICI,SVETI JURIJ OB ŠČAVNICI,POMURSKA
SVETI LENART,CERKLJE NA GORENJSKEM,GORENJSKA
SVETI TOMAŽ,SVETI TOMAŽ,PODRAVSKA
SVETI VID,CERKNICA,PRIMORSKO-NOTRANJSKA
SVETI ŠTEFAN,ŠMARJE PRI JELŠAH,SAVINJSKA
SVETINA,ŠTORE,SAVINJSKA
SVETINCI,DESTRNIK,PODRAVSKA
SVETINJA,TREBNJE,JUGOVZHODNA SLOVENIJA
SVETINJE,ORMOŽ,PODRAVSKA
SVETLI DOL,ŠTORE,SAVINJSKA
SVETLI POTOK,KOČEVJE,JUGOVZHODNA SLOVENIJA
SVETO,KOMEN,OBALNO-KRAŠKA
SVEČANE,ŠENTILJ,PODRAVSKA
SVEČINA,KUNGOTA,PODRAVSKA
SVIBNIK,ČRNOMELJ,JUGOVZHODNA SLOVENIJA
SVIBNO,RADEČE,POSAVSKA
SVINJSKO,SEVNICA,POSAVSKA
SVINO,KOBARID,GORIŠKA
SVRŽAKI,METLIKA,JUGOVZHODNA SLOVENIJA
TABOR,NOVA GORICA,GORIŠKA
TABOR,SEŽANA,OBALNO-KRAŠKA
TABOR,TABOR,SAVINJSKA
TAJHTE,ŠENTJUR,SAVINJSKA
TALČJI VRH,ČRNOMELJ,JUGOVZHODNA SLOVENIJA
TANČA GORA,ČRNOMELJ,JUGOVZHODNA SLOVENIJA
TATINEC,KRANJ,GORENJSKA
TATRE,HRPELJE - KOZINA,OBALNO-KRAŠKA
TAVŽLJE,CERKNICA,PRIMORSKO-NOTRANJSKA
TEHARJE,CELJE,SAVINJSKA
TEHOVEC,MEDVODE,OSREDNJESLOVENSKA
TEKAČEVO,ROGAŠKA SLATINA,SAVINJSKA
TELČE,SEVNICA,POSAVSKA
TELČICE,SEVNICA,POSAVSKA
TEMENICA,IVANČNA GORICA,OSREDNJESLOVENSKA
TEMLJINE,TOLMIN,GORIŠKA
TEMNICA,MIREN - KOSTANJEVICA,GORIŠKA
TENETIŠE,KRANJ,GORENJSKA
TENETIŠE,LITIJA,ZASAVSKA
TEPANJE,SLOVENSKE KONJICE,SAVINJSKA
TEPANJSKI VRH,SLOVENSKE KONJICE,SAVINJSKA
TEPE,LITIJA,ZASAVSKA
TER,LJUBNO,SAVINJSKA
TERBEGOVCI,SVETI JURIJ OB ŠČAVNICI,POMURSKA
TEVČE,AJDOVŠČINA,GORIŠKA
TEVČE,LAŠKO,SAVINJSKA
TEŠANOVCI,MORAVSKE TOPLICE,POMURSKA
TEŠOVA,VRANSKO,SAVINJSKA
TIBOLCI,GORIŠNICA,PODRAVSKA
TIHABOJ,LITIJA,ZASAVSKA
TINJAN,KOPER/CAPODISTRIA,OBALNO-KRAŠKA
TINJSKA GORA,SLOVENSKA BISTRICA,PODRAVSKA
TIRNA,ZAGORJE OB SAVI,ZASAVSKA
TISOVEC,DOBREPOLJE,OSREDNJESLOVENSKA
TIŠENPOLJ,KOSTEL,JUGOVZHODNA SLOVENIJA
TIŠINA,TIŠINA,POMURSKA
TLAKA,LITIJA,ZASAVSKA
TLAKE,GROSUPLJE,OSREDNJESLOVENSKA
TLAKE,ROGATEC,SAVINJSKA
TODRAŽ,GORENJA VAS - POLJANE,GORENJSKA
TOLMIN,TOLMIN,GORIŠKA
TOLMINSKE RAVNE,TOLMIN,GORIŠKA
TOLMINSKI LOM,TOLMIN,GORIŠKA
TOLSTI VRH,LITIJA,ZASAVSKA
TOLSTI VRH,SLOVENSKE KONJICE,SAVINJSKA
TOLSTI VRH,ŠENTJERNEJ,JUGOVZHODNA SLOVENIJA
TOLSTI VRH P. R. NA K. - DEL,DRAVOGRAD,KOROŠKA
TOLSTI VRH P. R. NA K. - DEL,RAVNE NA KOROŠKEM,KOROŠKA
TOLSTI VRH PRI MISLINJI,MISLINJA,KOROŠKA
TOLČANE,IVANČNA GORICA,OSREDNJESLOVENSKA
TOMAJ,SEŽANA,OBALNO-KRAŠKA
TOMAČEVICA,KOMEN,OBALNO-KRAŠKA
TOMAŠKA VAS,SLOVENJ GRADEC,KOROŠKA
TOMAŽ NAD VOJNIKOM,VOJNIK,SAVINJSKA
TOMAŽINI,VELIKE LAŠČE,OSREDNJESLOVENSKA
TOMAŽJA VAS,ŠKOCJAN,JUGOVZHODNA SLOVENIJA
TOMINJE,ILIRSKA BISTRICA,PRIMORSKO-NOTRANJSKA
TOMIŠELJ,IG,OSREDNJESLOVENSKA
TOPLA,ČRNA NA KOROŠKEM,KOROŠKA
TOPLA REBER,KOČEVJE,JUGOVZHODNA SLOVENIJA
TOPOL,BLOKE,PRIMORSKO-NOTRANJSKA
TOPOL PRI BEGUNJAH,CERKNICA,PRIMORSKO-NOTRANJSKA
TOPOL PRI MEDVODAH,MEDVODE,OSREDNJESLOVENSKA
TOPOLC,ILIRSKA BISTRICA,PRIMORSKO-NOTRANJSKA
TOPOLE,MENGEŠ,OSREDNJESLOVENSKA
TOPOLE,ROGAŠKA SLATINA,SAVINJSKA
TOPOLJE,ŽELEZNIKI,GORENJSKA
TOPOLOVCI,CANKOVA,POMURSKA
TOPOLOVEC,KOPER/CAPODISTRIA,OBALNO-KRAŠKA
TOPOLOVEC,ŠMARJE PRI JELŠAH,SAVINJSKA
TOPOLOVO,KOZJE,SAVINJSKA
TOPOLŠICA,ŠOŠTANJ,SAVINJSKA
TOPOVLJE,BRASLOVČE,SAVINJSKA
TORKA,ŽELEZNIKI,GORENJSKA
TOROVO,VODICE,OSREDNJESLOVENSKA
TOVSTO,LAŠKO,SAVINJSKA
TOŠKO ČELO,LJUBLJANA,OSREDNJESLOVENSKA
TRATA,ŠKOFJA LOKA,GORENJSKA
TRATA PRI VELESOVEM,CERKLJE NA GORENJSKEM,GORENJSKA
TRATE,ŠENTILJ,PODRAVSKA
TRATNA OB VOGLAJNI,ŠENTJUR,SAVINJSKA
TRATNA PRI GROBELNEM,ŠENTJUR,SAVINJSKA
TRAVA,LOŠKI POTOK,JUGOVZHODNA SLOVENIJA
TRAVNA GORA,SODRAŽICA,JUGOVZHODNA SLOVENIJA
TRAVNI DOL,NOVO MESTO,JUGOVZHODNA SLOVENIJA
TRAVNIK,CERKNO,GORIŠKA
TRAVNIK,LOŠKI POTOK,JUGOVZHODNA SLOVENIJA
TRBINC,MIRNA,JUGOVZHODNA SLOVENIJA
TRBOJE,ŠENČUR,GORENJSKA
TRBONJE,DRAVOGRAD,KOROŠKA
TRBOVLJE,TRBOVLJE,ZASAVSKA
TRDKOVA,KUZMA,POMURSKA
TRDOBOJCI,VIDEM,PODRAVSKA
TREBANJSKI VRH,TREBNJE,JUGOVZHODNA SLOVENIJA
TREBELNO,MOKRONOG - TREBELNO,JUGOVZHODNA SLOVENIJA
TREBELNO PRI PALOVČAH,KAMNIK,OSREDNJESLOVENSKA
TREBENČE,CERKNO,GORIŠKA
TREBEŠE,KOPER/CAPODISTRIA,OBALNO-KRAŠKA
TREBEŽ,BREŽICE,POSAVSKA
TREBEŽ,IVANČNA GORICA,OSREDNJESLOVENSKA
TREBIJA,GORENJA VAS - POLJANE,GORENJSKA
TREBIŽANI,KOMEN,OBALNO-KRAŠKA
TREBNJA GORICA,IVANČNA GORICA,OSREDNJESLOVENSKA
TREBNJE,TREBNJE,JUGOVZHODNA SLOVENIJA
TREBNJI VRH,SEMIČ,JUGOVZHODNA SLOVENIJA
TREBČA VAS,ŽUŽEMBERK,JUGOVZHODNA SLOVENIJA
TREBČE,BISTRICA OB SOTLI,POSAVSKA
TREMERJE,CELJE,SAVINJSKA
TRENTA,BOVEC,GORIŠKA
TRGOVIŠČE,ORMOŽ,PODRAVSKA
TRIBAN,KOPER/CAPODISTRIA,OBALNO-KRAŠKA
TRIBEJ,DRAVOGRAD,KOROŠKA
TRIBUČE,ČRNOMELJ,JUGOVZHODNA SLOVENIJA
TRIMLINI/HARMASMALOM,LENDAVA/LENDVA,POMURSKA
TRLIČNO,ROGATEC,SAVINJSKA
TRNAVA,BRASLOVČE,SAVINJSKA
TRNIČE,STARŠE,PODRAVSKA
TRNJAVA,LUKOVICA,OSREDNJESLOVENSKA
TRNJE,PIVKA,PRIMORSKO-NOTRANJSKA
TRNJE,TREBNJE,JUGOVZHODNA SLOVENIJA
TRNJE,ČRENŠOVCI,POMURSKA
TRNJE,ŠKOFJA LOKA,GORENJSKA
TRNO,ŠENTJUR,SAVINJSKA
TRNOV HRIB,LAŠKO,SAVINJSKA
TRNOVCI,SVETI TOMAŽ,PODRAVSKA
TRNOVEC,KOČEVJE,JUGOVZHODNA SLOVENIJA
TRNOVEC,MEDVODE,OSREDNJESLOVENSKA
TRNOVEC,METLIKA,JUGOVZHODNA SLOVENIJA
TRNOVEC,REČICA OB SAVINJI,SAVINJSKA
TRNOVEC,SEVNICA,POSAVSKA
TRNOVEC,VIDEM,PODRAVSKA
TRNOVEC PRI DRAMLJAH,ŠENTJUR,SAVINJSKA
TRNOVEC PRI SLOVENSKI BISTRICI,SLOVENSKA BISTRICA,PODRAVSKA
TRNOVICA,IVANČNA GORICA,OSREDNJESLOVENSKA
TRNOVLJE PRI CELJU,CELJE,SAVINJSKA
TRNOVLJE PRI SOCKI,VOJNIK,SAVINJSKA
TRNOVO,LAŠKO,SAVINJSKA
TRNOVO,NOVA GORICA,GORIŠKA
TRNOVO OB SOČI,KOBARID,GORIŠKA
TRNOVSKA VAS,TRNOVSKA VAS,PODRAVSKA
TRNOVSKI VRH,TRNOVSKA VAS,PODRAVSKA
TRNOVČE,LUKOVICA,OSREDNJESLOVENSKA
TROBELNO,KAMNIK,OSREDNJESLOVENSKA
TROBLJE,SLOVENJ GRADEC,KOROŠKA
TROBNI DOL,LAŠKO,SAVINJSKA
TROJANE,LUKOVICA,OSREDNJESLOVENSKA
TROJNO,LAŠKO,SAVINJSKA
TROPOVCI,TIŠINA,POMURSKA
TROTKOVA,BENEDIKT,PODRAVSKA
TROŠČINE,GROSUPLJE,OSREDNJESLOVENSKA
TRPČANE,ILIRSKA BISTRICA,PRIMORSKO-NOTRANJSKA
TRSEK,KOPER/CAPODISTRIA,OBALNO-KRAŠKA
TRSTENIK,BENEDIKT,PODRAVSKA
TRSTENIK,KRANJ,GORENJSKA
TRSTENIK,ORMOŽ,PODRAVSKA
TRSTENIK,ŠENTRUPERT,JUGOVZHODNA SLOVENIJA
TRTNIK,TOLMIN,GORIŠKA
TRUŠKE,KOPER/CAPODISTRIA,OBALNO-KRAŠKA
TRZIN,TRZIN,OSREDNJESLOVENSKA
TRČKOV GRIČ,VRHNIKA,OSREDNJESLOVENSKA
TRČOVA,MARIBOR,PODRAVSKA
TRŠKA GORA,KRŠKO,POSAVSKA
TRŠKA GORA,NOVO MESTO,JUGOVZHODNA SLOVENIJA
TRŠKA GORCA,ŠENTJUR,SAVINJSKA
TRŠČINA,SEVNICA,POSAVSKA
TRŽEC,VIDEM,PODRAVSKA
TRŽIČ,DOBREPOLJE,OSREDNJESLOVENSKA
TRŽIČ,TRŽIČ,GORENJSKA
TRŽIŠČE,ROGAŠKA SLATINA,SAVINJSKA
TRŽIŠČE,SEVNICA,POSAVSKA
TUBLJE PRI HRPELJAH,HRPELJE - KOZINA,OBALNO-KRAŠKA
TUBLJE PRI KOMNU,SEŽANA,OBALNO-KRAŠKA
TUJI GRM,LJUBLJANA,OSREDNJESLOVENSKA
TULJAKI,KOPER/CAPODISTRIA,OBALNO-KRAŠKA
TUNCOVEC,ROGAŠKA SLATINA,SAVINJSKA
TUNJICE,KAMNIK,OSREDNJESLOVENSKA
TUNJIŠKA MLAKA,KAMNIK,OSREDNJESLOVENSKA
TUPALIČE,PREDDVOR,GORENJSKA
TUPELČE,KOMEN,OBALNO-KRAŠKA
TURIŠKA VAS,SLOVENJ GRADEC,KOROŠKA
TURIŠKA VAS NA POHORJU,SLOVENSKA BISTRICA,PODRAVSKA
TURJAK,VELIKE LAŠČE,OSREDNJESLOVENSKA
TURJANCI,RADENCI,POMURSKA
TURJANSKI VRH,RADENCI,POMURSKA
TURJE,HRASTNIK,ZASAVSKA
TURNIŠČE,TURNIŠČE,POMURSKA
TURNO,ŠENTJUR,SAVINJSKA
TURNŠE,DOMŽALE,OSREDNJESLOVENSKA
TURŠKI VRH,ZAVRČ,PODRAVSKA
TUČNA,KAMNIK,OSREDNJESLOVENSKA
TUŠEV DOL,ČRNOMELJ,JUGOVZHODNA SLOVENIJA
UDJE,GROSUPLJE,OSREDNJESLOVENSKA
UDMAT,LAŠKO,SAVINJSKA
UGOVEC,OPLOTNICA,PODRAVSKA
UKANC,BOHINJ,GORENJSKA
UKANJE,KANAL,GORIŠKA
ULAKA,BLOKE,PRIMORSKO-NOTRANJSKA
ULAKA,VELIKE LAŠČE,OSREDNJESLOVENSKA
UNEC,CERKNICA,PRIMORSKO-NOTRANJSKA
UNIČNO,HRASTNIK,ZASAVSKA
UNIŠE,ŠENTJUR,SAVINJSKA
URH,SLOVENSKA BISTRICA,PODRAVSKA
URŠLJA GORA,RAVNE NA KOROŠKEM,KOROŠKA
URŠNA SELA,NOVO MESTO,JUGOVZHODNA SLOVENIJA
USTJE,AJDOVŠČINA,GORIŠKA
UTIK,VODICE,OSREDNJESLOVENSKA
UTOVLJE,SEŽANA,OBALNO-KRAŠKA
UZMANI,VELIKE LAŠČE,OSREDNJESLOVENSKA
UČAK,LUKOVICA,OSREDNJESLOVENSKA
UČAKOVCI,ČRNOMELJ,JUGOVZHODNA SLOVENIJA
V ZIDEH,LUKOVICA,OSREDNJESLOVENSKA
VADARCI,PUCONCI,POMURSKA
VADIČE,TRŽIČ,GORENJSKA
VAJGEN,PESNICA,PODRAVSKA
VALBURGA,MEDVODE,OSREDNJESLOVENSKA
VALE,KOMEN,OBALNO-KRAŠKA
VALIČNA VAS,IVANČNA GORICA,OSREDNJESLOVENSKA
VALTERSKI VRH,ŠKOFJA LOKA,GORENJSKA
VANETINA,CERKVENJAK,PODRAVSKA
VANEČA,PUCONCI,POMURSKA
VANGANEL,KOPER/CAPODISTRIA,OBALNO-KRAŠKA
VANČA VAS,TIŠINA,POMURSKA
VARDA,SVETI JURIJ V SLOV. GORICAH,PODRAVSKA
VAREJA,VIDEM,PODRAVSKA
VAREJE,DIVAČA,OBALNO-KRAŠKA
VAROŠ,MAKOLE,PODRAVSKA
VARPOLJE,REČICA OB SAVINJI,SAVINJSKA
VAS,KOSTEL,JUGOVZHODNA SLOVENIJA
VAS,RADLJE OB DRAVI,KOROŠKA
VASENO,KAMNIK,OSREDNJESLOVENSKA
VATOVLJE,DIVAČA,OBALNO-KRAŠKA
VAVPČA VAS PRI DOBRNIČU,TREBNJE,JUGOVZHODNA SLOVENIJA
VAVTA VAS,STRAŽA,JUGOVZHODNA SLOVENIJA
VAČE,LITIJA,ZASAVSKA
VAŠCA,CERKLJE NA GORENJSKEM,GORENJSKA
VAŠE,MEDVODE,OSREDNJESLOVENSKA
VEDRIJAN,BRDA,GORIŠKA
VEJAR,TREBNJE,JUGOVZHODNA SLOVENIJA
VEJICE,ŠENTJUR,SAVINJSKA
VELENJE,VELENJE,SAVINJSKA
VELESOVO,CERKLJE NA GORENJSKEM,GORENJSKA
VELIKA BRDA,POSTOJNA,PRIMORSKO-NOTRANJSKA
VELIKA BUKOVICA,ILIRSKA BISTRICA,PRIMORSKO-NOTRANJSKA
VELIKA DOBRAVA,IVANČNA GORICA,OSREDNJESLOVENSKA
VELIKA DOLINA,BREŽICE,POSAVSKA
VELIKA GOBA,LITIJA,ZASAVSKA
VELIKA HUBAJNICA,SEVNICA,POSAVSKA
VELIKA ILOVA GORA,GROSUPLJE,OSREDNJESLOVENSKA
VELIKA KOSTREVNICA,ŠMARTNO PRI LITIJI,OSREDNJESLOVENSKA
VELIKA LAHINJA,ČRNOMELJ,JUGOVZHODNA SLOVENIJA
VELIKA LAŠNA,KAMNIK,OSREDNJESLOVENSKA
VELIKA LIGOJNA,VRHNIKA,OSREDNJESLOVENSKA
VELIKA LOKA,GROSUPLJE,OSREDNJESLOVENSKA
VELIKA LOKA,TREBNJE,JUGOVZHODNA SLOVENIJA
VELIKA NEDELJA,ORMOŽ,PODRAVSKA
VELIKA PIREŠICA,ŽALEC,SAVINJSKA
VELIKA PLANINA,KAMNIK,OSREDNJESLOVENSKA
VELIKA POLANA,VELIKA POLANA,POMURSKA
VELIKA PRESKA,LITIJA,ZASAVSKA
VELIKA PRISTAVA,PIVKA,PRIMORSKO-NOTRANJSKA
VELIKA RAVEN,VOJNIK,SAVINJSKA
VELIKA RAČNA,GROSUPLJE,OSREDNJESLOVENSKA
VELIKA SELA,ČRNOMELJ,JUGOVZHODNA SLOVENIJA
VELIKA SLEVICA,VELIKE LAŠČE,OSREDNJESLOVENSKA
VELIKA STARA VAS,GROSUPLJE,OSREDNJESLOVENSKA
VELIKA STRMICA,MOKRONOG - TREBELNO,JUGOVZHODNA SLOVENIJA
VELIKA VARNICA,VIDEM,PODRAVSKA
VELIKA VAS,MORAVČE,OSREDNJESLOVENSKA
VELIKA VAS PRI KRŠKEM,KRŠKO,POSAVSKA
VELIKA ŠEVNICA,TREBNJE,JUGOVZHODNA SLOVENIJA
VELIKA ŠTANGA,ŠMARTNO PRI LITIJI,OSREDNJESLOVENSKA
VELIKE BLOKE,BLOKE,PRIMORSKO-NOTRANJSKA
VELIKE BRUSNICE,NOVO MESTO,JUGOVZHODNA SLOVENIJA
VELIKE DOLE,TREBNJE,JUGOVZHODNA SLOVENIJA
VELIKE DOLE PRI TEMENICI,IVANČNA GORICA,OSREDNJESLOVENSKA
VELIKE GORELCE,LAŠKO,SAVINJSKA
VELIKE GRAHOVŠE,LAŠKO,SAVINJSKA
VELIKE KOMPOLJE,IVANČNA GORICA,OSREDNJESLOVENSKA
VELIKE LAŠČE,VELIKE LAŠČE,OSREDNJESLOVENSKA
VELIKE LESE,IVANČNA GORICA,OSREDNJESLOVENSKA
VELIKE LIPLJENE,GROSUPLJE,OSREDNJESLOVENSKA
VELIKE LOČE,HRPELJE - KOZINA,OBALNO-KRAŠKA
VELIKE MALENCE,BREŽICE,POSAVSKA
VELIKE PECE,IVANČNA GORICA,OSREDNJESLOVENSKA
VELIKE POLJANE,RIBNICA,JUGOVZHODNA SLOVENIJA
VELIKE POLJANE,ŠKOCJAN,JUGOVZHODNA SLOVENIJA
VELIKE REBRCE,IVANČNA GORICA,OSREDNJESLOVENSKA
VELIKE RODNE,ROGAŠKA SLATINA,SAVINJSKA
VELIKE VODENICE,KOSTANJEVICA NA KRKI,POSAVSKA
VELIKE VRHE,IVANČNA GORICA,OSREDNJESLOVENSKA
VELIKE ČEŠNJICE,IVANČNA GORICA,OSREDNJESLOVENSKA
VELIKE ŽABLJE,AJDOVŠČINA,GORIŠKA
VELIKI BAN,ŠENTJERNEJ,JUGOVZHODNA SLOVENIJA
VELIKI BOČ,SELNICA OB DRAVI,PODRAVSKA
VELIKI BREBROVNIK,ORMOŽ,PODRAVSKA
VELIKI CEROVEC,NOVO MESTO,JUGOVZHODNA SLOVENIJA
VELIKI CIRNIK,SEVNICA,POSAVSKA
VELIKI DOL,KRŠKO,POSAVSKA
VELIKI DOL,SEŽANA,OBALNO-KRAŠKA
VELIKI GABER,TREBNJE,JUGOVZHODNA SLOVENIJA
VELIKI HRIB,KAMNIK,OSREDNJESLOVENSKA
VELIKI JELNIK,LUKOVICA,OSREDNJESLOVENSKA
VELIKI KAL,IVANČNA GORICA,OSREDNJESLOVENSKA
VELIKI KAL,MIRNA PEČ,JUGOVZHODNA SLOVENIJA
VELIKI KAMEN,KRŠKO,POSAVSKA
VELIKI KOREN,KRŠKO,POSAVSKA
VELIKI KORINJ,IVANČNA GORICA,OSREDNJESLOVENSKA
VELIKI LIPOGLAV,LJUBLJANA,OSREDNJESLOVENSKA
VELIKI LIPOVEC,ŽUŽEMBERK,JUGOVZHODNA SLOVENIJA
VELIKI LOČNIK,VELIKE LAŠČE,OSREDNJESLOVENSKA
VELIKI NERAJEC,ČRNOMELJ,JUGOVZHODNA SLOVENIJA
VELIKI OBREŽ,BREŽICE,POSAVSKA
VELIKI OKIČ,VIDEM,PODRAVSKA
VELIKI OREHEK,NOVO MESTO,JUGOVZHODNA SLOVENIJA
VELIKI OSOLNIK,VELIKE LAŠČE,OSREDNJESLOVENSKA
VELIKI OTOK,POSTOJNA,PRIMORSKO-NOTRANJSKA
VELIKI PODLJUBEN,NOVO MESTO,JUGOVZHODNA SLOVENIJA
VELIKI PODLOG,KRŠKO,POSAVSKA
VELIKI RAKITOVEC,KAMNIK,OSREDNJESLOVENSKA
VELIKI RIGELJ,DOLENJSKE TOPLICE,JUGOVZHODNA SLOVENIJA
VELIKI SLATNIK,NOVO MESTO,JUGOVZHODNA SLOVENIJA
VELIKI TRN,KRŠKO,POSAVSKA
VELIKI VIDEM,TREBNJE,JUGOVZHODNA SLOVENIJA
VELIKI VRH,BLOKE,PRIMORSKO-NOTRANJSKA
VELIKI VRH,CIRKULANE,PODRAVSKA
VELIKI VRH,ŠMARTNO OB PAKI,SAVINJSKA
VELIKI VRH PRI LITIJI,LITIJA,ZASAVSKA
VELIKI VRH PRI ŠMARJU,GROSUPLJE,OSREDNJESLOVENSKA
VELIKO BRDO,ILIRSKA BISTRICA,PRIMORSKO-NOTRANJSKA
VELIKO GLOBOKO,IVANČNA GORICA,OSREDNJESLOVENSKA
VELIKO LIPJE,ŽUŽEMBERK,JUGOVZHODNA SLOVENIJA
VELIKO MLAČEVO,GROSUPLJE,OSREDNJESLOVENSKA
VELIKO MRAŠEVO,KRŠKO,POSAVSKA
VELIKO POLJE,SEŽANA,OBALNO-KRAŠKA
VELIKO TINJE,SLOVENSKA BISTRICA,PODRAVSKA
VELIKO TREBELJEVO,LJUBLJANA,OSREDNJESLOVENSKA
VELIKO UBELJSKO,POSTOJNA,PRIMORSKO-NOTRANJSKA
VELIKO ČRNELO,IVANČNA GORICA,OSREDNJESLOVENSKA
VELIKO ŠIRJE,LAŠKO,SAVINJSKA
VELIČANE,ORMOŽ,PODRAVSKA
VELKA,DRAVOGRAD,KOROŠKA
VENIŠE,KRŠKO,POSAVSKA
VERAČE,PODČETRTEK,SAVINJSKA
VERD,VRHNIKA,OSREDNJESLOVENSKA
VERDUN,NOVO MESTO,JUGOVZHODNA SLOVENIJA
VERDUN PRI URŠNIH SELIH,DOLENJSKE TOPLICE,JUGOVZHODNA SLOVENIJA
VERJE,MEDVODE,OSREDNJESLOVENSKA
VERNEK,LITIJA,ZASAVSKA
VERPETE,VOJNIK,SAVINJSKA
VERŽEJ,VERŽEJ,POMURSKA
VESCA,VODICE,OSREDNJESLOVENSKA
VESELA GORA,ŠENTRUPERT,JUGOVZHODNA SLOVENIJA
VETRNIK,KOZJE,SAVINJSKA
VEZOVJE,ŠENTJUR,SAVINJSKA
VEČESLAVCI,ROGAŠOVCI,POMURSKA
VEČJE BRDO,DOBJE,SAVINJSKA
VEČKOTI,KOMEN,OBALNO-KRAŠKA
VEŠENIK,SLOVENSKE KONJICE,SAVINJSKA
VEŠTER,ŠKOFJA LOKA,GORENJSKA
VEŠČICA,MURSKA SOBOTA,POMURSKA
VEŠČICA,RAZKRIŽJE,POMURSKA
VIDANOVCI,LJUTOMER,POMURSKA
VIDEM,DOBREPOLJE,OSREDNJESLOVENSKA
VIDEM,DOL PRI LJUBLJANI,OSREDNJESLOVENSKA
VIDEM,KRŠKO,POSAVSKA
VIDEM PRI LUKOVICI,LUKOVICA,OSREDNJESLOVENSKA
VIDEM PRI PTUJU,VIDEM,PODRAVSKA
VIDEM PRI TEMENICI,IVANČNA GORICA,OSREDNJESLOVENSKA
VIDEŽ,SLOVENSKA BISTRICA,PODRAVSKA
VIDONCI,GRAD,POMURSKA
VIDOVICA,PODČETRTEK,SAVINJSKA
VIDOŠIČI,METLIKA,JUGOVZHODNA SLOVENIJA
VIDRGA,ZAGORJE OB SAVI,ZASAVSKA
VIHRE,KRŠKO,POSAVSKA
VIKRČE,MEDVODE,OSREDNJESLOVENSKA
VIMOLJ,KOSTEL,JUGOVZHODNA SLOVENIJA
VIMOLJ PRI PREDGRADU,KOČEVJE,JUGOVZHODNA SLOVENIJA
VINARJE,MARIBOR,PODRAVSKA
VINARJE,SLOVENSKA BISTRICA,PODRAVSKA
VINCARJE,ŠKOFJA LOKA,GORENJSKA
VINE,VOJNIK,SAVINJSKA
VINE,ZAGORJE OB SAVI,ZASAVSKA
VINEC,ROGAŠKA SLATINA,SAVINJSKA
VINHARJE,GORENJA VAS - POLJANE,GORENJSKA
VINICA,ČRNOMELJ,JUGOVZHODNA SLOVENIJA
VINICA PRI ŠMARJETI,ŠMARJEŠKE TOPLICE,JUGOVZHODNA SLOVENIJA
VINICE,SODRAŽICA,JUGOVZHODNA SLOVENIJA
VINIČKA VAS,LENART,PODRAVSKA
VINJA VAS,NOVO MESTO,JUGOVZHODNA SLOVENIJA
VINJE,DOL PRI LJUBLJANI,OSREDNJESLOVENSKA
VINJE PRI MORAVČAH,MORAVČE,OSREDNJESLOVENSKA
VINJI VRH,BREŽICE,POSAVSKA
VINJI VRH,ŠMARJEŠKE TOPLICE,JUGOVZHODNA SLOVENIJA
VINJI VRH,ŠMARTNO PRI LITIJI,OSREDNJESLOVENSKA
VINJI VRH PRI SEMIČU,SEMIČ,JUGOVZHODNA SLOVENIJA
VINKOV VRH,ŽUŽEMBERK,JUGOVZHODNA SLOVENIJA
VINO,GROSUPLJE,OSREDNJESLOVENSKA
VINSKA GORA,VELENJE,SAVINJSKA
VINSKA GORICA,DOBRNA,SAVINJSKA
VINSKI VRH,ORMOŽ,PODRAVSKA
VINSKI VRH PRI ŠMARJU,ŠMARJE PRI JELŠAH,SAVINJSKA
VINTARJEVEC,ŠMARTNO PRI LITIJI,OSREDNJESLOVENSKA
VINTARJI,RIBNICA,JUGOVZHODNA SLOVENIJA
VINTAROVCI,DESTRNIK,PODRAVSKA
VIPAVA,VIPAVA,GORIŠKA
VIPAVSKI KRIŽ,AJDOVŠČINA,GORIŠKA
VIPOLŽE,BRDA,GORIŠKA
VIR,DOMŽALE,OSREDNJESLOVENSKA
VIR PRI NEVLJAH,KAMNIK,OSREDNJESLOVENSKA
VIR PRI STIČNI,IVANČNA GORICA,OSREDNJESLOVENSKA
VIRLOG,ŠKOFJA LOKA,GORENJSKA
VIRMAŠE,ŠKOFJA LOKA,GORENJSKA
VIRŠTANJ,PODČETRTEK,SAVINJSKA
VISEJEC,ŽUŽEMBERK,JUGOVZHODNA SLOVENIJA
VISOKO,IG,OSREDNJESLOVENSKA
VISOKO,ŠENČUR,GORENJSKA
VISOKO PRI POLJANAH,ŠKOFJA LOKA,GORENJSKA
VISOLE,SLOVENSKA BISTRICA,PODRAVSKA
VISOČE,TRŽIČ,GORENJSKA
VISOČE,ŠENTJUR,SAVINJSKA
VITAN,ORMOŽ,PODRAVSKA
VITANJE,VITANJE,SAVINJSKA
VITANJSKO SKOMARJE,VITANJE,SAVINJSKA
VITNA VAS,BREŽICE,POSAVSKA
VITOMARCI,SVETI ANDRAŽ V SLOV. GORICAH,PODRAVSKA
VITOVLJE,NOVA GORICA,GORIŠKA
VIZORE,VOJNIK,SAVINJSKA
VIČ,DRAVOGRAD,KOROŠKA
VIČANCI,ORMOŽ,PODRAVSKA
VIŠELNICA,GORJE,GORENJSKA
VIŠEVCA,CERKLJE NA GORENJSKEM,GORENJSKA
VIŠEVEK,LOŠKA DOLINA,PRIMORSKO-NOTRANJSKA
VIŠNJA GORA,IVANČNA GORICA,OSREDNJESLOVENSKA
VIŠNJA VAS,VOJNIK,SAVINJSKA
VIŠNJE,AJDOVŠČINA,GORIŠKA
VIŠNJE,IVANČNA GORICA,OSREDNJESLOVENSKA
VIŠNJEVIK,BRDA,GORIŠKA
VIŠNJI GRM,ŠMARTNO PRI LITIJI,OSREDNJESLOVENSKA
VNAJNARJE,LJUBLJANA,OSREDNJESLOVENSKA
VNANJE GORICE,BREZOVICA,OSREDNJESLOVENSKA
VODENOVO,ŠMARJE PRI JELŠAH,SAVINJSKA
VODICE,AJDOVŠČINA,GORIŠKA
VODICE,DOBREPOLJE,OSREDNJESLOVENSKA
VODICE,VODICE,OSREDNJESLOVENSKA
VODICE NAD KAMNIKOM,KAMNIK,OSREDNJESLOVENSKA
VODICE PRI GABROVKI,LITIJA,ZASAVSKA
VODICE PRI KALOBJU,ŠENTJUR,SAVINJSKA
VODICE PRI SLIVNICI,ŠENTJUR,SAVINJSKA
VODIŠKO,LAŠKO,SAVINJSKA
VODOLE,MARIBOR,PODRAVSKA
VODRANCI,ORMOŽ,PODRAVSKA
VODRIŽ,SLOVENJ GRADEC,KOROŠKA
VODRUŽ,ŠENTJUR,SAVINJSKA
VODUCE,ŠENTJUR,SAVINJSKA
VODULE,ŠENTJUR,SAVINJSKA
VOGLAJNA,ŠENTJUR,SAVINJSKA
VOGLARJI,NOVA GORICA,GORIŠKA
VOGLJE,SEŽANA,OBALNO-KRAŠKA
VOGLJE,ŠENČUR,GORENJSKA
VOGRIČEVCI,LJUTOMER,POMURSKA
VOGRSKO,RENČE - VOGRSKO,GORIŠKA
VOJNA VAS,ČRNOMELJ,JUGOVZHODNA SLOVENIJA
VOJNIK,VOJNIK,SAVINJSKA
VOJSKO,IDRIJA,GORIŠKA
VOJSKO,KOZJE,SAVINJSKA
VOJSKO,VODICE,OSREDNJESLOVENSKA
VOJŠČICA,MIREN - KOSTANJEVICA,GORIŠKA
VOKLO,ŠENČUR,GORENJSKA
VOLAKA,GORENJA VAS - POLJANE,GORENJSKA
VOLARJE,TOLMIN,GORIŠKA
VOLAVLJE,LJUBLJANA,OSREDNJESLOVENSKA
VOLOG,NAZARJE,SAVINJSKA
VOLOGA,VRANSKO,SAVINJSKA
VOLOVNIK,KRŠKO,POSAVSKA
VOLČA,GORENJA VAS - POLJANE,GORENJSKA
VOLČANSKI RUTI,TOLMIN,GORIŠKA
VOLČE,PIVKA,PRIMORSKO-NOTRANJSKA
VOLČE,TOLMIN,GORIŠKA
VOLČJA DRAGA,RENČE - VOGRSKO,GORIŠKA
VOLČJA JAMA,TREBNJE,JUGOVZHODNA SLOVENIJA
VOLČJA JAMA,ŠMARTNO PRI LITIJI,OSREDNJESLOVENSKA
VOLČJE,BLOKE,PRIMORSKO-NOTRANJSKA
VOLČJE,BREŽICE,POSAVSKA
VOLČJE NJIVE,MIRNA,JUGOVZHODNA SLOVENIJA
VOLČJI GRAD,KOMEN,OBALNO-KRAŠKA
VOLČJI POTOK,KAMNIK,OSREDNJESLOVENSKA
VOLČKOVA VAS,ŠENTJERNEJ,JUGOVZHODNA SLOVENIJA
VONARJE,PODČETRTEK,SAVINJSKA
VOPOVLJE,CERKLJE NA GORENJSKEM,GORENJSKA
VOSEK,PESNICA,PODRAVSKA
VOVŠE,LITIJA,ZASAVSKA
VOŠCE,LUKOVICA,OSREDNJESLOVENSKA
VOŠČE,RADOVLJICA,GORENJSKA
VRABČE,SEŽANA,OBALNO-KRAŠKA
VRANJA PEČ,KAMNIK,OSREDNJESLOVENSKA
VRANJE,SEVNICA,POSAVSKA
VRANJI VRH,ŠENTILJ,PODRAVSKA
VRANKE,LUKOVICA,OSREDNJESLOVENSKA
VRANOVIČI,ČRNOMELJ,JUGOVZHODNA SLOVENIJA
VRANSKO,VRANSKO,SAVINJSKA
VRATA,DRAVOGRAD,KOROŠKA
VRATA,ŠMARTNO PRI LITIJI,OSREDNJESLOVENSKA
VRATJA VAS,APAČE,POMURSKA
VRATJI VRH,APAČE,POMURSKA
VRATNO,ŠENTJERNEJ,JUGOVZHODNA SLOVENIJA
VRBA,DOBRNA,SAVINJSKA
VRBA,LUKOVICA,OSREDNJESLOVENSKA
VRBA,ŽIROVNICA,GORENJSKA
VRBICA,ILIRSKA BISTRICA,PRIMORSKO-NOTRANJSKA
VRBINA,KRŠKO,POSAVSKA
VRBIČJE,GROSUPLJE,OSREDNJESLOVENSKA
VRBJE,KOSTANJEVICA NA KRKI,POSAVSKA
VRBJE,ŽALEC,SAVINJSKA
VRBLJENE,IG,OSREDNJESLOVENSKA
VRBNJE,RADOVLJICA,GORENJSKA
VRBNO,ŠENTJUR,SAVINJSKA
VRBOVCE,ŠENTJERNEJ,JUGOVZHODNA SLOVENIJA
VRBOVEC,KOČEVJE,JUGOVZHODNA SLOVENIJA
VRBOVEC,TREBNJE,JUGOVZHODNA SLOVENIJA
VRBOVO,ILIRSKA BISTRICA,PRIMORSKO-NOTRANJSKA
VREMSKI BRITOF,DIVAČA,OBALNO-KRAŠKA
VRENSKA GORCA,KOZJE,SAVINJSKA
VRH,LOŠKA DOLINA,PRIMORSKO-NOTRANJSKA
VRH,VELIKE LAŠČE,OSREDNJESLOVENSKA
VRH,ZAGORJE OB SAVI,ZASAVSKA
VRH,ŠENTRUPERT,JUGOVZHODNA SLOVENIJA
VRH,ŠMARJE PRI JELŠAH,SAVINJSKA
VRH NAD KRAŠNJO,LUKOVICA,OSREDNJESLOVENSKA
VRH NAD LAŠKIM,LAŠKO,SAVINJSKA
VRH NAD ŽELIMLJAMI,ŠKOFLJICA,OSREDNJESLOVENSKA
VRH PRI BOŠTANJU,SEVNICA,POSAVSKA
VRH PRI DOLSKEM,DOL PRI LJUBLJANI,OSREDNJESLOVENSKA
VRH PRI FARI,KOSTEL,JUGOVZHODNA SLOVENIJA
VRH PRI HINJAH,ŽUŽEMBERK,JUGOVZHODNA SLOVENIJA
VRH PRI KRIŽU,ŽUŽEMBERK,JUGOVZHODNA SLOVENIJA
VRH PRI LJUBNU,NOVO MESTO,JUGOVZHODNA SLOVENIJA
VRH PRI MLINŠAH,ZAGORJE OB SAVI,ZASAVSKA
VRH PRI PAHI,NOVO MESTO,JUGOVZHODNA SLOVENIJA
VRH PRI POLJANAH,RIBNICA,JUGOVZHODNA SLOVENIJA
VRH PRI POVRŠJU,KRŠKO,POSAVSKA
VRH PRI SOBRAČAH,IVANČNA GORICA,OSREDNJESLOVENSKA
VRH PRI TREBELNEM,MOKRONOG - TREBELNO,JUGOVZHODNA SLOVENIJA
VRH PRI VIŠNJI GORI,IVANČNA GORICA,OSREDNJESLOVENSKA
VRH PRI ŠENTJERNEJU,ŠENTJERNEJ,JUGOVZHODNA SLOVENIJA
VRH SV. TREH KRALJEV,LOGATEC,OSREDNJESLOVENSKA
VRHE,CELJE,SAVINJSKA
VRHE,NOVO MESTO,JUGOVZHODNA SLOVENIJA
VRHE,SLOVENJ GRADEC,KOROŠKA
VRHE - DEL,TRBOVLJE,ZASAVSKA
VRHE - DEL,ZAGORJE OB SAVI,ZASAVSKA
VRHEK,SEVNICA,POSAVSKA
VRHJE,BREŽICE,POSAVSKA
VRHLOGA,SLOVENSKA BISTRICA,PODRAVSKA
VRHNIKA,VRHNIKA,OSREDNJESLOVENSKA
VRHNIKA PRI LOŽU,LOŠKA DOLINA,PRIMORSKO-NOTRANJSKA
VRHOLE PRI LAPORJU,SLOVENSKA BISTRICA,PODRAVSKA
VRHOLE PRI SLOV. KONJICAH,SLOVENSKA BISTRICA,PODRAVSKA
VRHOV DOL,MARIBOR,PODRAVSKA
VRHOVCI,ČRNOMELJ,JUGOVZHODNA SLOVENIJA
VRHOVJE,CERKLJE NA GORENJSKEM,GORENJSKA
VRHOVLJE,LUKOVICA,OSREDNJESLOVENSKA
VRHOVLJE,SEŽANA,OBALNO-KRAŠKA
VRHOVLJE PRI KOJSKEM,BRDA,GORIŠKA
VRHOVLJE PRI KOŽBANI,BRDA,GORIŠKA
VRHOVO,RADEČE,POSAVSKA
VRHOVO PRI MIRNI PEČI,MIRNA PEČ,JUGOVZHODNA SLOVENIJA
VRHOVO PRI ŠENTLOVRENCU,TREBNJE,JUGOVZHODNA SLOVENIJA
VRHOVO PRI ŽUŽEMBERKU,ŽUŽEMBERK,JUGOVZHODNA SLOVENIJA
VRHOVSKA VAS,BREŽICE,POSAVSKA
VRHPEČ,MIRNA PEČ,JUGOVZHODNA SLOVENIJA
VRHPOLJE,HRPELJE - KOZINA,OBALNO-KRAŠKA
VRHPOLJE,VIPAVA,GORIŠKA
VRHPOLJE PRI KAMNIKU,KAMNIK,OSREDNJESLOVENSKA
VRHPOLJE PRI MORAVČAH,MORAVČE,OSREDNJESLOVENSKA
VRHPOLJE PRI ŠENTVIDU,IVANČNA GORICA,OSREDNJESLOVENSKA
VRHTREBNJE,TREBNJE,JUGOVZHODNA SLOVENIJA
VRHULJE,KRŠKO,POSAVSKA
VRSNO,KOBARID,GORIŠKA
VRT,KOČEVJE,JUGOVZHODNA SLOVENIJA
VRTAČA,KOSTANJEVICA NA KRKI,POSAVSKA
VRTAČE,TREBNJE,JUGOVZHODNA SLOVENIJA
VRTOJBA,ŠEMPETER - VRTOJBA,GORIŠKA
VRTOVIN,AJDOVŠČINA,GORIŠKA
VRTOVČE,AJDOVŠČINA,GORIŠKA
VRTOČE,MIREN - KOSTANJEVICA,GORIŠKA
VRZDENEC,HORJUL,OSREDNJESLOVENSKA
VRČICE,SEMIČ,JUGOVZHODNA SLOVENIJA
VRŠNA VAS,ŠMARJE PRI JELŠAH,SAVINJSKA
VRŠNIK,KUNGOTA,PODRAVSKA
VUHRED,RADLJE OB DRAVI,KOROŠKA
VUKOVCI,ČRNOMELJ,JUGOVZHODNA SLOVENIJA
VUKOVJE,PESNICA,PODRAVSKA
VUKOVSKI DOL,PESNICA,PODRAVSKA
VUKOVSKI VRH,PESNICA,PODRAVSKA
VURBERK,DUPLEK,PODRAVSKA
VURMAT - DEL,PODVELKA,KOROŠKA
VURMAT - DEL,SELNICA OB DRAVI,PODRAVSKA
VUZENICA,VUZENICA,KOROŠKA
VUZMETINCI,ORMOŽ,PODRAVSKA
VUČJA GOMILA,MORAVSKE TOPLICE,POMURSKA
VUČJA VAS,KRIŽEVCI,POMURSKA
ZA KALVARIJO,MARIBOR,PODRAVSKA
ZABAVA,ZAGORJE OB SAVI,ZASAVSKA
ZABAVLJE,KOPER/CAPODISTRIA,OBALNO-KRAŠKA
ZABIČE,ILIRSKA BISTRICA,PRIMORSKO-NOTRANJSKA
ZABORK,ZREČE,SAVINJSKA
ZABORŠT,DOMŽALE,OSREDNJESLOVENSKA
ZABORŠT,KOSTANJEVICA NA KRKI,POSAVSKA
ZABORŠT,ŠKOCJAN,JUGOVZHODNA SLOVENIJA
ZABORŠT PRI DOLU,DOL PRI LJUBLJANI,OSREDNJESLOVENSKA
ZABORŠT PRI ŠENTVIDU,IVANČNA GORICA,OSREDNJESLOVENSKA
ZABOVCI,MARKOVCI,PODRAVSKA
ZABOČEVO,BOROVNICA,OSREDNJESLOVENSKA
ZABRDJE,MIRNA,JUGOVZHODNA SLOVENIJA
ZABRDO,ŽELEZNIKI,GORENJSKA
ZABREKVE,ŽELEZNIKI,GORENJSKA
ZABREZNICA,ŽIROVNICA,GORENJSKA
ZABREZNIK,ZAGORJE OB SAVI,ZASAVSKA
ZABREŽ,LAŠKO,SAVINJSKA
ZABREŽNIK,ŽIRI,GORENJSKA
ZABUKOVICA,ŽALEC,SAVINJSKA
ZABUKOVJE,KRANJ,GORENJSKA
ZABUKOVJE,VOJNIK,SAVINJSKA
ZABUKOVJE,ŠENTRUPERT,JUGOVZHODNA SLOVENIJA
ZABUKOVJE NAD SEVNICO,SEVNICA,POSAVSKA
ZABUKOVJE PRI RAKI,KRŠKO,POSAVSKA
ZADLAZ-ČADRG,TOLMIN,GORIŠKA
ZADLAZ-ŽABČE,TOLMIN,GORIŠKA
ZADLOG,IDRIJA,GORIŠKA
ZADNIKI,RIBNICA,JUGOVZHODNA SLOVENIJA
ZADNJA VAS,RADOVLJICA,GORENJSKA
ZADOBJE,GORENJA VAS - POLJANE,GORENJSKA
ZADOBROVA,CELJE,SAVINJSKA
ZADOLJE,RIBNICA,JUGOVZHODNA SLOVENIJA
ZADRAGA,NAKLO,GORENJSKA
ZADRŽE,ŠMARJE PRI JELŠAH,SAVINJSKA
ZAFARA,ŽUŽEMBERK,JUGOVZHODNA SLOVENIJA
ZAGAJ,BISTRICA OB SOTLI,POSAVSKA
ZAGAJ POD BOČEM,ROGAŠKA SLATINA,SAVINJSKA
ZAGAJ PRI PONIKVI,ŠENTJUR,SAVINJSKA
ZAGAJSKI VRH,GORNJA RADGONA,POMURSKA
ZAGOJIČI,GORIŠNICA,PODRAVSKA
ZAGOMILA,KANAL,GORIŠKA
ZAGON,POSTOJNA,PRIMORSKO-NOTRANJSKA
ZAGORA,KANAL,GORIŠKA
ZAGORCI,JURŠINCI,PODRAVSKA
ZAGORICA,DOBREPOLJE,OSREDNJESLOVENSKA
ZAGORICA,LITIJA,ZASAVSKA
ZAGORICA,MIRNA,JUGOVZHODNA SLOVENIJA
ZAGORICA NAD KAMNIKOM,KAMNIK,OSREDNJESLOVENSKA
ZAGORICA PRI DOBRNIČU,TREBNJE,JUGOVZHODNA SLOVENIJA
ZAGORICA PRI DOLSKEM,DOL PRI LJUBLJANI,OSREDNJESLOVENSKA
ZAGORICA PRI ROVAH,DOMŽALE,OSREDNJESLOVENSKA
ZAGORICA PRI VELIKEM GABRU,TREBNJE,JUGOVZHODNA SLOVENIJA
ZAGORICA PRI ČATEŽU,TREBNJE,JUGOVZHODNA SLOVENIJA
ZAGORJE,KOZJE,SAVINJSKA
ZAGORJE,PIVKA,PRIMORSKO-NOTRANJSKA
ZAGORJE,SVETI TOMAŽ,PODRAVSKA
ZAGORJE OB SAVI,ZAGORJE OB SAVI,ZASAVSKA
ZAGOZD,LITIJA,ZASAVSKA
ZAGOZDAC,ČRNOMELJ,JUGOVZHODNA SLOVENIJA
ZAGRAD,PREVALJE,KOROŠKA
ZAGRAD,RADEČE,POSAVSKA
ZAGRAD,ŠKOCJAN,JUGOVZHODNA SLOVENIJA
ZAGRAD PRI OTOČCU,NOVO MESTO,JUGOVZHODNA SLOVENIJA
ZAGRADEC,IVANČNA GORICA,OSREDNJESLOVENSKA
ZAGRADEC PRI GROSUPLJEM,GROSUPLJE,OSREDNJESLOVENSKA
ZAGRADIŠČE,LJUBLJANA,OSREDNJESLOVENSKA
ZAGRAJEC,KOMEN,OBALNO-KRAŠKA
ZAGRIČ,ŠMARTNO PRI LITIJI,OSREDNJESLOVENSKA
ZAHOMCE,VRANSKO,SAVINJSKA
ZAHRIB,CERKNICA,PRIMORSKO-NOTRANJSKA
ZAJASOVNIK - DEL,KAMNIK,OSREDNJESLOVENSKA
ZAJASOVNIK - DEL,VRANSKO,SAVINJSKA
ZAJELŠE,DOL PRI LJUBLJANI,OSREDNJESLOVENSKA
ZAJELŠJE,ILIRSKA BISTRICA,PRIMORSKO-NOTRANJSKA
ZAJČJE POLJE,KOČEVJE,JUGOVZHODNA SLOVENIJA
ZAJČJI VRH,ČRNOMELJ,JUGOVZHODNA SLOVENIJA
ZAJČJI VRH PRI STOPIČAH,NOVO MESTO,JUGOVZHODNA SLOVENIJA
ZAKAL,KAMNIK,OSREDNJESLOVENSKA
ZAKL,BRASLOVČE,SAVINJSKA
ZAKL,PODLEHNIK,PODRAVSKA
ZAKLANEC,HORJUL,OSREDNJESLOVENSKA
ZAKOBILJEK,GORENJA VAS - POLJANE,GORENJSKA
ZAKOJCA,CERKNO,GORIŠKA
ZAKRAJ,BLOKE,PRIMORSKO-NOTRANJSKA
ZAKRAJ,TOLMIN,GORIŠKA
ZAKRIŽ,CERKNO,GORIŠKA
ZALA,CERKNICA,PRIMORSKO-NOTRANJSKA
ZALA,ŽELEZNIKI,GORENJSKA
ZALES,BLOKE,PRIMORSKO-NOTRANJSKA
ZALI BREG,BRDA,GORIŠKA
ZALI LOG,ŽELEZNIKI,GORENJSKA
ZALISEC,ŽUŽEMBERK,JUGOVZHODNA SLOVENIJA
ZALOG,KRANJ,GORENJSKA
ZALOG,STRAŽA,JUGOVZHODNA SLOVENIJA
ZALOG POD SV. TROJICO,DOMŽALE,OSREDNJESLOVENSKA
ZALOG POD URŠULO,ŠENTJUR,SAVINJSKA
ZALOG PRI CERKLJAH,CERKLJE NA GORENJSKEM,GORENJSKA
ZALOG PRI KRESNICAH,MORAVČE,OSREDNJESLOVENSKA
ZALOG PRI MORAVČAH,MORAVČE,OSREDNJESLOVENSKA
ZALOG PRI ŠEMPETRU,ŽALEC,SAVINJSKA
ZALOG PRI ŠKOCJANU,ŠKOCJAN,JUGOVZHODNA SLOVENIJA
ZALOG PRI ŠKOFLJICI,ŠKOFLJICA,OSREDNJESLOVENSKA
ZALOKA,ŠENTRUPERT,JUGOVZHODNA SLOVENIJA
ZALOKE,KRŠKO,POSAVSKA
ZALOŠE,RADOVLJICA,GORENJSKA
ZALOŠKA GORICA,ŽALEC,SAVINJSKA
ZALOŠČE,NOVA GORICA,GORIŠKA
ZALOŽE,POLZELA,SAVINJSKA
ZALČI,ILIRSKA BISTRICA,PRIMORSKO-NOTRANJSKA
ZAMARKOVA,LENART,PODRAVSKA
ZAMEŠKO,ŠENTJERNEJ,JUGOVZHODNA SLOVENIJA
ZAMOSTEC,SODRAŽICA,JUGOVZHODNA SLOVENIJA
ZAMUŠANI,GORIŠNICA,PODRAVSKA
ZANIGRAD,KOPER/CAPODISTRIA,OBALNO-KRAŠKA
ZAPLANA,VRHNIKA,OSREDNJESLOVENSKA
ZAPLANA - DEL,LOGATEC,OSREDNJESLOVENSKA
ZAPLANINA,VRANSKO,SAVINJSKA
ZAPODJE,LITIJA,ZASAVSKA
ZAPOGE,VODICE,OSREDNJESLOVENSKA
ZAPOTOK,IG,OSREDNJESLOVENSKA
ZAPOTOK,KANAL,GORIŠKA
ZAPOTOK,SODRAŽICA,JUGOVZHODNA SLOVENIJA
ZAPREVAL,GORENJA VAS - POLJANE,GORENJSKA
ZAPUDJE,ČRNOMELJ,JUGOVZHODNA SLOVENIJA
ZAPUŽE,RADOVLJICA,GORENJSKA
ZAPUŽE,ŠENTJERNEJ,JUGOVZHODNA SLOVENIJA
ZAPUŽE PRI KOSTELU,KOSTEL,JUGOVZHODNA SLOVENIJA
ZAPUŽE PRI RIBNICI,RIBNICA,JUGOVZHODNA SLOVENIJA
ZAREČICA,ILIRSKA BISTRICA,PRIMORSKO-NOTRANJSKA
ZAREČJE,ILIRSKA BISTRICA,PRIMORSKO-NOTRANJSKA
ZASADI,DESTRNIK,PODRAVSKA
ZASADI,KRIŽEVCI,POMURSKA
ZASAP,BREŽICE,POSAVSKA
ZASAVCI,ORMOŽ,PODRAVSKA
ZASIP,BLED,GORENJSKA
ZASTAVA,ČRNOMELJ,JUGOVZHODNA SLOVENIJA
ZASTRANJE,ŠMARJE PRI JELŠAH,SAVINJSKA
ZATOLMIN,TOLMIN,GORIŠKA
ZATRNIK,GORJE,GORENJSKA
ZAVINE,ZAGORJE OB SAVI,ZASAVSKA
ZAVINEK,ŠKOCJAN,JUGOVZHODNA SLOVENIJA
ZAVINO,AJDOVŠČINA,GORIŠKA
ZAVODICE,NAZARJE,SAVINJSKA
ZAVODNJE,ŠOŠTANJ,SAVINJSKA
ZAVRATE,RADEČE,POSAVSKA
ZAVRATEC,IDRIJA,GORIŠKA
ZAVRATEC,SEVNICA,POSAVSKA
ZAVRH,BLOKE,PRIMORSKO-NOTRANJSKA
ZAVRH,LENART,PODRAVSKA
ZAVRH,LITIJA,ZASAVSKA
ZAVRH,TREBNJE,JUGOVZHODNA SLOVENIJA
ZAVRH NAD DOBRNO,DOBRNA,SAVINJSKA
ZAVRH POD ŠMARNO GORO,MEDVODE,OSREDNJESLOVENSKA
ZAVRH PRI BOROVNICI,VRHNIKA,OSREDNJESLOVENSKA
ZAVRH PRI GALICIJI,ŽALEC,SAVINJSKA
ZAVRH PRI TROJANAH,LUKOVICA,OSREDNJESLOVENSKA
ZAVRH PRI ČRNIVCU,KAMNIK,OSREDNJESLOVENSKA
ZAVRHEK,DIVAČA,OBALNO-KRAŠKA
ZAVRSTNIK,ŠMARTNO PRI LITIJI,OSREDNJESLOVENSKA
ZAVRTAČE,IVANČNA GORICA,OSREDNJESLOVENSKA
ZAVRČ,ZAVRČ,PODRAVSKA
ZAVRŠE,MISLINJA,KOROŠKA
ZAVRŠE PRI DOBJEM,DOBJE,SAVINJSKA
ZAVRŠE PRI GROBELNEM,ŠMARJE PRI JELŠAH,SAVINJSKA
ZAVRŠJE,TRBOVLJE,ZASAVSKA
ZAZID,KOPER/CAPODISTRIA,OBALNO-KRAŠKA
ZAČRET,CELJE,SAVINJSKA
ZBELOVO,SLOVENSKE KONJICE,SAVINJSKA
ZBELOVSKA GORA,SLOVENSKE KONJICE,SAVINJSKA
ZBIGOVCI,GORNJA RADGONA,POMURSKA
ZBILJE,MEDVODE,OSREDNJESLOVENSKA
ZBURE,ŠMARJEŠKE TOPLICE,JUGOVZHODNA SLOVENIJA
ZDENSKA VAS,DOBREPOLJE,OSREDNJESLOVENSKA
ZDIHOVO,KOČEVJE,JUGOVZHODNA SLOVENIJA
ZDOLE,KOZJE,SAVINJSKA
ZDOLE,KRŠKO,POSAVSKA
ZDUŠA,KAMNIK,OSREDNJESLOVENSKA
ZELEN BREG,RAVNE NA KOROŠKEM,KOROŠKA
ZELŠE,CERKNICA,PRIMORSKO-NOTRANJSKA
ZEMELJ,METLIKA,JUGOVZHODNA SLOVENIJA
ZEMONO,VIPAVA,GORIŠKA
ZENKOVCI,PUCONCI,POMURSKA
ZEČE,SLOVENSKE KONJICE,SAVINJSKA
ZEČE PRI BUČAH,KOZJE,SAVINJSKA
ZGLAVNICA,LITIJA,ZASAVSKA
ZGONČE,VELIKE LAŠČE,OSREDNJESLOVENSKA
ZGORNJA BAČKOVA,SVETA ANA,PODRAVSKA
ZGORNJA BELA,PREDDVOR,GORENJSKA
ZGORNJA BESNICA,KRANJ,GORENJSKA
ZGORNJA BESNICA,LJUBLJANA,OSREDNJESLOVENSKA
ZGORNJA BISTRICA,SLOVENSKA BISTRICA,PODRAVSKA
ZGORNJA BREŽNICA,SLOVENSKA BISTRICA,PODRAVSKA
ZGORNJA DOBRAVA,MORAVČE,OSREDNJESLOVENSKA
ZGORNJA DOBRAVA,RADOVLJICA,GORENJSKA
ZGORNJA DRAGA,IVANČNA GORICA,OSREDNJESLOVENSKA
ZGORNJA GORICA,RAČE - FRAM,PODRAVSKA
ZGORNJA HAJDINA,HAJDINA,PODRAVSKA
ZGORNJA JABLANICA,ŠMARTNO PRI LITIJI,OSREDNJESLOVENSKA
ZGORNJA JAVORŠICA,MORAVČE,OSREDNJESLOVENSKA
ZGORNJA JEVNICA,LITIJA,ZASAVSKA
ZGORNJA KAPLA,PODVELKA,KOROŠKA
ZGORNJA KORENA,DUPLEK,PODRAVSKA
ZGORNJA KOSTRIVNICA,ROGAŠKA SLATINA,SAVINJSKA
ZGORNJA KUNGOTA,KUNGOTA,PODRAVSKA
ZGORNJA LIPNICA,RADOVLJICA,GORENJSKA
ZGORNJA LOŽNICA,SLOVENSKA BISTRICA,PODRAVSKA
ZGORNJA LUŠA,ŠKOFJA LOKA,GORENJSKA
ZGORNJA NOVA VAS,SLOVENSKA BISTRICA,PODRAVSKA
ZGORNJA ORLICA,RIBNICA NA POHORJU,KOROŠKA
ZGORNJA POHANCA,BREŽICE,POSAVSKA
ZGORNJA POLSKAVA,SLOVENSKA BISTRICA,PODRAVSKA
ZGORNJA PRISTAVA,SLOVENSKE KONJICE,SAVINJSKA
ZGORNJA PRISTAVA,VIDEM,PODRAVSKA
ZGORNJA RADOVNA,KRANJSKA GORA,GORENJSKA
ZGORNJA REČICA,LAŠKO,SAVINJSKA
ZGORNJA ROČICA,SVETA ANA,PODRAVSKA
ZGORNJA SELNICA,SELNICA OB DRAVI,PODRAVSKA
ZGORNJA SENARSKA,SVETA TROJICA V SLOV. GORICAH,PODRAVSKA
ZGORNJA SENICA,MEDVODE,OSREDNJESLOVENSKA
ZGORNJA SLIVNICA,GROSUPLJE,OSREDNJESLOVENSKA
ZGORNJA SORICA,ŽELEZNIKI,GORENJSKA
ZGORNJA SVEČA,MAJŠPERK,PODRAVSKA
ZGORNJA VELKA,ŠENTILJ,PODRAVSKA
ZGORNJA VIŽINGA,RADLJE OB DRAVI,KOROŠKA
ZGORNJA VOLIČINA,LENART,PODRAVSKA
ZGORNJA ŠČAVNICA,SVETA ANA,PODRAVSKA
ZGORNJE BITNJE,KRANJ,GORENJSKA
ZGORNJE DANJE,ŽELEZNIKI,GORENJSKA
ZGORNJE DOBRENJE,ŠENTILJ,PODRAVSKA
ZGORNJE DUPLICE,GROSUPLJE,OSREDNJESLOVENSKA
ZGORNJE DUPLJE,NAKLO,GORENJSKA
ZGORNJE GAMELJNE,LJUBLJANA,OSREDNJESLOVENSKA
ZGORNJE GORJE,GORJE,GORENJSKA
ZGORNJE GORČE,BRASLOVČE,SAVINJSKA
ZGORNJE GRADIŠČE,ŠENTILJ,PODRAVSKA
ZGORNJE GRUŠKOVJE,PODLEHNIK,PODRAVSKA
ZGORNJE GRUŠOVJE,OPLOTNICA,PODRAVSKA
ZGORNJE GRUŠOVLJE,ŽALEC,SAVINJSKA
ZGORNJE HLAPJE,PESNICA,PODRAVSKA
ZGORNJE HOČE,HOČE - SLIVNICA,PODRAVSKA
ZGORNJE JABLANE,KIDRIČEVO,PODRAVSKA
ZGORNJE JARŠE,DOMŽALE,OSREDNJESLOVENSKA
ZGORNJE JEZERSKO,JEZERSKO,GORENJSKA
ZGORNJE KONJIŠČE,APAČE,POMURSKA
ZGORNJE KOSEZE,MORAVČE,OSREDNJESLOVENSKA
ZGORNJE LAZE,GORJE,GORENJSKA
ZGORNJE LAŽE,SLOVENSKE KONJICE,SAVINJSKA
ZGORNJE LOKE,LUKOVICA,OSREDNJESLOVENSKA
ZGORNJE MLADETIČE,SEVNICA,POSAVSKA
ZGORNJE NEGONJE,ROGAŠKA SLATINA,SAVINJSKA
ZGORNJE PALOVČE,KAMNIK,OSREDNJESLOVENSKA
ZGORNJE PARTINJE,SVETI JURIJ V SLOV. GORICAH,PODRAVSKA
ZGORNJE PIRNIČE,MEDVODE,OSREDNJESLOVENSKA
ZGORNJE POBREŽJE,REČICA OB SAVINJI,SAVINJSKA
ZGORNJE POLJČANE,POLJČANE,PODRAVSKA
ZGORNJE PRAPREČE,LUKOVICA,OSREDNJESLOVENSKA
ZGORNJE PREBUKOVJE,SLOVENSKA BISTRICA,PODRAVSKA
ZGORNJE ROJE,ŽALEC,SAVINJSKA
ZGORNJE SELCE,ŠENTJUR,SAVINJSKA
ZGORNJE SEČOVO,ROGAŠKA SLATINA,SAVINJSKA
ZGORNJE SLEMENE,ŠENTJUR,SAVINJSKA
ZGORNJE STRANJE,KAMNIK,OSREDNJESLOVENSKA
ZGORNJE TINSKO,ŠMARJE PRI JELŠAH,SAVINJSKA
ZGORNJE VERJANE,SVETA TROJICA V SLOV. GORICAH,PODRAVSKA
ZGORNJE VETRNO,TRŽIČ,GORENJSKA
ZGORNJE VODALE,SEVNICA,POSAVSKA
ZGORNJE VRTIČE,KUNGOTA,PODRAVSKA
ZGORNJE ŠKOFIJE,KOPER/CAPODISTRIA,OBALNO-KRAŠKA
ZGORNJI BOČ,SELNICA OB DRAVI,PODRAVSKA
ZGORNJI BRNIK,CERKLJE NA GORENJSKEM,GORENJSKA
ZGORNJI DRAŽEN VRH,ŠENTILJ,PODRAVSKA
ZGORNJI DUPLEK,DUPLEK,PODRAVSKA
ZGORNJI GABERNIK,ROGAŠKA SLATINA,SAVINJSKA
ZGORNJI GASTERAJ,SVETI JURIJ V SLOV. GORICAH,PODRAVSKA
ZGORNJI HOTIČ,LITIJA,ZASAVSKA
ZGORNJI JAKOBSKI DOL,PESNICA,PODRAVSKA
ZGORNJI JANŽEVSKI VRH,RIBNICA NA POHORJU,KOROŠKA
ZGORNJI KAMENŠČAK,LJUTOMER,POMURSKA
ZGORNJI KOCJAN,RADENCI,POMURSKA
ZGORNJI KOZJI VRH,RADLJE OB DRAVI,KOROŠKA
ZGORNJI LEHEN NA POHORJU,RIBNICA NA POHORJU,KOROŠKA
ZGORNJI LESKOVEC,VIDEM,PODRAVSKA
ZGORNJI LOG,LITIJA,ZASAVSKA
ZGORNJI MOTNIK,KAMNIK,OSREDNJESLOVENSKA
ZGORNJI OBREŽ,BREŽICE,POSAVSKA
ZGORNJI OTOK,RADOVLJICA,GORENJSKA
ZGORNJI PETELINJEK,LUKOVICA,OSREDNJESLOVENSKA
ZGORNJI PORČIČ,SVETA TROJICA V SLOV. GORICAH,PODRAVSKA
ZGORNJI PREKAR,MORAVČE,OSREDNJESLOVENSKA
ZGORNJI PRHOVEC,ZAGORJE OB SAVI,ZASAVSKA
ZGORNJI RAZBOR,SLOVENJ GRADEC,KOROŠKA
ZGORNJI SLEMEN - DEL,MARIBOR,PODRAVSKA
ZGORNJI SLEMEN - DEL,SELNICA OB DRAVI,PODRAVSKA
ZGORNJI TUHINJ,KAMNIK,OSREDNJESLOVENSKA
ZGORNJI TUŠTANJ,MORAVČE,OSREDNJESLOVENSKA
ZGORNJI VELOVLEK,DESTRNIK,PODRAVSKA
ZGORNJI ČAČIČ,OSILNICA,JUGOVZHODNA SLOVENIJA
ZGORNJI ŽERJAVCI,LENART,PODRAVSKA
ZGOŠA,RADOVLJICA,GORENJSKA
ZIBIKA,ŠMARJE PRI JELŠAH,SAVINJSKA
ZIBIŠKA VAS,ŠMARJE PRI JELŠAH,SAVINJSKA
ZIBOVNIK,CERKNICA,PRIMORSKO-NOTRANJSKA
ZIDANI MOST,LAŠKO,SAVINJSKA
ZIDANI MOST,TREBNJE,JUGOVZHODNA SLOVENIJA
ZILJE,ČRNOMELJ,JUGOVZHODNA SLOVENIJA
ZIMICA,DUPLEK,PODRAVSKA
ZLAKOVA,ZREČE,SAVINJSKA
ZLATENEK,LUKOVICA,OSREDNJESLOVENSKA
ZLATEČE,VOJNIK,SAVINJSKA
ZLATEČE PRI ŠENTJURJU,ŠENTJUR,SAVINJSKA
ZLATI REP,RIBNICA,JUGOVZHODNA SLOVENIJA
ZLATO POLJE,LUKOVICA,OSREDNJESLOVENSKA
ZLATOLIČJE,STARŠE,PODRAVSKA
ZLOGANJE,ŠKOCJAN,JUGOVZHODNA SLOVENIJA
ZLOGONA GORA,OPLOTNICA,PODRAVSKA
ZLOGONA VAS,OPLOTNICA,PODRAVSKA
ZMINEC,ŠKOFJA LOKA,GORENJSKA
ZNOJILE,KAMNIK,OSREDNJESLOVENSKA
ZNOJILE,TOLMIN,GORIŠKA
ZNOJILE,ZAGORJE OB SAVI,ZASAVSKA
ZNOJILE PRI KRKI,IVANČNA GORICA,OSREDNJESLOVENSKA
ZNOJILE PRI STUDENCU,SEVNICA,POSAVSKA
ZORENCI,ČRNOMELJ,JUGOVZHODNA SLOVENIJA
ZREČE,ZREČE,SAVINJSKA
ZRKOVCI,MARIBOR,PODRAVSKA
ZVIRČE,TRŽIČ,GORENJSKA
ZVODNO,CELJE,SAVINJSKA
ČABRAČE,GORENJA VAS - POLJANE,GORENJSKA
ČADOVLJE,KRANJ,GORENJSKA
ČADOVLJE PRI TRŽIČU,TRŽIČ,GORENJSKA
ČADRAM,OPLOTNICA,PODRAVSKA
ČADRAMSKA VAS,POLJČANE,PODRAVSKA
ČADRAŽE,ŠENTJERNEJ,JUGOVZHODNA SLOVENIJA
ČADRG,TOLMIN,GORIŠKA
ČAGONA,CERKVENJAK,PODRAVSKA
ČAGOŠČE,IVANČNA GORICA,OSREDNJESLOVENSKA
ČAKOVA,SVETI JURIJ OB ŠČAVNICI,POMURSKA
ČANJE,SEVNICA,POSAVSKA
ČATEŠKA GORA,LITIJA,ZASAVSKA
ČATEŽ,TREBNJE,JUGOVZHODNA SLOVENIJA
ČATEŽ OB SAVI,BREŽICE,POSAVSKA
ČAČA VAS,ROGAŠKA SLATINA,SAVINJSKA
ČEBINE,TRBOVLJE,ZASAVSKA
ČEDEM,BREŽICE,POSAVSKA
ČEHOVINI,KOMEN,OBALNO-KRAŠKA
ČEKOVNIK,IDRIJA,GORIŠKA
ČELEVEC,ŠMARJEŠKE TOPLICE,JUGOVZHODNA SLOVENIJA
ČELJE,ILIRSKA BISTRICA,PRIMORSKO-NOTRANJSKA
ČELOVNIK,SEVNICA,POSAVSKA
ČEMŠE,MIRNA PEČ,JUGOVZHODNA SLOVENIJA
ČEMŠENIK,ZAGORJE OB SAVI,ZASAVSKA
ČENTIBA/CSENTE,LENDAVA/LENDVA,POMURSKA
ČENTUR,KOPER/CAPODISTRIA,OBALNO-KRAŠKA
ČEPINCI,ŠALOVCI,POMURSKA
ČEPLEZ,CERKNO,GORIŠKA
ČEPLJE,KOČEVJE,JUGOVZHODNA SLOVENIJA
ČEPLJE,LITIJA,ZASAVSKA
ČEPLJE,LUKOVICA,OSREDNJESLOVENSKA
ČEPLJE,VRANSKO,SAVINJSKA
ČEPNO,PIVKA,PRIMORSKO-NOTRANJSKA
ČEPOVAN,NOVA GORICA,GORIŠKA
ČEPULJE,KRANJ,GORENJSKA
ČERMOŽIŠE,ŽETALE,PODRAVSKA
ČERNELAVCI,MURSKA SOBOTA,POMURSKA
ČETENA RAVAN,GORENJA VAS - POLJANE,GORENJSKA
ČETEŽ PRI STRUGAH,DOBREPOLJE,OSREDNJESLOVENSKA
ČETEŽ PRI TURJAKU,VELIKE LAŠČE,OSREDNJESLOVENSKA
ČEZSOČA,BOVEC,GORIŠKA
ČEČE - DEL,HRASTNIK,ZASAVSKA
ČEČE - DEL,TRBOVLJE,ZASAVSKA
ČEŠENIK,DOMŽALE,OSREDNJESLOVENSKA
ČEŠNJEVEK,CERKLJE NA GORENJSKEM,GORENJSKA
ČEŠNJEVEK,TREBNJE,JUGOVZHODNA SLOVENIJA
ČEŠNJICA,LJUBLJANA,OSREDNJESLOVENSKA
ČEŠNJICA PRI KROPI,RADOVLJICA,GORENJSKA
ČEŠNJICE,LUKOVICA,OSREDNJESLOVENSKA
ČEŠNJICE,SEVNICA,POSAVSKA
ČEŠNJICE PRI MORAVČAH,MORAVČE,OSREDNJESLOVENSKA
ČEŠNJICE PRI TREBELNEM,MOKRONOG - TREBELNO,JUGOVZHODNA SLOVENIJA
ČEŠNJICE PRI ZAGRADCU,IVANČNA GORICA,OSREDNJESLOVENSKA
ČEŠNJICE V TUHINJU,KAMNIK,OSREDNJESLOVENSKA
ČEŠČA VAS,NOVO MESTO,JUGOVZHODNA SLOVENIJA
ČEŽARJI,KOPER/CAPODISTRIA,OBALNO-KRAŠKA
ČIGINJ,TOLMIN,GORIŠKA
ČIKEČKA VAS/CSEKEFA,MORAVSKE TOPLICE,POMURSKA
ČILPAH,MOKRONOG - TREBELNO,JUGOVZHODNA SLOVENIJA
ČIMERNO,RADEČE,POSAVSKA
ČINŽAT,LOVRENC NA POHORJU,PODRAVSKA
ČIPNJE,KOMEN,OBALNO-KRAŠKA
ČISTI BREG,ŠENTJERNEJ,JUGOVZHODNA SLOVENIJA
ČOHOVO,CERKNICA,PRIMORSKO-NOTRANJSKA
ČOLNICA,KANAL,GORIŠKA
ČOLNIŠČE,ZAGORJE OB SAVI,ZASAVSKA
ČRENŠOVCI,ČRENŠOVCI,POMURSKA
ČRETA,HOČE - SLIVNICA,PODRAVSKA
ČRETA,VRANSKO,SAVINJSKA
ČRETA PRI KOKARJAH,NAZARJE,SAVINJSKA
ČRETEŽ PRI KRŠKEM,KRŠKO,POSAVSKA
ČRETVEŽ,ZREČE,SAVINJSKA
ČREŠKOVA,VOJNIK,SAVINJSKA
ČREŠNJEVCI,GORNJA RADGONA,POMURSKA
ČREŠNJEVEC,SLOVENSKA BISTRICA,PODRAVSKA
ČREŠNJEVEC,VOJNIK,SAVINJSKA
ČREŠNJEVEC OB BISTRICI,BISTRICA OB SOTLI,POSAVSKA
ČREŠNJEVEC OB DRAVI,SELNICA OB DRAVI,PODRAVSKA
ČREŠNJEVEC PRI DRAGATUŠU,ČRNOMELJ,JUGOVZHODNA SLOVENIJA
ČREŠNJEVEC PRI OŠTRCU,KOSTANJEVICA NA KRKI,POSAVSKA
ČREŠNJEVEC PRI SEMIČU,SEMIČ,JUGOVZHODNA SLOVENIJA
ČREŠNJICE,NOVO MESTO,JUGOVZHODNA SLOVENIJA
ČREŠNJICE,VOJNIK,SAVINJSKA
ČREŠNJICE NAD PIJAVŠKIM,KRŠKO,POSAVSKA
ČREŠNJICE PRI CERKLJAH,BREŽICE,POSAVSKA
ČREŠNOVA,ZREČE,SAVINJSKA
ČRMLJA,TRNOVSKA VAS,PODRAVSKA
ČRMLJENŠAK,LENART,PODRAVSKA
ČRMOŠNJICE,SEMIČ,JUGOVZHODNA SLOVENIJA
ČRMOŠNJICE PRI STOPIČAH,NOVO MESTO,JUGOVZHODNA SLOVENIJA
ČRNA NA KOROŠKEM,ČRNA NA KOROŠKEM,KOROŠKA
ČRNA PRI KAMNIKU,KAMNIK,OSREDNJESLOVENSKA
ČRNA VAS,LJUBLJANA,OSREDNJESLOVENSKA
ČRNCI,APAČE,POMURSKA
ČRNEC,RIBNICA,JUGOVZHODNA SLOVENIJA
ČRNEČA VAS,KOSTANJEVICA NA KRKI,POSAVSKA
ČRNEČE,DRAVOGRAD,KOROŠKA
ČRNEŠKA GORA,DRAVOGRAD,KOROŠKA
ČRNI KAL,KOPER/CAPODISTRIA,OBALNO-KRAŠKA
ČRNI POTOK,ŠMARTNO PRI LITIJI,OSREDNJESLOVENSKA
ČRNI POTOK PRI DRAGI,LOŠKI POTOK,JUGOVZHODNA SLOVENIJA
ČRNI POTOK PRI KOČEVJU,KOČEVJE,JUGOVZHODNA SLOVENIJA
ČRNI POTOK PRI VEL. LAŠČAH,RIBNICA,JUGOVZHODNA SLOVENIJA
ČRNI VRH,DOBROVA - POLHOV GRADEC,OSREDNJESLOVENSKA
ČRNI VRH,IDRIJA,GORIŠKA
ČRNI VRH,TABOR,SAVINJSKA
ČRNI VRH V TUHINJU,KAMNIK,OSREDNJESLOVENSKA
ČRNIVEC,RADOVLJICA,GORENJSKA
ČRNIČE,AJDOVŠČINA,GORIŠKA
ČRNOLICA,ŠENTJUR,SAVINJSKA
ČRNOMELJ,ČRNOMELJ,JUGOVZHODNA SLOVENIJA
ČRNOTIČE,KOPER/CAPODISTRIA,OBALNO-KRAŠKA
ČRNOVA,VELENJE,SAVINJSKA
ČUDNO SELO,ČRNOMELJ,JUGOVZHODNA SLOVENIJA
ČURILE,METLIKA,JUGOVZHODNA SLOVENIJA
ČUČJA MLAKA,ŠKOCJAN,JUGOVZHODNA SLOVENIJA
ČUŠPERK,GROSUPLJE,OSREDNJESLOVENSKA
ČUŽNJA VAS,MOKRONOG - TREBELNO,JUGOVZHODNA SLOVENIJA
ŠAFARSKO,RAZKRIŽJE,POMURSKA
ŠAHOVEC,TREBNJE,JUGOVZHODNA SLOVENIJA
ŠALAMENCI,PUCONCI,POMURSKA
ŠALARA/SALARA,KOPER/CAPODISTRIA,OBALNO-KRAŠKA
ŠALINCI,LJUTOMER,POMURSKA
ŠALKA VAS,KOČEVJE,JUGOVZHODNA SLOVENIJA
ŠALOVCI,SREDIŠČE OB DRAVI,PODRAVSKA
ŠALOVCI,ŠALOVCI,POMURSKA
ŠARDINJE,ORMOŽ,PODRAVSKA
ŠARED,IZOLA/ISOLA,OBALNO-KRAŠKA
ŠAVNA PEČ,HRASTNIK,ZASAVSKA
ŠEBRELJE,CERKNO,GORIŠKA
ŠEDEM,KRŠKO,POSAVSKA
ŠEDINA,ŠENTJUR,SAVINJSKA
ŠEGOVA VAS,LOŠKI POTOK,JUGOVZHODNA SLOVENIJA
ŠEKI,KOPER/CAPODISTRIA,OBALNO-KRAŠKA
ŠEMBIJE,ILIRSKA BISTRICA,PRIMORSKO-NOTRANJSKA
ŠEMNIK,ZAGORJE OB SAVI,ZASAVSKA
ŠEMPAS,NOVA GORICA,GORIŠKA
ŠEMPETER PRI GORICI,ŠEMPETER - VRTOJBA,GORIŠKA
ŠEMPETER V SAVINJ. DOLINI,ŽALEC,SAVINJSKA
ŠENBRIC,VELENJE,SAVINJSKA
ŠENTANEL,PREVALJE,KOROŠKA
ŠENTGOTARD,ZAGORJE OB SAVI,ZASAVSKA
ŠENTILJ POD TURJAKOM,MISLINJA,KOROŠKA
ŠENTILJ V SLOV. GORICAH,ŠENTILJ,PODRAVSKA
ŠENTJAKOB,ŠENTJERNEJ,JUGOVZHODNA SLOVENIJA
ŠENTJANŽ,REČICA OB SAVINJI,SAVINJSKA
ŠENTJANŽ,SEVNICA,POSAVSKA
ŠENTJANŽ NAD DRAVČAMI,VUZENICA,KOROŠKA
ŠENTJANŽ NAD ŠTORAMI,ŠTORE,SAVINJSKA
ŠENTJANŽ PRI DRAVOGRADU,DRAVOGRAD,KOROŠKA
ŠENTJERNEJ,ŠENTJERNEJ,JUGOVZHODNA SLOVENIJA
ŠENTJOŠT,NOVO MESTO,JUGOVZHODNA SLOVENIJA
ŠENTJOŠT NAD HORJULOM,DOBROVA - POLHOV GRADEC,OSREDNJESLOVENSKA
ŠENTJUNGERT,CELJE,SAVINJSKA
ŠENTJUR,ŠENTJUR,SAVINJSKA
ŠENTJUR NA POLJU,SEVNICA,POSAVSKA
ŠENTJURIJ NA DOLENJSKEM,MIRNA PEČ,JUGOVZHODNA SLOVENIJA
ŠENTJURJE,IVANČNA GORICA,OSREDNJESLOVENSKA
ŠENTLAMBERT,ZAGORJE OB SAVI,ZASAVSKA
ŠENTLOVRENC,TREBNJE,JUGOVZHODNA SLOVENIJA
ŠENTOVEC,SLOVENSKA BISTRICA,PODRAVSKA
ŠENTOŽBOLT,LUKOVICA,OSREDNJESLOVENSKA
ŠENTPAVEL,LJUBLJANA,OSREDNJESLOVENSKA
ŠENTPAVEL NA DOLENJSKEM,IVANČNA GORICA,OSREDNJESLOVENSKA
ŠENTPAVEL PRI DOMŽALAH,DOMŽALE,OSREDNJESLOVENSKA
ŠENTRUPERT,BRASLOVČE,SAVINJSKA
ŠENTRUPERT,LAŠKO,SAVINJSKA
ŠENTRUPERT,ŠENTRUPERT,JUGOVZHODNA SLOVENIJA
ŠENTURŠKA GORA,CERKLJE NA GORENJSKEM,GORENJSKA
ŠENTVID PRI GROBELNEM,ŠMARJE PRI JELŠAH,SAVINJSKA
ŠENTVID PRI LUKOVICI,LUKOVICA,OSREDNJESLOVENSKA
ŠENTVID PRI PLANINI,ŠENTJUR,SAVINJSKA
ŠENTVID PRI STIČNI,IVANČNA GORICA,OSREDNJESLOVENSKA
ŠENTVID PRI ZAVODNJU,ŠOŠTANJ,SAVINJSKA
ŠENTVIŠKA GORA,TOLMIN,GORIŠKA
ŠENČUR,ŠENČUR,GORENJSKA
ŠEPULJE,SEŽANA,OBALNO-KRAŠKA
ŠEROVO,ŠMARJE PRI JELŠAH,SAVINJSKA
ŠESTDOBE,RAČE - FRAM,PODRAVSKA
ŠETAROVA,LENART,PODRAVSKA
ŠEVLJE,ŠKOFJA LOKA,GORENJSKA
ŠEVNICA,MIRNA,JUGOVZHODNA SLOVENIJA
ŠEŠČE PRI PREBOLDU,PREBOLD,SAVINJSKA
ŠIBELJI,KOMEN,OBALNO-KRAŠKA
ŠIBENIK,ŠENTJUR,SAVINJSKA
ŠIKOLE,KIDRIČEVO,PODRAVSKA
ŠILENTABOR,PIVKA,PRIMORSKO-NOTRANJSKA
ŠINKOV TURN,VODICE,OSREDNJESLOVENSKA
ŠIPEK,ČRNOMELJ,JUGOVZHODNA SLOVENIJA
ŠIRJE,LAŠKO,SAVINJSKA
ŠIRMANSKI HRIB,LITIJA,ZASAVSKA
ŠIROKA SET,LITIJA,ZASAVSKA
ŠKALCE,SLOVENSKE KONJICE,SAVINJSKA
ŠKALE,VELENJE,SAVINJSKA
ŠKALSKE CIRKOVCE,VELENJE,SAVINJSKA
ŠKAMEVEC,VELIKE LAŠČE,OSREDNJESLOVENSKA
ŠKARNICE,DOBJE,SAVINJSKA
ŠKEDENJ,SLOVENSKE KONJICE,SAVINJSKA
ŠKEMLJEVEC,METLIKA,JUGOVZHODNA SLOVENIJA
ŠKLENDROVEC,ZAGORJE OB SAVI,ZASAVSKA
ŠKOCJAN,DIVAČA,OBALNO-KRAŠKA
ŠKOCJAN,DOMŽALE,OSREDNJESLOVENSKA
ŠKOCJAN,GROSUPLJE,OSREDNJESLOVENSKA
ŠKOCJAN,ŠKOCJAN,JUGOVZHODNA SLOVENIJA
ŠKOCJAN/SAN CANZIANO,KOPER/CAPODISTRIA,OBALNO-KRAŠKA
ŠKOFCE,LAŠKO,SAVINJSKA
ŠKOFI,KOMEN,OBALNO-KRAŠKA
ŠKOFIJA,ŠMARJE PRI JELŠAH,SAVINJSKA
ŠKOFJA LOKA,ŠKOFJA LOKA,GORENJSKA
ŠKOFJA RIŽA,TRBOVLJE,ZASAVSKA
ŠKOFJA VAS,CELJE,SAVINJSKA
ŠKOFLJE,DIVAČA,OBALNO-KRAŠKA
ŠKOFLJE,IVANČNA GORICA,OSREDNJESLOVENSKA
ŠKOFLJICA,ŠKOFLJICA,OSREDNJESLOVENSKA
ŠKOVEC,SEVNICA,POSAVSKA
ŠKOVEC,TREBNJE,JUGOVZHODNA SLOVENIJA
ŠKRABČE,BLOKE,PRIMORSKO-NOTRANJSKA
ŠKRAJNEK,RIBNICA,JUGOVZHODNA SLOVENIJA
ŠKRBINA,KOMEN,OBALNO-KRAŠKA
ŠKRILJ,KOČEVJE,JUGOVZHODNA SLOVENIJA
ŠKRILJE,IG,OSREDNJESLOVENSKA
ŠKRILJE,METLIKA,JUGOVZHODNA SLOVENIJA
ŠKRJANČE,IVANČNA GORICA,OSREDNJESLOVENSKA
ŠKRJANČE,MIRNA,JUGOVZHODNA SLOVENIJA
ŠKRJANČE PRI NOVEM MESTU,NOVO MESTO,JUGOVZHODNA SLOVENIJA
ŠKRJANČEVO,DOMŽALE,OSREDNJESLOVENSKA
ŠKRLJEVO,ŠENTRUPERT,JUGOVZHODNA SLOVENIJA
ŠKRLOVICA,VELIKE LAŠČE,OSREDNJESLOVENSKA
ŠKUFČE,BLOKE,PRIMORSKO-NOTRANJSKA
ŠLOVRENC,BRDA,GORIŠKA
ŠMALČJA VAS,ŠENTJERNEJ,JUGOVZHODNA SLOVENIJA
ŠMARATA,LOŠKA DOLINA,PRIMORSKO-NOTRANJSKA
ŠMARCA,KAMNIK,OSREDNJESLOVENSKA
ŠMARJE,AJDOVŠČINA,GORIŠKA
ŠMARJE,KOPER/CAPODISTRIA,OBALNO-KRAŠKA
ŠMARJE,ŠENTJERNEJ,JUGOVZHODNA SLOVENIJA
ŠMARJE - SAP,GROSUPLJE,OSREDNJESLOVENSKA
ŠMARJE PRI JELŠAH,ŠMARJE PRI JELŠAH,SAVINJSKA
ŠMARJE PRI SEŽANI,SEŽANA,OBALNO-KRAŠKA
ŠMARJETA,ŠMARJEŠKE TOPLICE,JUGOVZHODNA SLOVENIJA
ŠMARJETA PRI CELJU,CELJE,SAVINJSKA
ŠMARJEŠKE TOPLICE,ŠMARJEŠKE TOPLICE,JUGOVZHODNA SLOVENIJA
ŠMARTINSKE CIRKOVCE,VELENJE,SAVINJSKA
ŠMARTNO,BRDA,GORIŠKA
ŠMARTNO,CERKLJE NA GORENJSKEM,GORENJSKA
ŠMARTNO NA POHORJU,SLOVENSKA BISTRICA,PODRAVSKA
ŠMARTNO OB DRETI,NAZARJE,SAVINJSKA
ŠMARTNO OB PAKI,ŠMARTNO OB PAKI,SAVINJSKA
ŠMARTNO PRI LITIJI,ŠMARTNO PRI LITIJI,OSREDNJESLOVENSKA
ŠMARTNO PRI SLOVENJ GRADCU,SLOVENJ GRADEC,KOROŠKA
ŠMARTNO V ROŽNI DOLINI,CELJE,SAVINJSKA
ŠMARTNO V TUHINJU,KAMNIK,OSREDNJESLOVENSKA
ŠMARČNA,SEVNICA,POSAVSKA
ŠMATEVŽ,BRASLOVČE,SAVINJSKA
ŠMAVER,NOVA GORICA,GORIŠKA
ŠMAVER,TREBNJE,JUGOVZHODNA SLOVENIJA
ŠMIHEL,LAŠKO,SAVINJSKA
ŠMIHEL,NOVA GORICA,GORIŠKA
ŠMIHEL,PIVKA,PRIMORSKO-NOTRANJSKA
ŠMIHEL NAD MOZIRJEM,MOZIRJE,SAVINJSKA
ŠMIHEL POD NANOSOM,POSTOJNA,PRIMORSKO-NOTRANJSKA
ŠMIHEL PRI ŽUŽEMBERKU,ŽUŽEMBERK,JUGOVZHODNA SLOVENIJA
ŠMIKLAVŽ,SLOVENJ GRADEC,KOROŠKA
ŠMIKLAVŽ PRI ŠKOFJI VASI,CELJE,SAVINJSKA
ŠMOHOR,LAŠKO,SAVINJSKA
ŠOBER,MARIBOR,PODRAVSKA
ŠOMAT,ŠENTILJ,PODRAVSKA
ŠOŠTANJ,ŠOŠTANJ,SAVINJSKA
ŠPEHARJI,ČRNOMELJ,JUGOVZHODNA SLOVENIJA
ŠPITAL,ZAGORJE OB SAVI,ZASAVSKA
ŠPITALIČ,KAMNIK,OSREDNJESLOVENSKA
ŠPITALIČ PRI SLOV. KONJICAH,SLOVENSKE KONJICE,SAVINJSKA
ŠPIČNIK,KUNGOTA,PODRAVSKA
ŠPRINC,RAZKRIŽJE,POMURSKA
ŠRATOVCI,RADENCI,POMURSKA
ŠT. JANŽ PRI RADLJAH,RADLJE OB DRAVI,KOROŠKA
ŠT. JURIJ,GROSUPLJE,OSREDNJESLOVENSKA
ŠTAJER,KOSTEL,JUGOVZHODNA SLOVENIJA
ŠTAJERSKA VAS,SLOVENSKE KONJICE,SAVINJSKA
ŠTAJNGROB,SEVNICA,POSAVSKA
ŠTAJNGROVA,BENEDIKT,PODRAVSKA
ŠTALCERJI,KOČEVJE,JUGOVZHODNA SLOVENIJA
ŠTANGARSKE POLJANE,ŠMARTNO PRI LITIJI,OSREDNJESLOVENSKA
ŠTANJEL,KOMEN,OBALNO-KRAŠKA
ŠTATENBERG,MAKOLE,PODRAVSKA
ŠTATENBERK,MOKRONOG - TREBELNO,JUGOVZHODNA SLOVENIJA
ŠTEFAN PRI TREBNJEM,TREBNJE,JUGOVZHODNA SLOVENIJA
ŠTEFANJA GORA,CERKLJE NA GORENJSKEM,GORENJSKA
ŠTJAK,SEŽANA,OBALNO-KRAŠKA
ŠTORE,ŠTORE,SAVINJSKA
ŠTORJE,SEŽANA,OBALNO-KRAŠKA
ŠTOROVO,BLOKE,PRIMORSKO-NOTRANJSKA
ŠTRAVBERK,NOVO MESTO,JUGOVZHODNA SLOVENIJA
ŠTREKLJEVEC,SEMIČ,JUGOVZHODNA SLOVENIJA
ŠTRIHOVEC,ŠENTILJ,PODRAVSKA
ŠTRIT,ŠKOCJAN,JUGOVZHODNA SLOVENIJA
ŠTRUKLJEVA VAS,CERKNICA,PRIMORSKO-NOTRANJSKA
ŠTURMOVCI,VIDEM,PODRAVSKA
ŠUJICA,DOBROVA - POLHOV GRADEC,OSREDNJESLOVENSKA
ŠULINCI,GORNJI PETROVCI,POMURSKA
ŠUMNIK,LITIJA,ZASAVSKA
ŠUTNA,KRANJ,GORENJSKA
ŠUTNA,KRŠKO,POSAVSKA
ŠČIT,ŠMARTNO PRI LITIJI,OSREDNJESLOVENSKA
ŠČURKI,VELIKE LAŠČE,OSREDNJESLOVENSKA
ŠČURKOVO,CERKNICA,PRIMORSKO-NOTRANJSKA
ŽABJA VAS,GORENJA VAS - POLJANE,GORENJSKA
ŽABJEK,TREBNJE,JUGOVZHODNA SLOVENIJA
ŽABJEK V PODBOČJU,KRŠKO,POSAVSKA
ŽABLJE,KRANJ,GORENJSKA
ŽABLJEK,SLOVENSKA BISTRICA,PODRAVSKA
ŽABNICA,BREZOVICA,OSREDNJESLOVENSKA
ŽABNICA,KRANJ,GORENJSKA
ŽABČE,TOLMIN,GORIŠKA
ŽADOVINEK,KRŠKO,POSAVSKA
ŽAGA,BOVEC,GORIŠKA
ŽAGA,KAMNIK,OSREDNJESLOVENSKA
ŽAGA,VELIKE LAŠČE,OSREDNJESLOVENSKA
ŽAGOLIČ,AJDOVŠČINA,GORIŠKA
ŽAHENBERC,ROGATEC,SAVINJSKA
ŽALEC,ŽALEC,SAVINJSKA
ŽALNA,GROSUPLJE,OSREDNJESLOVENSKA
ŽALOVIČE,ŠMARJEŠKE TOPLICE,JUGOVZHODNA SLOVENIJA
ŽAMENCI,DORNAVA,PODRAVSKA
ŽAPUŽE,AJDOVŠČINA,GORIŠKA
ŽAŽAR,HORJUL,OSREDNJESLOVENSKA
ŽDINJA VAS,NOVO MESTO,JUGOVZHODNA SLOVENIJA
ŽEBNIK,RADEČE,POSAVSKA
ŽEGAR,ŠENTJUR,SAVINJSKA
ŽEJE,DOMŽALE,OSREDNJESLOVENSKA
ŽEJE,NAKLO,GORENJSKA
ŽEJE,POSTOJNA,PRIMORSKO-NOTRANJSKA
ŽEJE PRI KOMENDI,KOMENDA,OSREDNJESLOVENSKA
ŽEJNO,BREŽICE,POSAVSKA
ŽELEBEJ,METLIKA,JUGOVZHODNA SLOVENIJA
ŽELEZNE DVERI,LJUTOMER,POMURSKA
ŽELEZNICA,GROSUPLJE,OSREDNJESLOVENSKA
ŽELEZNIKI,METLIKA,JUGOVZHODNA SLOVENIJA
ŽELEZNIKI,ŽELEZNIKI,GORENJSKA
ŽELEZNO,TREBNJE,JUGOVZHODNA SLOVENIJA
ŽELEZNO,ŽALEC,SAVINJSKA
ŽELIMLJE,ŠKOFLJICA,OSREDNJESLOVENSKA
ŽELJNE,KOČEVJE,JUGOVZHODNA SLOVENIJA
ŽELODNIK,DOMŽALE,OSREDNJESLOVENSKA
ŽELČE,VOJNIK,SAVINJSKA
ŽENAVLJE,GORNJI PETROVCI,POMURSKA
ŽENIK,SVETI JURIJ OB ŠČAVNICI,POMURSKA
ŽENJE,KRŠKO,POSAVSKA
ŽEPINA,CELJE,SAVINJSKA
ŽEPOVCI,APAČE,POMURSKA
ŽERJAV,ČRNA NA KOROŠKEM,KOROŠKA
ŽERJAVIN,ŠENTJERNEJ,JUGOVZHODNA SLOVENIJA
ŽERJAVKA,ŠENČUR,GORENJSKA
ŽEROVINCI,ORMOŽ,PODRAVSKA
ŽEROVNICA,CERKNICA,PRIMORSKO-NOTRANJSKA
ŽETALE,ŽETALE,PODRAVSKA
ŽIBERCI,APAČE,POMURSKA
ŽIBRŠE,LOGATEC,OSREDNJESLOVENSKA
ŽICE,SVETA ANA,PODRAVSKA
ŽIGANJA VAS,TRŽIČ,GORENJSKA
ŽIGON,LAŠKO,SAVINJSKA
ŽIGRSKI VRH,SEVNICA,POSAVSKA
ŽIHLAVA,SVETI JURIJ OB ŠČAVNICI,POMURSKA
ŽIHOVO SELO,NOVO MESTO,JUGOVZHODNA SLOVENIJA
ŽIKARCE,DUPLEK,PODRAVSKA
ŽIMARICE,SODRAŽICA,JUGOVZHODNA SLOVENIJA
ŽIRI,ŽIRI,GORENJSKA
ŽIRJE,SEŽANA,OBALNO-KRAŠKA
ŽIROVNICA,IDRIJA,GORIŠKA
ŽIROVNICA,SEVNICA,POSAVSKA
ŽIROVNICA,ŽIROVNICA,GORENJSKA
ŽIROVSKI VRH,ŽIRI,GORENJSKA
ŽIROVSKI VRH SV. ANTONA,GORENJA VAS - POLJANE,GORENJSKA
ŽIROVSKI VRH SV. URBANA,GORENJA VAS - POLJANE,GORENJSKA
ŽIROVŠE,LUKOVICA,OSREDNJESLOVENSKA
ŽITENCE,SVETI JURIJ V SLOV. GORICAH,PODRAVSKA
ŽITKOVCI/ZSITKOC,DOBROVNIK/DOBRONAK,POMURSKA
ŽIČE,DOMŽALE,OSREDNJESLOVENSKA
ŽIČE,SLOVENSKE KONJICE,SAVINJSKA
ŽIŽKI,ČRENŠOVCI,POMURSKA
ŽLABOR,NAZARJE,SAVINJSKA
ŽLAN,BOHINJ,GORENJSKA
ŽLEBE,MEDVODE,OSREDNJESLOVENSKA
ŽLEBIČ,RIBNICA,JUGOVZHODNA SLOVENIJA
ŽRNOVA,RADENCI,POMURSKA
ŽUBEJEVO,KAMNIK,OSREDNJESLOVENSKA
ŽUBINA,TREBNJE,JUGOVZHODNA SLOVENIJA
ŽUKOVO,RIBNICA,JUGOVZHODNA SLOVENIJA
ŽUNIČI,ČRNOMELJ,JUGOVZHODNA SLOVENIJA
ŽUPA,TRBOVLJE,ZASAVSKA
ŽUPANJE NJIVE,KAMNIK,OSREDNJESLOVENSKA
ŽUPANČIČI,KOPER/CAPODISTRIA,OBALNO-KRAŠKA
ŽUPELEVEC,BREŽICE,POSAVSKA
ŽUPENO,CERKNICA,PRIMORSKO-NOTRANJSKA
ŽUPETINCI,CERKVENJAK,PODRAVSKA
ŽUPEČA VAS,BREŽICE,POSAVSKA
ŽUPEČJA VAS,KIDRIČEVO,PODRAVSKA
ŽURGE,OSILNICA,JUGOVZHODNA SLOVENIJA
ŽURKOV DOL,SEVNICA,POSAVSKA
ŽUŽEMBERK,ŽUŽEMBERK,JUGOVZHODNA SLOVENIJA
ŽVAB,ORMOŽ,PODRAVSKA
ŽVABOVO,ŠENTJERNEJ,JUGOVZHODNA SLOVENIJA
ŽVARULJE,ZAGORJE OB SAVI,ZASAVSKA
ŽVIRČE,ŽUŽEMBERK,JUGOVZHODNA SLOVENIJA
